hits_count,hits_count_pro,ratio_hits_prom,orf_len,insertion_index,NI,NI_ratio,HFI,orf,label,predictions
0.005780346820809247,0.0,0.0,0.04720065386187168,0.00269179004037685,0.0637181596131798,0.12280701754385966,1.0,YKL152C,ess,ess
0.13872832369942195,0.08108108108108109,1.5,0.0615038823048631,0.050367261280167885,0.9292852634717323,0.946089460894609,0.12067156348373555,YOL002C,non_ess,non_ess
0.02890173410404624,0.13513513513513514,2.5,0.02022885165508786,0.02881844380403458,0.7558044695775108,1.619496855345912,0.2881844380403458,YOR327C,non_ess,non_ess
0.0722543352601156,0.027027027027027032,0.3333333333333333,0.16489579076420108,0.010117361392148928,0.35828106029947393,0.8409926470588236,0.5920679886685553,YHR172W,ess,ess
0.0953757225433526,0.13513513513513514,1.0,0.023906824683285657,0.08229426433915213,3.2162534839372166,1.6461176470588237,0.11221945137157108,YDR157W,non_ess,non_ess
0.04624277456647399,0.10810810810810813,0.5714285714285714,0.037188393951777685,0.026845637583892617,0.5346418216103327,1.372809667673716,0.203020134228188,YPL051W,non_ess,non_ess
0.10982658959537572,0.0,1.0,0.08071107478545159,0.030769230769230767,0.5441062534587714,0.5690794303332843,0.10445344129554657,YGR210C,non_ess,non_ess
0.023121387283236997,0.054054054054054064,0.6666666666666666,0.01675521046178995,0.027027027027027032,0.5866704400735815,0.981301421091997,0.34121621621621623,YNR034W-A,non_ess,non_ess
0.03468208092485549,0.0,1.0,0.11728647323252965,0.0067720090293453715,0.21761797269697947,1.180952380952381,0.38826185101580135,YMR227C,ess,ess
0.20231213872832368,0.08108108108108109,0.75,0.12525541479362487,0.0370566437268396,1.0460852545640866,1.567278287461774,0.08099523557437797,YMR106C,non_ess,non_ess
0.0953757225433526,0.0,1.0,0.05006129955046997,0.04203821656050955,1.593027153871941,1.4654605263157894,0.22038216560509555,YNL195C,non_ess,non_ess
0.02890173410404624,0.0,0.0,0.10012259910093993,0.006578947368421052,0.2767586032388664,0.7988165680473371,0.2276315789473685,YDR168W,ess,ess
0.0028901734104046237,0.0,0.0,0.08827135267674703,0.0007429420505200594,0.01946428286120564,0.12567204301075266,1.0,YBR243C,ess,ess
0.13583815028901733,0.16216216216216214,1.2,0.10277891295463834,0.030147530468248883,0.8209775497113534,1.427625,0.16869788325849905,YOR374W,non_ess,non_ess
0.04335260115606936,0.0,1.0,0.2932161830813241,0.003444316877152698,0.14495135657743669,0.6842105263157894,0.2934557979334099,YGR116W,ess,ess
0.06936416184971098,0.2972972972972973,1.0,0.0443400081732734,0.03423680456490728,0.9520944105822852,1.2192513368983957,0.1754636233951498,YLL060C,non_ess,non_ess
0.07803468208092486,0.13513513513513514,1.25,0.019411524315488357,0.08059701492537312,1.6560167910447765,1.1702008928571432,0.5313432835820896,YPR039W,non_ess,non_ess
0.049132947976878616,0.054054054054054064,1.0,0.03902738046587659,0.027287319422150885,1.2983019346118103,1.6616541353383458,0.1508828250401284,YFL046W,non_ess,non_ess
0.0,0.027027027027027032,2.0,0.05925623212096445,0.0,0.0,0.0,1.0,YDL045C,ess,ess
0.11271676300578035,0.08108108108108109,1.0,0.07274213322435638,0.034883720930232565,0.7345326897762177,1.5919811320754715,0.1833631484794276,YDR517W,non_ess,non_ess
0.04335260115606936,0.0,0.0,0.2370249284838578,0.00424929178470255,0.1727743957567356,0.4559270516717326,0.3407932011331445,YOL078W,ess,ess
0.017341040462427744,0.0,0.0,0.041070698814875364,0.009188361408882085,0.2443313738082301,1.038709677419355,0.3476263399693721,YLR051C,ess,ess
0.0838150289017341,0.16216216216216214,2.0,0.020433183489987745,0.08285714285714285,1.184964749536178,0.9925133689839574,0.7657142857142857,YDR008C,non_ess,non_ess
0.0,0.0,0.0,0.061912545974662864,0.0,0.0,0.0,1.0,YDR353W,ess,ess
0.02023121387283237,0.0,1.0,0.0923579893747446,0.004978662873399714,0.1377430061640588,0.3261363636363636,0.9089615931721194,YKL021C,ess,ess
0.011560693641618495,0.10810810810810813,1.3333333333333333,0.06375153248876175,0.004056795131845843,0.08452678755273614,0.3618910487161027,0.9807302231237324,YDR044W,ess,ess
0.02023121387283237,0.0,1.0,0.07580711074785453,0.0060189165950128975,0.2287600560666203,0.4427880741337629,0.2820292347377472,YHR068W,ess,ess
0.08670520231213873,0.13513513513513514,0.8333333333333334,0.0579621304999319,0.03329633740288568,0.7096492113140282,1.2280701754385963,0.15205327413984462,YGR001C,non_ess,non_ess
0.01445086705202312,0.027027027027027032,0.25,0.1040049039640376,0.003170577045022195,0.0747319173601623,0.2577319587628866,0.4438807863031072,YGL122C,ess,ess
0.02023121387283237,0.027027027027027032,0.25,0.21924805884756848,0.002141327623126339,0.0603938915812014,0.3119019138755981,0.6301621290914653,YMR308C,ess,ess
0.0,0.054054054054054064,0.2857142857142857,0.02165917449938701,0.0,0.0,1.0,1.0,YJL173C,ess,ess
0.0028901734104046237,0.0,1.0,0.08561503882304862,0.0007651109410864575,0.022522953328232592,0.08522727272727272,0.6595256312165264,YOR110W,ess,ess
0.026011560693641616,0.027027027027027032,0.1,0.16162648140580305,0.003714403631861329,0.3532783765965772,0.3981331168831169,0.5113495666529096,YMR049C,ess,ess
0.05780346820809248,0.08108108108108109,6.0,0.027584797711483453,0.04395604395604396,3.3169129720853863,0.6719717064544651,0.2263736263736264,YFL063W,non_ess,non_ess
0.20231213872832368,0.0,0.0,0.09297098487944422,0.04946996466431095,1.3592645759717314,1.5312500000000002,0.1215547703180212,YGR019W,non_ess,non_ess
0.011560693641618495,0.0,0.0,0.06579485083776053,0.003937007874015748,0.10470102128323068,0.22178217821782176,0.4616141732283465,YKL193C,ess,ess
0.0028901734104046237,0.0,1.0,0.030854107069881488,0.0019880715705765406,0.08864760157006676,0.17729520314013353,0.9463220675944334,YDL235C,ess,ess
0.04046242774566474,0.08108108108108109,1.5,0.01920719248058848,0.04216867469879519,2.1750779341140785,0.679195804195804,0.3975903614457832,YDR102C,non_ess,non_ess
0.005780346820809247,0.0,0.0,0.041683694319574985,0.0030211480362537764,0.11075835936299863,0.1963276836158192,0.8746223564954683,YPR113W,ess,ess
0.09248554913294796,0.054054054054054064,1.0,0.0596648957907642,0.034557235421166316,0.5141077552064628,0.6057056079835124,0.21922246220302372,YDL127W,non_ess,non_ess
0.026011560693641616,0.0,0.0,0.02022885165508786,0.025936599423631124,1.4859258762817504,0.691860465116279,0.34870317002881845,YCL023C,non_ess,non_ess
0.008670520231213872,0.0,0.0,0.16060482223130365,0.001245847176079734,0.03188209843158464,0.11029900332225913,0.5087209302325582,YPL190C,ess,ess
0.0028901734104046237,0.0,1.0,0.06375153248876175,0.0010141987829614604,0.023664638269100743,0.05368589743589744,1.0,YGL091C,ess,ess
0.03468208092485549,0.0,0.0,0.052104617899468735,0.014723926380368096,0.3213780084945729,0.5008741258741259,0.3766871165644172,YGR280C,ess,ess
0.03468208092485549,0.08108108108108109,1.0,0.023906824683285657,0.02992518703241895,0.9256857855361597,1.0333333333333334,0.31421446384039897,YBR277C,non_ess,non_ess
0.005780346820809247,0.0,0.0,0.08745402533714754,0.0014992503748125937,0.04668746707727217,0.7135135135135134,1.0,YMR268C,ess,ess
0.17630057803468208,0.0,0.0,0.11176951369023294,0.03607332939089297,0.9876851728209008,0.9898338220918866,0.11176818450620933,YGR087C,non_ess,non_ess
0.05780346820809248,0.027027027027027032,0.25,0.3436861463015938,0.0039246467817896395,0.15183229468943754,0.791919191919192,0.32653061224489793,YDR141C,ess,ess
0.02890173410404624,0.10810810810810813,8.0,0.011442582754393136,0.045871559633027525,0.9644994016753092,4.217391304347826,1.0,YGR270C-A,non_ess,non_ess
0.060693641618497114,0.10810810810810813,4.0,0.0425010216591745,0.031157270029673587,0.9191394658753708,0.8618421052631579,0.38427299703264095,YKL087C,non_ess,non_ess
0.1329479768786127,0.027027027027027032,2.0,0.0659991826726604,0.045142296368989206,0.8652273470722932,0.7407407407407408,0.06869479882237488,YJR129C,non_ess,non_ess
0.026011560693641616,0.0,0.0,0.3571720474049857,0.0017000377786173025,0.06522673683936271,0.2799188640973631,0.5517567057045712,YKL014C,ess,ess
0.2890173410404624,0.054054054054054064,2.0,0.10155292194523907,0.06489292667099286,1.0978682327185056,0.9177748642067802,0.06099935107073329,YIL001W,non_ess,non_ess
0.1213872832369942,0.027027027027027032,1.0,0.035962402942378416,0.0726643598615917,1.1792982847788072,1.1472005932517613,0.726643598615917,YGL165C,non_ess,non_ess
0.0,0.0,0.0,0.06048222313036373,0.0,0.0,0.0,1.0,YLR340W,ess,ess
0.08092485549132948,0.21621621621621626,8.0,0.0069472823865958325,0.18421052631578946,4.1828814460393415,1.3333333333333333,1.0,YOL019W-A,non_ess,non_ess
0.01445086705202312,0.0,0.0,0.03923171230077646,0.007987220447284345,0.4663930116876289,0.5126582278481012,0.3610223642172524,YER104W,ess,ess
0.0,0.027027027027027032,0.2,0.036711619670344635,0.0,0.0,0.0,1.0,YOR122C,ess,ess
0.0722543352601156,0.0,1.0,0.01736820596648958,0.08196721311475409,3.2157641993707564,0.9785353535353531,0.3737704918032787,YLR366W,non_ess,non_ess
0.023121387283236997,0.0,0.0,0.17756436452799348,0.003010914565299209,0.07832559695563082,0.4259259259259259,0.32781332329695145,YDR303C,ess,ess
0.02023121387283237,0.054054054054054064,0.4,0.04658765835717205,0.009536784741144414,0.27869085954917017,0.6443181818181818,0.36239782016348776,YKL154W,ess,ess
0.05202312138728323,0.027027027027027032,2.0,0.038618716796076834,0.029173419773095625,1.1481361426256078,2.8380952380952382,0.19611021069692056,YIL089W,non_ess,non_ess
0.005780346820809247,0.08108108108108109,1.5,0.09726195341234163,0.0013531799729364006,0.05314306802804774,0.3022727272727273,0.506765899864682,YDR240C,ess,ess
0.16184971098265896,0.027027027027027032,2.0,0.0958316305680425,0.038435140700068635,1.0603127123476646,1.1695013305565198,0.12971859986273165,YFR053C,non_ess,non_ess
0.011560693641618495,0.027027027027027032,0.25,0.05264950279253508,0.004860267314702308,0.08699088205948888,0.21571815718157186,0.6452004860267315,YLR078C,ess,ess
0.12427745664739885,0.10810810810810813,4.0,0.016142214957090315,0.14982578397212545,2.716936465331844,1.0210880737196528,0.16376306620209058,YFR034W-A,non_ess,non_ess
0.14161849710982655,0.35135135135135137,1.625,0.01185124642419289,0.21875,3.361781984334204,1.8550913838120109,0.21428571428571427,YMR194C-A,non_ess,non_ess
0.0028901734104046237,0.0,0.0,0.03759705762157745,0.0016611295681063125,0.03891580195237608,0.1328928046989721,0.6661129568106312,YKL196C,ess,ess
0.0028901734104046237,0.0,0.0,0.038618716796076834,0.0016207455429497568,0.04685105968417603,0.09914129586260734,1.0,YER094C,ess,ess
0.02890173410404624,0.054054054054054064,1.0,0.02227217000408664,0.026525198938992044,0.4447074884006256,0.6747324336900885,0.206896551724138,YAL042C-A,non_ess,non_ess
0.02890173410404624,0.32432432432432434,1.0909090909090908,0.017572537801389457,0.032467532467532464,0.8733075435203095,0.946808510638298,0.2435064935064935,YMR326C,non_ess,non_ess
0.0,0.0,1.0,0.03698406211687781,0.0,0.0,0.0,1.0,YDL166C,ess,ess
0.0,0.0,0.0,0.07805476093175318,0.0,0.0,0.0,1.0,YPL028W,ess,ess
0.023121387283236997,0.0,0.0,0.052717613404168376,0.009708737864077669,0.4106063381571716,0.42105263157894735,0.2402912621359224,YPL094C,ess,ess
0.05780346820809248,0.16216216216216214,3.0,0.03780138945647732,0.033057851239669415,0.9134092770456408,1.021021021021021,0.5586776859504132,YBR278W,non_ess,non_ess
0.09248554913294796,0.054054054054054064,0.2857142857142857,0.021046178994687373,0.08913649025069638,3.1012641954146134,1.6941176470588235,0.7047353760445683,YGL072C,non_ess,non_ess
0.03757225433526011,0.0,1.0,0.01838986514098897,0.040625,1.648359375,1.7410714285714288,0.43125,YPR087W,non_ess,non_ess
0.04335260115606936,0.027027027027027032,0.2,0.2748263179403351,0.0036719706242350062,0.1341332589802602,0.2523441809156095,0.2252141982864137,YML049C,ess,ess
0.02890173410404624,0.0,1.0,0.011033919084593379,0.04716981132075472,1.2204941975211179,0.7740585774058577,0.5518867924528302,YOL085W-A,non_ess,non_ess
0.005780346820809247,0.0,1.0,0.0380057212913772,0.003289473684210526,0.09361481614996396,0.1481942714819427,0.9753289473684208,YGL047W,ess,ess
0.017341040462427744,0.2432432432432433,0.9,0.006129955046996323,0.042857142857142864,0.8774131274131275,0.8851351351351352,0.3142857142857143,YNL067W-B,non_ess,non_ess
0.023121387283236997,0.0,0.0,0.01736820596648958,0.026229508196721308,0.7833666533386645,0.9322493224932248,0.7639344262295082,YDR377W,non_ess,non_ess
0.031791907514450865,0.2972972972972973,0.8461538461538461,0.020433183489987745,0.03142857142857143,0.5569791240278347,0.6934097421203438,0.98,YAL056C-A,non_ess,non_ess
0.04046242774566474,0.08108108108108109,1.5,0.02308949734368615,0.03598971722365039,0.7574041775845395,0.4657432599554786,0.2313624678663239,YLR297W,non_ess,non_ess
0.05202312138728323,0.5945945945945946,2.75,0.038618716796076834,0.029173419773095625,0.7778485968714147,1.0744382022471908,0.4862236628849271,YDR231C,non_ess,non_ess
0.05491329479768786,0.054054054054054064,1.0,0.02308949734368615,0.048843187660668384,1.4969877744853706,1.5747001090512542,0.2519280205655527,YLR374C,non_ess,non_ess
0.03468208092485549,0.08108108108108109,0.42857142857142855,0.021863506334286884,0.03234501347708895,0.7776810917503236,1.0204724409448818,0.2371967654986523,YGL226W,non_ess,non_ess
0.2745664739884393,0.10810810810810813,0.6666666666666666,0.04781364936657132,0.12632978723404256,2.451674609034164,1.5571843879507643,0.535904255319149,YKR041W,non_ess,non_ess
0.0028901734104046237,0.0,0.0,0.10441356763383736,0.0006317119393556537,0.016434980786882727,0.16795580110497235,0.9886291850915984,YER025W,ess,ess
0.005780346820809247,0.0,0.0,0.0995096035962403,0.0013236267372600929,0.04434149569821312,0.9571428571428572,0.9272005294506948,YLL036C,ess,ess
0.2052023121387283,0.054054054054054064,2.0,0.08827135267674703,0.05274888558692422,0.9619034232704368,1.00141832794894,0.1173848439821694,YKR003W,non_ess,non_ess
0.03468208092485549,0.027027027027027032,2.0,0.18042501021659174,0.0044460911448684715,0.1148361827131742,0.3717569786535304,0.2300852167469433,YLR336C,ess,ess
0.008670520231213872,0.0,0.0,0.1411932979158153,0.001413094677343382,0.0323913515677053,0.17357512953367876,0.8714083843617523,YGR145W,ess,ess
0.005780346820809247,0.0,1.0,0.07294646505925624,0.001784121320249777,0.03593852037440939,0.18713450292397665,0.8947368421052632,YDR113C,ess,ess
0.04624277456647399,0.0,0.0,0.19574989783408256,0.005471956224350204,0.2490913934074666,0.4658180103724658,0.3956908344733242,YAR019C,ess,ess
0.02023121387283237,0.0,1.0,0.0976706170821414,0.0047169811320754715,0.12929582210242588,0.3970588235294118,0.6495956873315364,YDR082W,ess,ess
0.04335260115606936,0.8918918918918919,3.0,0.002860645688598284,0.16304347826086954,3.2147251845775227,0.8436139332365749,1.0,YEL008C-A,non_ess,non_ess
0.04624277456647399,0.0,0.0,0.1546791990192072,0.006893580353295993,0.205613247073112,0.3521098324247931,0.18138733304610088,YBR142W,ess,ess
0.05202312138728323,0.0,1.0,0.01982018798528811,0.05278592375366569,1.4392516425999482,1.3860759493670889,0.3431085043988269,YLL030C,non_ess,non_ess
0.0,0.0,0.0,0.1303637106661218,0.0,0.0,0.0,1.0,YJR045C,ess,ess
0.06936416184971098,0.21621621621621626,2.6666666666666665,0.05782590927666531,0.02669632925472748,0.5200222469410456,1.121527777777778,1.0,YGL162W,non_ess,non_ess
0.0,0.0,0.0,0.03780138945647732,0.0,0.0,0.0,1.0,YDR002W,ess,ess
0.2745664739884393,0.054054054054054064,4.0,0.14977523498161013,0.04224099599822143,1.2857843361327776,1.0978151048244504,0.17874610938194754,YLL029W,non_ess,non_ess
0.02890173410404624,0.027027027027027032,0.3333333333333333,0.07866775643645281,0.008298755186721992,0.13829935079116126,0.18181818181818185,0.4107883817427386,YKL004W,ess,ess
0.05491329479768786,0.32432432432432434,1.7142857142857142,0.04270535349407438,0.028064992614475627,0.4554777295998052,0.7166752005461683,0.3855243722304284,YGL166W,non_ess,non_ess
0.049132947976878616,0.027027027027027032,0.25,0.03228442991418063,0.03244274809160305,0.6566712014712921,1.620049504950495,0.2251908396946565,YGL010W,non_ess,non_ess
0.0,0.0,0.0,0.12362076011442585,0.0,0.0,0.0,1.0,YAR007C,ess,ess
0.026011560693641616,0.027027027027027032,0.25,0.009194932570494484,0.04864864864864865,1.5561249561249564,3.389610389610389,0.3567567567567568,YAL016C-B,non_ess,non_ess
0.0,0.0,1.0,0.16571311810380054,0.0,0.0,0.0,1.0,YJL087C,ess,ess
0.06647398843930635,0.13513513513513514,1.6666666666666667,0.04331834899877402,0.033527696793002916,0.8763809175175515,1.048579970104634,0.15014577259475215,YBR035C,non_ess,non_ess
0.05780346820809248,0.10810810810810813,1.3333333333333333,0.04597466285247242,0.027586206896551724,0.8681541582150102,1.4022578728461084,0.12413793103448276,YNL010W,non_ess,non_ess
0.011560693641618495,0.027027027027027032,2.0,0.004903964037597058,0.032786885245901634,1.0042547866349645,1.4885496183206108,0.4836065573770492,YCR024C-A,non_ess,non_ess
0.01445086705202312,0.2432432432432433,3.0,0.0067429505516959564,0.03355704697986577,1.1502609992542878,0.9259259259259259,0.6912751677852349,YLR406C-A,non_ess,non_ess
0.0028901734104046237,0.0,0.0,0.029628116060482226,0.002061855670103093,0.05945017182130585,0.2073170731707317,0.865979381443299,YJL011C,ess,ess
0.011560693641618495,0.054054054054054064,0.5,0.05803024111156519,0.004434589800443459,0.07231792597646255,0.39835164835164827,0.6130820399113082,YIL061C,ess,ess
0.0838150289017341,0.027027027027027032,1.0,0.06538618716796077,0.028712871287128718,0.5397543898036212,1.2461632903621855,0.1297029702970297,YMR316W,non_ess,non_ess
0.04046242774566474,0.0,0.0,0.11442582754393135,0.008092485549132947,0.12640865931180245,0.33669100982120365,0.292485549132948,YIR010W,ess,ess
0.03757225433526011,0.027027027027027032,2.0,0.017572537801389457,0.04220779220779222,2.8120941558441555,2.0505952380952377,0.2694805194805195,YBL096C,non_ess,non_ess
0.0722543352601156,0.054054054054054064,2.0,0.03923171230077646,0.039936102236421724,0.5390986072769006,1.0,0.1805111821086262,YML001W,non_ess,non_ess
0.12427745664739885,0.0,0.0,0.021046178994687373,0.11977715877437325,2.982330266452829,1.5744949494949494,0.0947075208913649,YJL152W,non_ess,non_ess
0.049132947976878616,0.054054054054054064,2.0,0.012055578259092769,0.07488986784140969,1.907989587505006,1.9318181818181817,0.2775330396475771,YLR437C-A,non_ess,non_ess
0.04046242774566474,0.32432432432432434,2.4,0.02145484266448713,0.03835616438356165,0.886027397260274,1.6592592592592597,0.2493150684931507,YPL013C,non_ess,non_ess
0.04046242774566474,0.13513513513513514,1.6666666666666667,0.01736820596648958,0.045901639344262286,1.2956184798807748,1.5954545454545452,0.2426229508196721,YFR052C-A,non_ess,non_ess
0.08959537572254335,0.08108108108108109,0.42857142857142855,0.07212913771965672,0.027953110910730387,0.6505020556005563,1.0026836158192092,0.13525698827772767,YGR052W,non_ess,non_ess
0.017341040462427744,0.027027027027027032,0.3333333333333333,0.05006129955046997,0.007643312101910828,0.19302396117682746,0.4421768707482993,0.3821656050955414,YOR157C,ess,ess
0.05491329479768786,0.10810810810810813,1.0,0.0190028606456886,0.05775075987841945,1.1191060712337308,0.6910535117056856,0.30395136778115506,YDR525W,non_ess,non_ess
0.0,0.0,0.0,0.012464241928892523,0.0,0.0,0.0,1.0,YFL017W-A,ess,ess
0.0,0.027027027027027032,0.25,0.04965263588067021,0.0,0.0,0.0,1.0,YLR323C,ess,ess
0.023121387283236997,0.13513513513513514,2.5,0.017572537801389457,0.025974025974025976,0.9134720700985762,1.0602409638554218,0.2792207792207792,YAL031W-A,non_ess,non_ess
0.023121387283236997,0.0,0.0,0.14875357580711074,0.003581020590868397,0.07644443129101712,0.5212968849332485,0.3943598925693823,YJR042W,ess,ess
0.026011560693641616,0.0,0.0,0.09440130772374336,0.006267409470752089,0.10993811561324413,0.7097938144329897,0.2959610027855153,YJL054W,ess,ess
0.023121387283236997,0.054054054054054064,0.5,0.21659174499387007,0.002476780185758514,0.04454606106492553,0.3802727156875239,0.4176470588235294,YOR098C,ess,ess
0.0722543352601156,0.0,0.0,0.005925623212096446,0.18248175182481752,12.162408759124089,2.645833333333334,0.17518248175182485,YDL240C-A,non_ess,non_ess
0.04335260115606936,0.35135135135135137,3.25,0.02227217000408664,0.03978779840848806,0.9360248167962952,1.0381355932203389,0.21750663129973474,YER092W,non_ess,non_ess
0.1445086705202312,0.21621621621621626,2.6666666666666665,0.12505108295872494,0.02651113467656416,0.8051778371388557,1.503164556962025,0.1102863202545069,YEL065W,non_ess,non_ess
0.23410404624277456,0.054054054054054064,0.6666666666666666,0.08398038414384963,0.06313328137178488,1.5368231445738028,1.3246517262265292,0.0701480904130943,YGR244C,non_ess,non_ess
0.0028901734104046237,0.027027027027027032,0.16666666666666666,0.0551695954229669,0.0011627906976744186,0.0197093023255814,0.07258771929824563,0.9616279069767442,YOR281C,ess,ess
0.07514450867052022,0.16216216216216214,1.2,0.017572537801389457,0.08441558441558443,1.909302080033788,1.1681643132220796,0.18831168831168832,YOL118C,non_ess,non_ess
0.0838150289017341,0.2972972972972973,3.6666666666666665,0.06375153248876175,0.029411764705882363,0.5966976264189886,1.013119755911518,0.21196754563894524,YGR015C,non_ess,non_ess
0.026011560693641616,0.054054054054054064,0.6666666666666666,0.01982018798528811,0.026392961876832845,0.5455784560736855,0.5525460455037919,0.2521994134897361,YEL039C,non_ess,non_ess
0.03757225433526011,0.13513513513513514,1.0,0.02472415202288517,0.031476997578692496,0.7782615456383145,0.8890742285237699,0.2421307506053269,YPR050C,non_ess,non_ess
0.02023121387283237,0.0,1.0,0.10155292194523907,0.004542504866969501,0.17566384592938433,0.4416107382550337,0.2472420506164828,YMR093W,ess,ess
0.049132947976878616,0.054054054054054064,2.0,0.022885165508786276,0.04404145077720207,1.2581071777962969,0.8990384615384615,0.3160621761658031,YER084W,non_ess,non_ess
0.16473988439306358,0.08108108108108109,3.0,0.027176134041683696,0.12694877505567928,5.916828507795099,1.336186046511628,1.0,YGR107W,non_ess,non_ess
0.05780346820809248,0.027027027027027032,2.0,0.02165917449938701,0.05434782608695652,1.70636189258312,1.1689291101055803,0.31521739130434784,YFR056C,non_ess,non_ess
0.0953757225433526,0.054054054054054064,0.3333333333333333,0.017163874131589704,0.10927152317880796,2.937544032689869,1.2427659574468084,0.26158940397350994,YJL150W,non_ess,non_ess
0.02890173410404624,0.13513513513513514,0.625,0.020433183489987745,0.028571428571428567,0.5139941690962099,0.3602350030921459,0.7885714285714286,YJR120W,non_ess,non_ess
0.008670520231213872,0.0,1.0,0.0036779730281977937,0.02884615384615385,2.4343339587242028,4.8686679174484055,0.7788461538461539,YER138W-A,non_ess,non_ess
0.0,0.0,0.0,0.12791172864732325,0.0,0.0,0.0,1.0,YDR311W,ess,ess
0.026011560693641616,0.0,1.0,0.044135676338373515,0.012893982808022923,0.395278593980983,0.3882455124493341,0.4040114613180516,YOR077W,ess,ess
0.011560693641618495,0.2972972972972973,1.8333333333333333,0.004903964037597058,0.032786885245901634,1.2863056797483028,0.5367965367965367,0.918032786885246,YLR364C-A,non_ess,non_ess
0.0953757225433526,0.2972972972972973,1.2222222222222223,0.06824683285655905,0.03136882129277566,0.7945706510200536,1.3022760766333714,1.0,YKL150W,non_ess,non_ess
0.031791907514450865,0.0,1.0,0.1755210461789947,0.004187285877426722,0.11907594213932242,0.6668750000000001,0.4035020936429387,YNL221C,ess,ess
0.005780346820809247,0.027027027027027032,0.125,0.025745811197384557,0.004672897196261682,0.2382964195792259,0.11219830397912592,1.0,YER159C,ess,ess
0.07514450867052022,0.10810810810810813,1.3333333333333333,0.025132815692684926,0.06205250596658711,1.8161624511673176,0.9346611610395918,0.19809069212410504,YPR064W,non_ess,non_ess
0.0,0.0,0.0,0.07539844707805476,0.0,0.0,0.0,1.0,YGR046W,ess,ess
0.02890173410404624,0.0,0.0,0.19493257049448307,0.003434065934065934,0.10693580316742082,0.5614973262032086,0.2891483516483517,YNL118C,ess,ess
0.12716763005780346,0.054054054054054064,2.0,0.09460563955864323,0.030576789437109106,0.526944812304142,0.6018867924528303,0.16122307157748436,YNR001C,non_ess,non_ess
0.04046242774566474,0.10810810810810813,0.5714285714285714,0.010420923579893748,0.06896551724137931,1.5563839701770736,3.4054054054054057,0.18719211822660092,YPR036W-A,non_ess,non_ess
0.008670520231213872,0.0,0.0,0.1510012259910094,0.0013233348037053375,0.04654520759219709,0.08633093525179858,0.8817820908689898,YDL164C,ess,ess
0.03757225433526011,0.027027027027027032,0.3333333333333333,0.027993461381283204,0.028199566160520606,0.9831801122473574,1.2323633156966491,0.29067245119305857,YNL281W,non_ess,non_ess
0.15895953757225434,0.13513513513513514,0.625,0.031262770739681235,0.10805500982318272,1.8565815324165031,1.1317073170731708,0.2180746561886051,YJR115W,non_ess,non_ess
0.10404624277456646,0.4594594594594595,2.4285714285714284,0.061095218635063335,0.03801478352692714,0.4379869471684069,0.6814274550664235,0.1573389651531151,YHL026C,non_ess,non_ess
0.011560693641618495,0.0,0.0,0.09542296689824276,0.002756719503790489,0.07022943667908975,0.6019417475728156,0.7615437629221227,YBR247C,ess,ess
0.03468208092485549,0.16216216216216214,1.0,0.00939926440539436,0.06382978723404255,1.6678836711569933,0.6612426035502957,0.6010638297872339,YNL277W-A,non_ess,non_ess
0.02023121387283237,0.0,0.0,0.09562729873314264,0.004814305364511692,0.1602971114167813,0.35890909090909096,0.2916093535075653,YOR119C,ess,ess
0.0,0.0,0.0,0.030854107069881488,0.0,0.0,0.0,1.0,YIR022W,ess,ess
0.12716763005780346,0.13513513513513514,1.6666666666666667,0.11156518185533308,0.026066350710900472,0.755514751495,1.7382198952879582,0.13329383886255924,YKR072C,non_ess,non_ess
0.031791907514450865,0.2432432432432433,0.9,0.012872905598692277,0.04602510460251046,1.4034743922461737,2.9588607594936716,1.0,YMR175W,non_ess,non_ess
0.03757225433526011,0.054054054054054064,0.2857142857142857,0.019615856150388238,0.038461538461538464,1.0004690431519698,1.333148558758315,0.5207100591715976,YLR390W,non_ess,non_ess
0.011560693641618495,0.0,0.0,0.05353494074376789,0.004784688995215311,0.10775951737050136,0.3345410628019323,0.7727272727272727,YKL095W,ess,ess
0.05202312138728323,0.027027027027027032,0.3333333333333333,0.09726195341234163,0.012178619756427604,0.40564678345463184,0.8513513513513513,0.17929634641407308,YPR169W,ess,ess
0.049132947976878616,0.0,0.0,0.1873722926031876,0.006069260978222063,0.25663009479556875,0.347705914870094,0.35772938236344165,YPR019W,ess,ess
0.01445086705202312,0.0,1.0,0.09297098487944422,0.00353356890459364,0.1003037629409212,0.5236576289207867,0.4784452296819788,YPL235W,ess,ess
0.03757225433526011,0.21621621621621626,1.3333333333333333,0.0063342868818962,0.09090909090909093,1.7897196261682242,2.5210280373831773,0.1958041958041958,YBR126W-B,non_ess,non_ess
0.01445086705202312,0.0,0.0,0.13669799754801798,0.002430724355858045,0.0886087956650106,0.12836970474967907,0.3767622751579971,YDR172W,ess,ess
0.023121387283236997,0.027027027027027032,0.3333333333333333,0.1031875766244381,0.005111821086261981,0.09846277369820852,0.3708038189097629,0.4568690095846645,YCL004W,ess,ess
0.02890173410404624,0.0,1.0,0.015937883122190438,0.035211267605633804,0.5818332454620773,1.111535523300229,0.3028169014084507,YIL058W,non_ess,non_ess
0.02023121387283237,0.027027027027027032,0.3333333333333333,0.05557825909276666,0.008083140877598153,0.38770207852194005,0.96875,0.4122401847575058,YPL117C,ess,ess
0.0028901734104046237,0.0,0.0,0.09215365753984472,0.0007127583749109052,0.021000653974179044,0.057004244996967865,0.9636493228795441,YPL083C,ess,ess
0.07514450867052022,0.1891891891891892,0.5833333333333334,0.010216591744993873,0.13,3.984552845528456,2.7095343680709534,0.14,YBR230W-A,non_ess,non_ess
0.011560693641618495,0.0,0.0,0.12525541479362487,0.002117522498676549,0.2859278173948245,0.19281045751633988,0.8729486500794071,YML046W,ess,ess
0.01445086705202312,0.0,0.0,0.02881078872088272,0.010570824524312895,0.3551968923494732,1.4532520325203249,0.8245243128964059,YMR236W,ess,ess
0.017341040462427744,0.21621621621621626,2.6666666666666665,0.004086636697997548,0.054545454545454536,0.9710743801652892,1.4000000000000004,0.4636363636363636,YGL006W-A,non_ess,non_ess
0.017341040462427744,0.0,0.0,0.10931753167143443,0.003625377643504532,0.09468742737624912,0.4355029585798816,0.6229607250755287,YFR028C,ess,ess
0.18208092485549127,0.16216216216216214,6.0,0.030854107069881488,0.12524850894632206,2.430690306112849,1.5489886806457596,0.1550695825049702,YKR040C,non_ess,non_ess
0.008670520231213872,0.0,0.0,0.09562729873314264,0.0020632737276478678,0.07580867018680391,0.30414746543778803,0.6856946354883081,YOL144W,ess,ess
0.0028901734104046237,0.027027027027027032,0.25,0.06947282386595832,0.0009345794392523364,0.030934579439252336,0.3313725490196079,1.0,YJL031C,ess,ess
0.05491329479768786,0.08108108108108109,0.75,0.031262770739681235,0.03732809430255403,0.6199096366164704,1.3748568811541106,0.2357563850687623,YDR073W,non_ess,non_ess
0.049132947976878616,0.32432432432432434,1.5,0.010625255414793628,0.0825242718446602,1.6261909082660375,1.8838451268357808,1.0,YBR126W-A,non_ess,non_ess
0.026011560693641616,0.0,0.0,0.0715161422149571,0.008181818181818179,0.2469518716577541,0.5326797385620915,0.25181818181818183,YHR040W,ess,ess
0.0722543352601156,0.13513513513513514,1.25,0.0335104209235799,0.04612546125461255,0.7751608064709076,1.8136476989344816,0.22140221402214025,YJL161W,non_ess,non_ess
0.1936416184971098,0.10810810810810813,1.3333333333333333,0.1275030649775235,0.03485952133194588,0.9801773899043844,0.9949336128581412,0.07023933402705515,YKL148C,non_ess,non_ess
0.09248554913294796,0.054054054054054064,1.0,0.02063751532488762,0.0906515580736544,2.4206713022577047,1.4480808080808083,0.13031161473087818,YIL163C,non_ess,non_ess
0.05491329479768786,0.0,0.0,0.3022067838169187,0.0042344550924894135,0.16352891403791742,0.41446955430006266,0.29150880320927125,YPL242C,ess,ess
0.15895953757225434,0.16216216216216214,3.0,0.10563955864323664,0.034353529044347283,0.982306850297772,1.0891089108910894,0.12492192379762647,YDR488C,non_ess,non_ess
0.01445086705202312,0.0,0.0,0.11013485901103393,0.002999400119976005,0.08088523140442334,0.3655264922870557,0.3353329334133173,YNL182C,ess,ess
0.06936416184971098,0.16216216216216214,1.0,0.05169595422966899,0.029666254635352288,0.6772044586893029,1.101769911504425,0.1891223733003708,YJR144W,non_ess,non_ess
0.0,0.0,0.0,0.027993461381283204,0.0,0.0,0.0,1.0,YMR260C,ess,ess
0.005780346820809247,0.0,0.0,0.0670208418471598,0.0019342359767891683,0.06663814908495759,0.20192307692307693,0.8239845261121856,YKR081C,ess,ess
0.049132947976878616,0.35135135135135137,1.0,0.026358806702084188,0.03890160183066362,0.6472110380519267,0.5021097046413501,0.2265446224256293,YER035W,non_ess,non_ess
0.01445086705202312,0.027027027027027032,2.0,0.13731099305271766,0.002420135527589545,0.06382876525054869,0.27226463104325704,0.5251694094869312,YGR099W,ess,ess
0.017341040462427744,0.1891891891891892,1.0,0.010012259910093994,0.030456852791878174,1.0217782872113967,2.838709677419355,0.4416243654822335,YBR162W-A,non_ess,non_ess
0.031791907514450865,0.0,0.0,0.05108295872496935,0.01375,0.3721034482758621,0.7532019704433496,0.32,YFR050C,ess,ess
0.0028901734104046237,0.027027027027027032,1.0,0.05394360441356764,0.0011876484560570072,0.028468632108425318,0.1292892156862745,0.9239904988123516,YPL076W,ess,ess
0.07803468208092486,0.054054054054054064,0.4,0.015324887617490809,0.09818181818181818,2.597454545454545,1.3105263157894729,0.19636363636363635,YDR250C,non_ess,non_ess
0.049132947976878616,0.13513513513513514,1.6666666666666667,0.019411524315488357,0.05074626865671642,3.5509486465975213,1.0638852672750978,0.3880597014925373,YGR164W,non_ess,non_ess
0.023121387283236997,0.027027027027027032,0.16666666666666666,0.0570085819370658,0.009019165727170236,0.1965954512843925,0.6461307287753568,0.4926719278466742,YKR037C,ess,ess
0.05491329479768786,0.027027027027027032,1.0,0.03677973028197794,0.03220338983050846,0.8609670987038883,1.6426024955436718,0.1847457627118644,YDR066C,non_ess,non_ess
0.10404624277456646,0.0,0.0,0.05292194523906825,0.04353083434099154,0.9064353654704892,1.3618623758986648,0.13301088270858524,YDR384C,non_ess,non_ess
0.05780346820809248,0.08108108108108109,0.42857142857142855,0.044135676338373515,0.02865329512893983,0.7046029591648654,1.1076711386308908,1.0,YBR261C,non_ess,non_ess
0.04335260115606936,0.0,0.0,0.19288925214548427,0.005204718945176961,0.10918080878178034,0.2781100478468899,0.3764746703678001,YGL238W,ess,ess
0.0028901734104046237,0.054054054054054064,2.0,0.0905190028606457,0.0007251631617113853,0.02558989234116138,0.04258241758241759,0.5511240029006527,YOR056C,ess,ess
0.02890173410404624,0.0,0.0,0.2480588475684512,0.002708559046587216,0.05434143321467265,0.33714285714285713,0.4176598049837487,YJL074C,ess,ess
0.0953757225433526,0.0,0.0,0.07355946056395588,0.02920353982300885,0.7492643138927391,1.3811033608116678,0.12123893805309735,YGL255W,non_ess,non_ess
0.17341040462427745,0.10810810810810813,2.0,0.13179403351042093,0.030226700251889168,0.4331291367836338,0.9785202863961812,1.0,YNR008W,non_ess,non_ess
0.1445086705202312,0.3783783783783784,1.2727272727272727,0.02063751532488762,0.141643059490085,3.237384164786095,1.4689265536723166,0.11331444759206802,YML101C,non_ess,non_ess
0.07514450867052022,0.054054054054054064,4.0,0.021046178994687373,0.07242339832869081,1.6212045191093272,1.0794377247466491,0.1532033426183844,YCL042W,non_ess,non_ess
0.03757225433526011,0.0,0.0,0.4387004495300368,0.0020027730704051767,0.04994867777998452,0.1748063683304647,0.4632568171314127,YER172C,ess,ess
0.05780346820809248,0.1891891891891892,3.5,0.11994278708622805,0.011043622308117064,0.3060599170645619,0.8306595365418895,0.38597459966869135,YGR191W,ess,ess
0.005780346820809247,0.0,0.0,0.04086636697997549,0.003076923076923077,0.07137942226549822,0.19409282700421945,0.5923076923076923,YPL233W,ess,ess
0.008670520231213872,0.0,0.0,0.09521863506334287,0.002071823204419889,0.04983352237386118,0.14257888585897935,0.8501381215469613,YHR024C,ess,ess
0.03757225433526011,0.0,0.0,0.2319166326113609,0.0037626628075253256,0.14381024798253575,0.3672316384180791,0.2865412445730825,YBL105C,ess,ess
0.0028901734104046237,0.054054054054054064,0.5,0.03902738046587659,0.0016051364365971107,0.06851554604363594,0.225925925925926,0.8314606741573034,YDL217C,ess,ess
0.19942196531791906,0.2702702702702703,2.5,0.09072333469554557,0.049927641099855286,0.9699388293667686,1.0514285714285716,0.0824891461649783,YCR005C,non_ess,non_ess
0.017341040462427744,0.0,0.0,0.063342868818962,0.0061224489795918356,0.11313816261328813,0.4140575079872204,0.4551020408163266,YOR340C,ess,ess
0.05202312138728323,0.21621621621621626,0.8,0.006538618716796079,0.1232876712328767,2.5225624496373893,1.425339366515837,0.226027397260274,YOR161C-C,non_ess,non_ess
0.017341040462427744,0.0,0.0,0.07703310175725378,0.005080440304826418,0.11740488773394844,0.19517241379310346,0.7349703640982218,YOR176W,ess,ess
0.07514450867052022,0.054054054054054064,1.0,0.06477319166326115,0.025974025974025976,1.1935381691479254,1.0376940133037695,0.2437562437562437,YGR043C,non_ess,non_ess
0.04046242774566474,0.027027027027027032,0.25,0.022067838169186758,0.0374331550802139,1.108235294117647,2.3333333333333326,0.427807486631016,YKL053W,non_ess,non_ess
0.01445086705202312,0.0,0.0,0.11749080506742952,0.0028169014084507052,0.07812206572769954,0.30357142857142866,0.4653521126760564,YNL308C,ess,ess
0.04046242774566474,0.40540540540540543,2.142857142857143,0.01920719248058848,0.04216867469879519,1.3952425084955205,1.619373219373219,1.0,YLR111W,non_ess,non_ess
0.0028901734104046237,0.054054054054054064,1.0,0.051287290559869234,0.0012453300124533,0.033944310776336306,0.10150044130626654,0.6400996264009963,YEL019C,ess,ess
0.04624277456647399,0.0,1.0,0.026767470371883945,0.03611738148984198,0.7906406480961601,1.04906937394247,0.24379232505643345,YKL066W,non_ess,non_ess
0.0,0.0,0.0,0.04229668982427463,0.0,0.0,0.0,1.0,YGR095C,ess,ess
0.05202312138728323,0.054054054054054064,4.0,0.041683694319574985,0.027190332326283987,0.4764266198047689,0.8314243027888446,0.19637462235649547,YBR066C,non_ess,non_ess
0.011560693641618495,0.054054054054054064,0.4,0.006129955046996323,0.028571428571428567,1.0457627118644068,4.474576271186441,1.0,YIL105W-A,non_ess,non_ess
0.06936416184971098,0.13513513513513514,1.0,0.020841847159787496,0.06741573033707865,1.7386460202058351,1.184873949579832,0.20786516853932585,YGR050C,non_ess,non_ess
0.005780346820809247,0.0,0.0,0.05006129955046997,0.0025477707006369425,0.07738084248746115,0.251207729468599,0.4535031847133758,YER126C,ess,ess
0.02890173410404624,0.027027027027027032,1.0,0.022885165508786276,0.02590673575129533,1.1812005083585884,0.9669811320754716,0.3290155440414508,YBR016W,non_ess,non_ess
0.04335260115606936,0.0,1.0,0.11994278708622805,0.008282716731087797,0.1927457205963556,0.5400815217391304,0.2252898950855881,YOR370C,ess,ess
0.031791907514450865,0.5405405405405406,2.5,0.017981201471189208,0.03503184713375796,1.1391062032677928,1.5458074534161492,0.29936305732484075,YMR244C-A,non_ess,non_ess
0.05780346820809248,0.054054054054054064,0.2857142857142857,0.16223947691050267,0.008223684210526315,0.4382476076555024,1.4354066985645932,0.21546052631578946,YDL148C,ess,ess
0.12427745664739885,0.0,0.0,0.08745402533714754,0.03223388305847077,0.5785133748915017,0.9116769656935862,1.0,YLR080W,non_ess,non_ess
0.0,0.0,0.0,0.03780138945647732,0.0,0.0,0.0,1.0,YLR145W,ess,ess
0.0028901734104046237,0.0,0.0,0.02881078872088272,0.0021141649048625802,0.04854579738300669,0.06254826254826255,1.0,YEL034W,ess,ess
0.01445086705202312,0.0,0.0,0.10277891295463834,0.003207184092366902,0.060656258368259476,0.2978817299205649,0.300192431045542,YMR013C,ess,ess
0.04046242774566474,0.0,0.0,0.1440539436044136,0.006466512702078522,0.20528088730674746,0.3872611464968152,0.27528868360277137,YIL091C,ess,ess
0.19942196531791906,0.08108108108108109,3.0,0.07029015120555783,0.06377079482439926,1.4713184667068981,1.24586852735953,0.08595194085027727,YMR318C,non_ess,non_ess
0.011560693641618495,0.0,0.0,0.08765835717204741,0.0029917726252804786,0.16766221657564984,0.2767123287671233,0.4098728496634256,YOR250C,ess,ess
0.008670520231213872,0.0,0.0,0.08561503882304862,0.002295332823259373,0.06947721705361562,0.19495798319327728,0.7765876052027544,YHR118C,ess,ess
0.011560693641618495,0.0,0.0,0.02778912954638333,0.008733624454148471,0.28761658310421045,0.5608465608465608,0.4039301310043668,YLR167W,ess,ess
0.02890173410404624,0.3783783783783784,3.5,0.0190028606456886,0.030395136778115506,1.1683463979096678,0.8187134502923976,0.2188449848024316,YER097W,non_ess,non_ess
0.0,0.0,0.0,0.09113199836534533,0.0,0.0,0.0,1.0,YDR023W,ess,ess
0.02023121387283237,0.0,1.0,0.10257458111973848,0.0044987146529562975,0.1368161728228025,1.2997076023391814,0.5996143958868895,YHR170W,ess,ess
0.023121387283236997,0.0,0.0,0.05557825909276666,0.009237875288683604,0.2565835361222623,0.7221476510067113,0.4549653579676674,YGR147C,ess,ess
0.005780346820809247,0.0,0.0,0.0361667347772783,0.0034423407917383822,0.09204063641324882,0.1524390243902439,0.9156626506024096,YKR068C,ess,ess
0.06936416184971098,0.1891891891891892,2.333333333333333,0.2756436452799346,0.005857944837686112,0.15179346112252332,0.5435148792813026,0.1906272882597022,YOR336W,ess,ess
0.0028901734104046237,0.0,0.0,0.02145484266448713,0.0027397260273972607,0.0846374119650182,0.8813559322033899,1.0,YOL133W,ess,ess
0.0028901734104046237,0.0,0.0,0.19554556599918269,0.00034234851078397807,0.011984660816365737,0.04172661870503597,0.9852790140362888,YDR238C,ess,ess
0.017341040462427744,0.0,0.0,0.08377605230894974,0.0046875,0.0991311659192825,0.290299740382346,0.4140625,YLR321C,ess,ess
0.03468208092485549,0.13513513513513514,2.5,0.0126685737637924,0.05084745762711865,0.7125107727664465,1.3728813559322035,0.2923728813559322,YPR145C-A,non_ess,non_ess
0.07514450867052022,0.13513513513513514,2.5,0.046383326522272166,0.03556771545827633,1.3115362302232472,1.0663176265270506,0.16689466484268126,YHR049W,non_ess,non_ess
0.08092485549132948,0.0,1.0,0.06845116469145894,0.026540284360189573,1.2225653569790549,2.7397849462365595,0.15639810426540285,YDL107W,non_ess,non_ess
0.005780346820809247,0.0,0.0,0.03555373927257867,0.0034965034965034965,0.11755186961798532,0.3022432113341205,0.715034965034965,YDR373W,ess,ess
0.049132947976878616,0.0,0.0,0.043931344503473635,0.02446043165467626,0.531597036910531,0.8183316848005276,0.660431654676259,YLR298C,ess,non_ess
0.011560693641618495,0.0,1.0,0.1058438904781365,0.002493765586034913,0.1322809048806555,0.2406015037593985,0.6514962593516209,YDR434W,ess,ess
0.08092485549132948,0.2432432432432433,1.8,0.03780138945647732,0.04628099173553719,1.2092950899368011,1.4823529411764704,0.1256198347107438,YLR179C,non_ess,non_ess
0.05202312138728323,0.13513513513513514,0.5,0.02022885165508786,0.05187319884726225,1.092821196610607,0.8059701492537314,1.0,YGL177W,non_ess,non_ess
0.04624277456647399,0.1891891891891892,3.5,0.02234028061571993,0.042328042328042326,0.750004707300081,0.8042704626334519,0.1931216931216931,YJR112W-A,non_ess,non_ess
0.17052023121387286,0.13513513513513514,5.0,0.032897425418880265,0.11069418386491556,3.1872545340838023,1.5617647058823532,0.28893058161350843,YMR135W-A,non_ess,non_ess
0.13005780346820808,0.10810810810810813,2.0,0.09215365753984472,0.03207412687099073,0.6771073056418376,0.9321536397182152,0.12687099073414113,YOR229W,non_ess,non_ess
0.02023121387283237,0.027027027027027032,2.0,0.013077237433592155,0.028925619834710745,0.6659553066550674,0.7434210526315788,0.6942148760330579,YMR324C,non_ess,non_ess
0.011560693641618495,0.0,0.0,0.15529219452390686,0.0017167381974248926,0.06176824034334764,0.3150000000000001,0.3163090128755365,YDR324C,ess,ess
0.01445086705202312,0.0,0.0,0.06429641738182809,0.005030181086519115,0.12940802711002858,0.3827751196172249,0.6720321931589537,YBL050W,ess,ess
0.011560693641618495,0.0,0.0,0.07498978340825503,0.0034752389226759338,0.08606326979097459,0.6274509803921567,0.8140747176368376,YDR498C,ess,ess
0.02890173410404624,0.08108108108108109,0.5,0.016142214957090315,0.03484320557491289,0.9420778539582628,0.534804753820034,0.2578397212543554,YGR236C,non_ess,non_ess
0.011560693641618495,0.08108108108108109,0.2307692307692308,0.06395586432366163,0.004044489383215368,0.1359092024099413,0.21095960895292,0.5733063700707786,YHR083W,ess,ess
0.10693641618497107,0.1891891891891892,0.5384615384615384,0.036575398447078064,0.06303236797274275,1.0955702627692063,1.8090868060779297,0.17546848381601365,YDL125C,non_ess,non_ess
0.11271676300578035,0.1891891891891892,0.875,0.09174499387004496,0.02791696492483894,0.4242448103078024,0.7799999999999999,0.11667859699355762,YHL021C,non_ess,non_ess
0.0028901734104046237,0.0,0.0,0.0696771557008582,0.0009319664492078283,0.024464119291705496,0.20988805970149246,1.0,YER127W,ess,ess
0.17630057803468208,0.21621621621621626,1.1428571428571428,0.022067838169186758,0.16310160427807488,4.808988070752777,1.092027972027972,0.10160427807486633,YMR122C,non_ess,non_ess
0.005780346820809247,0.0,0.0,0.04147936248467512,0.0030349013657056147,0.0990382201067674,0.25323741007194245,0.8345978755690441,YDR302W,ess,ess
0.008670520231213872,0.0,0.0,0.2061708214139763,0.0009749756256093598,0.032020985189655966,0.08940092165898618,0.8836529086772831,YDR060W,ess,ess
0.023121387283236997,0.08108108108108109,0.6,0.011646914589293013,0.03619909502262444,0.8222953517071165,1.4000000000000004,0.3755656108597285,YNR032C-A,non_ess,non_ess
0.05780346820809248,0.16216216216216214,1.5,0.007764609726195342,0.12195121951219512,3.149023113267782,1.1368735976065818,0.21341463414634146,YER078W-A,non_ess,non_ess
0.02023121387283237,0.0,1.0,0.13710666121781775,0.003393116820164809,0.0816548977479661,0.2588108108108109,0.3528841492971401,YER022W,ess,ess
0.0028901734104046237,0.0,0.0,0.053739272578667764,0.0011918951132300355,0.03175964417570278,0.0975609756097561,0.7163289630512515,YBR257W,ess,ess
0.05780346820809248,0.0,1.0,0.19513690232938294,0.00686106346483705,0.3090043442714929,0.8051761322789359,0.4706689536878216,YDR166C,ess,ess
0.10115606936416184,0.2972972972972973,1.0,0.05598692276256642,0.040137614678899085,1.3820223128327105,1.1272141706924317,0.1926605504587156,YGR021W,non_ess,non_ess
0.0,0.0,1.0,0.0253371475275848,0.0,0.0,0.0,1.0,YDR308C,ess,ess
0.005780346820809247,0.0,0.0,0.08888434818144668,0.0014760147601476016,0.0997646010942868,0.11663286004056796,0.6140221402214022,YER136W,ess,ess
0.011560693641618495,0.027027027027027032,0.14285714285714285,0.04842664487127095,0.005256241787122208,0.3820883452946528,0.456043956043956,0.3298291721419185,YPL124W,ess,ess
0.017341040462427744,0.0,0.0,0.09337964854924398,0.00422237860661506,0.1132711705371804,0.4131944444444444,0.4152005629838142,YLR212C,ess,ess
0.031791907514450865,0.0,1.0,0.1309767061708214,0.005575266092245312,0.16512966542094204,0.38796680497925307,0.22503801317790167,YPR161C,ess,ess
0.017341040462427744,0.0,0.0,0.038823048630976714,0.00967741935483871,0.3140198511166253,0.3326923076923077,0.4838709677419355,YFL038C,ess,ess
0.049132947976878616,0.054054054054054064,2.0,0.03575807110747855,0.02956521739130435,1.2848015122873344,1.379710144927536,0.2591304347826087,YLR011W,non_ess,non_ess
0.05780346820809248,0.027027027027027032,2.0,0.011646914589293013,0.09049773755656107,3.2388886539518755,2.747663551401869,0.20361990950226244,YBR298C-A,non_ess,non_ess
0.17341040462427745,0.13513513513513514,1.0,0.11483449121373113,0.034562211981566816,0.7523619735601302,0.814430501930502,0.07603686635944701,YJR103W,non_ess,non_ess
0.060693641618497114,0.4594594594594595,1.0625,0.02840212505108296,0.044967880085653104,1.3883832976445396,1.893181818181818,0.9892933618843684,YLR281C,non_ess,non_ess
0.1213872832369942,0.10810810810810813,0.5,0.030241111565181864,0.08502024291497975,3.6342780026990553,1.0101010101010102,0.5384615384615384,YFL015C,non_ess,non_ess
0.08670520231213873,0.5675675675675675,2.333333333333333,0.040049039640375976,0.047021943573667714,0.68329303982695,1.1944066809089144,0.2382445141065831,YNR014W,non_ess,non_ess
0.023121387283236997,0.054054054054054064,0.25,0.007560277891295466,0.049689440993788817,2.2662065792500568,1.5407407407407403,0.3975155279503105,YHR086W-A,non_ess,non_ess
0.0028901734104046237,0.0,0.0,0.06763383735185942,0.0009587727708533076,0.02691305129434324,0.04464285714285714,0.7622243528283796,YLR100W,ess,ess
0.04046242774566474,0.10810810810810813,1.0,0.015937883122190438,0.04929577464788732,1.6114618746964544,3.2413793103448274,0.19718309859154928,YBL029C-A,non_ess,non_ess
0.09248554913294796,0.16216216216216214,6.0,0.046996322026971814,0.04324324324324325,1.5944001555512348,0.9906256812731632,0.1581081081081081,YNL024C,non_ess,non_ess
0.0028901734104046237,0.0,0.0,0.15406620351450756,0.00043252595155709344,0.016938923312142917,0.050489596083231336,0.5358996539792388,YJL033W,ess,ess
0.05780346820809248,0.027027027027027032,0.3333333333333333,0.025950143032284437,0.046403712296983764,1.1772903493621345,0.8377706780262691,0.25754060324825984,YER068C-A,non_ess,non_ess
0.026011560693641616,0.027027027027027032,1.0,0.21454842664487128,0.0028125,0.0759375,0.2198515769944341,0.2915625,YNL267W,ess,ess
0.02023121387283237,0.0,0.0,0.0678381691867593,0.006692160611854685,0.1963257972462696,0.9045226130653268,0.6328871892925431,YKR071C,ess,ess
0.05780346820809248,0.32432432432432434,2.4,0.0380057212913772,0.03289473684210526,0.5521072926532269,1.1182519280205656,0.2680921052631579,YKL001C,non_ess,non_ess
0.0838150289017341,0.027027027027027032,0.25,0.061095218635063335,0.03062302006335797,1.1047312049924176,1.0045649838882922,0.25131995776135163,YPL157W,non_ess,non_ess
0.02890173410404624,0.16216216216216214,1.2,0.017981201471189208,0.03184713375796178,1.100300972912438,1.3064713064713065,1.0,YBR174C,non_ess,non_ess
0.02023121387283237,0.054054054054054064,0.6666666666666666,0.014303228442991419,0.026923076923076925,0.6515703231679564,1.111439842209073,0.3615384615384615,YNL211C,non_ess,non_ess
0.031791907514450865,0.1891891891891892,2.333333333333333,0.017776869636289334,0.03536977491961415,2.4646867779411528,0.7692629815745392,0.21543408360128616,YGR039W,non_ess,non_ess
0.03468208092485549,0.027027027027027032,1.0,0.08541070698814876,0.009202453987730062,0.2682472335301875,0.5660881174899867,0.3174846625766871,YDL097C,ess,ess
0.12716763005780346,0.5945945945945946,2.2,0.03003677973028198,0.08961303462321793,3.1326018877428115,0.9360619724823679,1.0,YGR031C-A,non_ess,non_ess
0.011560693641618495,0.054054054054054064,0.6666666666666666,0.1185124642419289,0.00223463687150838,0.05859453102028815,0.2418988648090815,0.6731843575418994,YGR246C,ess,ess
0.05780346820809248,0.08108108108108109,3.0,0.04290968532897426,0.029411764705882363,0.940119760479042,2.2395209580838324,0.2323529411764706,YDR296W,non_ess,non_ess
0.0,0.0,0.0,0.07008581937065796,0.0,0.0,0.0,1.0,YKL060C,ess,ess
0.008670520231213872,0.0,0.0,0.12014711892112792,0.0016538037486218302,0.033554667697118165,0.1234726688102894,0.6813671444321939,YJR046W,ess,ess
0.07514450867052022,0.2702702702702703,3.333333333333333,0.053739272578667764,0.03098927294398093,0.9839457883574788,1.0443401147626497,0.12872467222884387,YLL023C,non_ess,non_ess
0.0,0.0,1.0,0.02145484266448713,0.0,0.0,1.0,1.0,YHL015W,ess,ess
0.04335260115606936,0.16216216216216214,1.5,0.026767470371883945,0.033860045146726865,1.2626776460115094,1.7203219315895375,0.4966139954853273,YJR058C,non_ess,non_ess
0.04624277456647399,0.32432432432432434,1.5,0.016959542296689827,0.05351170568561873,1.5297027006416613,0.6058631921824105,0.24749163879598665,YER188C-A,non_ess,non_ess
0.1213872832369942,0.3783783783783784,2.8,0.063342868818962,0.042857142857142864,0.5969908814589665,0.7719858156028367,0.1326530612244898,YML004C,non_ess,non_ess
0.023121387283236997,0.027027027027027032,0.5,0.24948917041275034,0.0021545919741448962,0.054414009072522085,0.3180035650623886,0.7341772151898734,YGR090W,ess,ess
0.026011560693641616,0.0,1.0,0.06354720065386188,0.009155645981688708,0.19993006103763988,0.5669642857142857,0.358087487283825,YJR093C,ess,ess
0.04624277456647399,0.027027027027027032,0.3333333333333333,0.4805884756845116,0.0022516183506895576,0.06020116432369976,0.3228070175438596,0.4003658879819871,YBR136W,ess,ess
0.06936416184971098,0.0,1.0,0.20453616673477729,0.007861120209629872,0.27254503766786764,0.5733333333333334,0.20045856534556167,YGL201C,ess,ess
0.11560693641618495,0.0,0.0,0.09664895790764202,0.02722940776038121,1.2122345351864132,0.9530856889151992,0.09326072157930564,YPR138C,non_ess,non_ess
0.03468208092485549,0.0,0.0,0.0704944830404577,0.011059907834101379,0.26660198884307545,0.9265471370734528,0.3004608294930876,YGR048W,ess,ess
0.03468208092485549,0.0,0.0,0.020841847159787496,0.033707865168539325,1.2601555747623163,1.811965811965812,0.3848314606741573,YIL032C,non_ess,non_ess
0.011560693641618495,0.0,0.0,0.11381283203923173,0.002324230098779779,0.18702673786927126,0.4087301587301587,0.8570598489250436,YPR137W,ess,ess
0.005780346820809247,0.0,0.0,0.07907642010625256,0.0016515276630883564,0.039302177298811525,0.2035864978902953,0.9900908340214699,YKL195W,ess,ess
0.023121387283236997,0.0,1.0,0.10993052717613404,0.004807692307692308,0.15891513377926422,0.3478260869565218,0.3990384615384616,YBR196C,ess,ess
0.01445086705202312,0.0,0.0,0.03630295600054489,0.008576329331046312,0.3212692967409949,0.6444444444444445,0.5060034305317325,YDL064W,ess,ess
0.04624277456647399,0.0,0.0,0.158357172047405,0.006736842105263157,0.10107129319142732,0.6343490304709142,0.3776842105263158,YOR353C,ess,ess
0.005780346820809247,0.0,0.0,0.027176134041683696,0.004454342984409799,0.10157593527106652,1.7911392405063291,0.9309576837416479,YJL104W,ess,ess
0.07514450867052022,0.13513513513513514,1.6666666666666667,0.052104617899468735,0.03190184049079755,0.6328387463493993,1.0521831735889244,1.0,YKR043C,non_ess,non_ess
0.15895953757225434,0.10810810810810813,0.4444444444444444,0.017163874131589704,0.1821192052980133,4.146388418296627,1.2257751937984491,0.12251655629139073,YBR032W,non_ess,non_ess
0.011560693641618495,0.0,1.0,0.06252554147936247,0.004132231404958678,0.14452479338842975,0.2727272727272728,0.4245867768595041,YKR022C,ess,ess
0.0953757225433526,0.2432432432432433,3.0,0.02227217000408664,0.08753315649867374,1.677718832891247,1.0150842945874003,0.2917771883289125,YGL007W,non_ess,non_ess
0.02023121387283237,0.0,0.0,0.1140171638741316,0.004060324825986079,0.08452858046825562,0.3663277511961723,0.3283062645011601,YBL020W,ess,ess
0.011560693641618495,0.0,0.0,0.0860237024928484,0.0030464584920030465,0.11560999114040132,0.3893249607535321,0.69002284843869,YOR259C,ess,ess
0.031791907514450865,0.0,0.0,0.2159787494891704,0.0034150884818379386,0.08564314106707517,0.3220140515222483,0.724619683328159,YJL050W,ess,ess
0.1329479768786127,0.2972972972972973,1.2222222222222223,0.048086091813104484,0.060846560846560836,1.6846274846274845,0.8297297297297297,0.10846560846560846,YDR535C,non_ess,non_ess
0.026011560693641616,0.0,0.0,0.2864732325296281,0.0021146616541353387,0.05788323868181091,0.3699226305609284,0.5425281954887218,YLR086W,ess,ess
0.049132947976878616,0.13513513513513514,1.25,0.040049039640375976,0.02664576802507837,0.7274177288608399,0.7213076744725249,0.1536050156739812,YOL111C,non_ess,non_ess
0.008670520231213872,0.0,1.0,0.03575807110747855,0.005217391304347826,0.234160351017152,0.44495412844036697,0.662608695652174,YLR229C,ess,ess
0.04335260115606936,0.13513513513513514,2.5,0.01982018798528811,0.04398826979472141,1.0153292455345242,1.3636363636363635,0.18181818181818185,YOR082C,non_ess,non_ess
0.005780346820809247,0.027027027027027032,0.5,0.05598692276256642,0.002293577981651377,0.05855623034845156,0.43568075117370897,0.9483944954128442,YNL075W,ess,ess
0.008670520231213872,0.0,1.0,0.1113608500204332,0.001780415430267062,0.05341246290801187,0.17309941520467834,0.5667655786350149,YDR062W,ess,ess
0.10693641618497107,0.32432432432432434,1.7142857142857142,0.09113199836534533,0.026657060518731988,0.4203060546985365,0.957244008714597,0.14121037463976946,YML005W,non_ess,non_ess
0.008670520231213872,0.027027027027027032,0.2,0.06559051900286066,0.002961500493583416,0.07611615042187413,0.17886792452830189,0.6159921026653504,YGL225W,ess,ess
0.017341040462427744,0.054054054054054064,0.6666666666666666,0.0036779730281977937,0.0576923076923077,1.9494833524684272,1.1940298507462688,0.5961538461538461,YBR221W-A,non_ess,non_ess
0.0,0.027027027027027032,0.25,0.05598692276256642,0.0,0.0,0.0,1.0,YLR132C,ess,ess
0.031791907514450865,0.0,0.0,0.04781364936657132,0.014627659574468084,0.4318722184966165,0.6909852325325104,0.30053191489361697,YGR158C,ess,ess
0.01445086705202312,0.08108108108108109,0.5,0.1240294237842256,0.002672367717797969,0.07490192914696006,0.33018867924528306,0.4879743452699091,YPR048W,ess,ess
0.05202312138728323,0.054054054054054064,1.0,0.034327748263179414,0.032490974729241874,0.7585165736790285,1.4504132231404956,0.18592057761732853,YER042W,non_ess,non_ess
0.04335260115606936,0.08108108108108109,0.75,0.0335104209235799,0.027675276752767528,0.40507568340989536,1.4387755102040818,0.30996309963099633,YAL055W,non_ess,non_ess
0.1329479768786127,0.2702702702702703,1.25,0.010829587249693505,0.22009569377990432,4.642685225460345,1.6669191919191917,1.0,YOR316C-A,non_ess,non_ess
0.0,0.0,0.0,0.022885165508786276,0.0,0.0,0.0,1.0,YMR059W,ess,ess
0.04624277456647399,0.0,0.0,0.08357172047404986,0.012529365700861394,0.2469983396988225,1.0104269132402124,0.5959279561472199,YGR156W,ess,ess
0.2658959537572254,0.13513513513513514,1.0,0.06048222313036373,0.09808102345415776,1.778598463594536,0.9513813860163608,0.08422174840085288,YFR034C,non_ess,non_ess
0.11560693641618495,0.0,0.0,0.03105843890478137,0.07905138339920949,1.3394094396651943,0.9411764705882354,0.7075098814229249,YLR349W,non_ess,non_ess
0.05202312138728323,0.1891891891891892,1.0,0.017981201471189208,0.05732484076433121,1.602343949044586,1.773,0.3726114649681528,YJL007C,non_ess,non_ess
0.15606936416184972,0.10810810810810813,1.3333333333333333,0.12872905598692275,0.027835051546391758,1.2893553595826606,1.855421686746988,0.11030927835051546,YFL054C,non_ess,non_ess
