hits_count,reads_count,hits_count_pro,ratio_hits_prom,orf_len,insertion_index,NI,NI_ratio,HFI_normalized,HFI_ratio,orf,label,predictions
0.311884176220269,0.11732492087780345,0,0.9444444444444444,0.1339655381484148,0.014122394082044385,0.28393715228953964,1.4686248331108145,220,0.0007519716329400256,YEL041W,non_ess,non_ess
-0.32461863269451285,-0.10890137153601856,10,0.9523809523809524,-0.5831404806602677,0.014326647564469915,0.3578613668231421,1.2729166666666667,239,0.0007013463452062678,YDR391C,non_ess,non_ess
-0.9032575498897693,-0.45694182140343703,1,1.6666666666666667,-0.5095212315810493,0.0,0.0,0.0,683,0.0010017723664945673,YGR115C,ess,non_ess
-0.6718019830116665,-0.4076360910055528,0,0.9166666666666666,0.5920408657524402,0.0020090406830738324,0.04836270991482396,5.1466666666666665,1325,0.00022288979653724785,YLR002C,ess,ess
-0.6718019830116665,-0.4395397989100661,0,1.2727272727272727,-0.4031823162444006,0.004464285714285714,0.12921085464753587,3.461627906976744,370,0.0008506274131274131,YBR160W,ess,ess
-0.4982103078530897,-0.29742328188087025,3,1.3333333333333333,-0.22049751297374767,0.006381039197812215,0.2187329079307201,1.4285714285714284,494,0.0004963850619466414,YDR065W,non_ess,non_ess
-0.2667547409749872,-0.21911418066070107,0,0.4827586206896552,0.3984495070626437,0.006186726659167604,0.13425648436281232,0.5462519936204147,1212,0.0005693904598558843,YLR089C,non_ess,ess
-0.32461863269451285,-0.2945229447986418,1,0.4722222222222222,-0.3431962614391116,0.010395010395010396,0.205848561111719,1.6506787330316743,180,0.0013167013167013168,YDL183C,non_ess,non_ess
-0.2088908492554616,0.01581312299980639,0,0.5,-0.435901982501831,0.013953488372093023,0.1947393744987971,3.846938775510204,424,0.000307152259763054,YBR002C,ess,non_ess
-0.9032575498897693,-0.45694182140343703,0,2.0,-0.5340609812741222,0.0,0.0,0.0,746,0.0006060692487593406,YML092C,ess,ess
0.2540202845007433,-0.013190247822478482,2,0.7142857142857143,-0.4686216487592614,0.024271844660194167,0.5375807125934873,0.9318471337579616,310,0.0006185405574694645,YGL085W,non_ess,non_ess
-0.7875297664507178,-0.25101788856521445,4,0.6153846153846154,-0.3968201589165669,0.0022148394241417496,0.06591304597949116,7.526315789473685,273,0.000945160413598952,YNL050C,non_ess,non_ess
0.9483869851350506,0.3986576178539667,11,1.1,0.9628637500033178,0.013338891204668612,0.2955244957507805,1.3884391191709844,337,0.00025109374207601335,YCL030C,non_ess,non_ess
0.022564717622640867,-0.3206259785386981,4,1.5555555555555556,-0.3704626499869703,0.017167381974248927,0.3752897369562291,0.8733614232209739,247,0.0015421104759257005,YKL091C,non_ess,non_ess
-0.6718019830116665,-0.4192374393344667,3,1.5,-0.8049071075161848,0.00881057268722467,0.21478218306412145,1.9565217391304344,245,0.0015912973118762926,YDR424C,non_ess,non_ess
-0.4403464161335641,-0.1466057536049889,4,0.4230769230769231,-0.4086355939539724,0.008988764044943821,0.2805152096464785,1.1677215189873416,276,0.001803452206481029,YBR147W,non_ess,non_ess
0.022564717622640867,-0.2423168773185289,0,0.7692307692307693,-0.07053237596052507,0.012678288431061807,0.3520507131537242,2.604166666666667,158,0.000697105257878794,YER178W,non_ess,non_ess
1.064114768574102,0.2188367187558005,3,0.2765957446808511,0.47479539499664797,0.01825993555316864,0.4150914303485513,1.185121107266436,293,0.0007716756542746432,YHL047C,non_ess,non_ess
-0.5560741995726153,-0.4221377764166952,0,1.125,0.1884983152441321,0.003878474466709761,0.08368554522400676,5.544117647058823,528,0.00023873185637891518,YCR072C,ess,ess
0.6012036348178971,0.4885680674030498,9,2.0,-0.6022269526437688,0.03840472673559823,0.7052504364173493,0.6824817518248175,113,0.0015686069463144276,YGR201C,non_ess,non_ess
-0.4403464161335641,-0.27132024814081385,9,0.5,-0.9157904209441432,0.024096385542168683,0.6465297810962158,0.3929889298892989,72,0.007613788487282464,YEL068C,non_ess,non_ess
-0.4403464161335641,-0.3844333943477248,3,1.4,1.1537284698383283,0.003066308930624761,0.07939322708339629,2.738636363636364,832,0.0002515331544653124,YPL268W,non_ess,non_ess
-0.9032575498897693,-0.45694182140343703,0,0.8888888888888888,-1.024855975135578,0.0,0.0,0.0,212,0.0047169811320754715,YHR143W-A,ess,ess
0.3697480679397946,0.4653653707452219,1,0.6129032258064516,-0.2423106238120345,0.020503261882572232,0.8033291912602258,1.1498771498771498,153,0.0008527797574450717,YNL187W,non_ess,non_ess
-0.035299174096884746,-0.19881182108510168,0,1.4,-0.7276523399639185,0.027829313543599257,0.999867479459316,0.5333333333333334,131,0.002152700080726253,YBR137W,non_ess,non_ess
-0.8453936581702434,-0.4540414843212086,0,0.0,-0.5858671195150535,0.0014388489208633096,0.0584087185696987,2.0824742268041243,606,0.0013130089987416008,YOL149W,ess,ess
0.2540202845007433,-0.2336158660718435,0,0.8125,1.2164411634984034,0.007468259895444362,0.18552729845524946,1.1593220338983048,529,0.00021176540346250555,YJR036C,non_ess,non_ess
-0.7296658747311922,-0.42793845058115215,0,0.5909090909090909,-0.2677592531233693,0.002870813397129186,0.0570907117841464,2.204545454545454,756,0.0009531404268246373,YNL069C,non_ess,ess
0.022564717622640867,-0.1959114840028732,0,0.7272727272727273,0.4393490898844317,0.00877674163466813,0.4244432254525508,1.2376237623762376,501,0.0005113196536165192,YNR063W,non_ess,non_ess
1.6427536857693583,0.44796334825185097,0,0.875,2.7051859782114858,0.010194624652455976,0.3546596642982185,0.809023066485753,461,0.00028949436993761803,YDR326C,non_ess,non_ess
0.6012036348178971,0.11152424671334647,3,0.4705882352941176,0.6847465868151595,0.012422360248447204,0.32729379203810377,1.0852451641925327,384,0.0005088887561713649,YPL116W,non_ess,non_ess
-0.6718019830116665,-0.4337391247456092,5,1.2307692307692308,-0.9266969763632869,0.0125,0.3073830409356725,2.1242236024844723,92,0.0032269021739130435,YBR262C,non_ess,non_ess
-0.2088908492554616,-0.1640077760983598,3,0.8,0.06034628906919645,0.008534850640113799,0.4046114658109763,1.7137681159420284,288,0.0010668563300142249,YPL103C,non_ess,non_ess
-0.4403464161335641,-0.33512766394984056,5,0.6666666666666666,-0.3850047238791615,0.008733624454148471,0.20852071520128607,2.6086065573770494,239,0.0006257879446748643,YLR199C,non_ess,non_ess
0.1382925010616921,1.1063398659177175,2,0.7619047619047619,-0.7140191456899893,0.032490974729241874,0.7585165736790285,0.6894586894586896,163,0.001528205355363115,YER042W,non_ess,non_ess
-0.7296658747311922,-0.4076360910055528,2,1.5,-0.5095212315810493,0.003851091142490373,0.08162014063188551,0.7322404371584699,380,0.002114721978244713,YAL009W,non_ess,non_ess
-0.2088908492554616,-0.2945229447986418,2,2.2857142857142856,0.6656601148316585,0.0057915057915057895,0.15819750719079578,1.849290780141844,549,0.00031383842859252685,YDL141W,ess,non_ess
-0.2667547409749872,-0.10600103445379007,0,2.5,0.36572984080521337,0.0063145809414466144,0.1225843487278249,1.488148814881488,545,0.0006267182085339008,YAL040C,non_ess,ess
2.5107120615622422,0.5552758202943051,2,0.4,1.3336866342541955,0.02101888136800855,0.6925836899117982,0.7661460064251691,698,0.00032613921602053,YJR061W,non_ess,non_ess
0.8326592016959995,-0.17850946150950225,7,0.4736842105263158,0.6002207823167978,0.015,0.3815254237288136,1.087709497206704,257,0.0006303501945525293,YBR260C,non_ess,non_ess
0.4854758513788458,0.3870562695250528,5,0.7804878048780488,-0.8939773101058563,0.06741573033707865,1.7386460202058351,0.8439716312056738,40,0.025,YGR050C,non_ess,non_ess
-0.7875297664507178,-0.4221377764166952,0,1.2941176470588236,0.08215939990748337,0.0013986013986013984,0.025604271247424776,22.433510638297868,737,0.00020779762977863383,YJL002C,ess,ess
-0.6139380912921409,-0.3119249672920127,4,1.0,-0.7794584782048499,0.010373443983402493,0.24923209570512475,0.0,482,0.002074688796680498,YDL004W,ess,non_ess
-0.2088908492554616,-0.2075128323317872,4,1.6666666666666667,-0.9294236152180726,0.03785488958990536,0.9760455886842372,0.8387445887445887,80,0.0071766561514195575,YDR278C,non_ess,non_ess
-0.3824825244140385,-0.3467290122787545,2,0.0,-0.6840261182873447,0.015332197614991482,0.5139352640545145,1.49812734082397,145,0.0016095870293132818,YKR085C,non_ess,non_ess
0.08042860934216649,-0.2075128323317872,3,1.2727272727272727,-0.6022269526437688,0.025110782865583457,0.6616399299233967,1.2647058823529411,105,0.001674052191038897,YDR304C,non_ess,non_ess
-0.3824825244140385,-0.36123069768989696,0,2.6666666666666665,1.1264620812904698,0.003489724699495929,0.0930689388865567,2.5487098472880465,842,0.00021045185902212186,YLR115W,ess,ess
-0.32461863269451285,-0.19881182108510168,2,0.3684210526315789,1.0719293041947524,0.003969829297340214,0.1001806069096708,3.476271186440678,526,0.0005358514831010554,YNL041C,non_ess,non_ess
0.08042860934216649,0.1492286287823168,1,0.8947368421052632,-0.4795282041784049,0.020935960591133004,0.4959073493556253,0.7915476870359794,231,0.0029482012240632928,YNL108C,non_ess,non_ess
1.2955703354522043,2.1591622267666586,2,0.3783783783783784,-0.9321502540728585,0.12101910828025478,1.5682476180449545,0.8266700404858299,57,0.003631690691697396,YBL001C,non_ess,non_ess
-0.15102695753593598,-0.14370541652276042,3,1.0,-0.8967039489606422,0.036827195467422094,1.7950576198465305,0.8508002065049045,124,0.0031070090468792834,YOL106W,non_ess,non_ess
-0.3824825244140385,-0.3235263156209266,5,0.6052631578947368,0.6329404485742282,0.004420432220039293,0.08690446954813359,4.534412955465587,507,0.0004194712143933846,YJL101C,non_ess,non_ess
0.3697480679397946,0.007112111753120929,3,0.0,1.1101022481617546,0.008590394377196406,0.16606907636248158,1.6699002217294898,458,0.000780092383399634,YFR038W,non_ess,non_ess
0.1382925010616921,0.0013114375886639548,4,1.9,-0.08416557023445441,0.01443464314354451,0.3932771986099973,1.0793650793650793,281,0.0010473535060658034,YPL048W,non_ess,non_ess
-0.5560741995726153,-0.3003236189630987,4,0.6956521739130435,-0.820358061026638,0.013729977116704805,0.1858970716613892,2.197420634920636,66,0.005686152139241385,YIL051C,ess,non_ess
-0.9032575498897693,-0.45694182140343703,4,1.1,-0.6949326737064881,0.0,0.0,0.0,575,0.0017391304347826088,YDR413C,ess,non_ess
-0.5560741995726153,-0.27132024814081385,4,0.0,-0.4277220659374734,0.006904487917146146,0.2766022404358752,0.7704402515723271,339,0.0010115719760617262,YOL080C,non_ess,non_ess
-0.32461863269451285,-0.2133135064962441,2,2.2,-0.8748908381223552,0.026525198938992044,0.4447074884006256,1.4820689655172412,65,0.003346255866149765,YAL042C-A,non_ess,non_ess
-0.3824825244140385,-0.3467290122787545,7,1.3636363636363635,-0.8476244495744967,0.022113022113022112,0.4033783783783784,0.5555555555555556,80,0.005343980343980344,YDR519W,non_ess,non_ess
2.4528481698427167,1.8836302039549517,1,0.5833333333333334,-0.043265987412666435,0.04489164086687306,0.8666651923927465,1.3208524493118248,104,0.001317277923315075,YDL001W,non_ess,non_ess
-0.15102695753593598,-0.08279833779596217,1,0.7142857142857143,-0.3404696225843257,0.013471502590673576,0.29167206390328154,1.5918931368033162,161,0.0009654684130917516,YNR034W,non_ess,non_ess
3.7258537876722806,1.6922079565278718,2,0.9166666666666666,1.260067385174977,0.029347028613352893,0.8244889960591816,0.8564377682403433,217,0.0007725571472524353,YLL026W,non_ess,non_ess
-0.32461863269451285,-0.29742328188087025,9,0.0,-0.21231759640939007,0.009041591320072331,0.4714098646879093,0.9218543046357616,271,0.0008107404763016889,YIR025W,non_ess,non_ess
-0.32461863269451285,-0.3322273268676121,3,1.0384615384615383,0.005813511973479146,0.007429420505200594,0.1955762362816402,2.2927374301675982,519,0.0005296504021048594,YGR223C,non_ess,non_ess
0.1382925010616921,-0.021891259069163945,3,0.8125,-0.4413552602114028,0.021077283372365342,0.6672206693359521,0.8004694835680752,337,0.0010840937046122628,YNL320W,non_ess,non_ess
2.68430373672082,3.412107846289365,6,0.75,-0.8830707546867129,0.16847826086956522,3.4142289174204845,0.7001524003048006,50,0.0023369565217391305,YBL044W,non_ess,non_ess
-0.7296658747311922,-0.4366394618278376,3,3.0,-0.9048838655249998,0.008720930232558141,0.2347332899658481,0.0,204,0.004901960784313725,YOR068C,non_ess,non_ess
-0.035299174096884746,-0.1814097985917308,3,0.8571428571428571,-0.6703929240134154,0.024916943521594685,0.4691580649172989,0.8114398422090731,134,0.001884266375762384,YLR073C,non_ess,non_ess
-0.9032575498897693,-0.45694182140343703,1,0.8076923076923077,-0.7603720062213489,0.0,0.0,0.0,503,0.0014149694279650133,YML098W,ess,non_ess
1.0062508768545764,0.1289262692067174,11,0.6086956521739131,0.2730241197424939,0.0201219512195122,0.35086491557223265,1.3611727026361176,261,0.0009368283338005793,YHL036W,non_ess,non_ess
-0.035299174096884746,-0.2075128323317872,1,0.5714285714285714,-0.5476941755480514,0.0203527815468114,0.6374962153918611,1.1616000000000002,179,0.0010233242118508523,YIL139C,non_ess,non_ess
-0.4403464161335641,-0.3409283381142976,1,1.0909090909090908,-0.2586704569407497,0.0075829383886255935,0.2710060000466929,2.0897058823529413,526,0.0003982484277296236,YJR060W,non_ess,non_ess
-0.6718019830116665,-0.1466057536049889,0,2.0,-0.9348768929276444,0.012861736334405145,0.29727848311068383,1.4520958083832336,140,0.002273771244832338,YBL048W,non_ess,non_ess
2.6264398450012933,0.6538872810900735,2,0.8333333333333334,3.299593248554804,0.01227364185110664,0.5587525150905432,0.9172932330827068,411,0.00026778676927746535,YMR162C,non_ess,non_ess
-0.8453936581702434,-0.3989350797588673,0,0.9230769230769232,0.30301714714513844,0.0005977286312014345,0.017144466412248836,18.696629213483146,601,0.00024764464088046127,YEL058W,ess,ess
-0.2088908492554616,-0.053794966973677305,1,0.4,-0.8857973935414988,0.03287671232876712,0.5402443539429841,1.2380952380952384,152,0.0016041816870944485,YIR013C,non_ess,non_ess
-0.32461863269451285,-0.2771209223052708,3,0.5909090909090909,0.4502556453035752,0.005449591280653951,0.1796185286103542,1.4772727272727273,493,0.0011087099502020106,YKR084C,non_ess,non_ess
-0.3824825244140385,-0.3815330572654964,0,1.032258064516129,-0.2177708741189618,0.008181818181818179,0.20825616762419727,3.065527065527065,670,0.0002455902306648576,YBR018C,non_ess,non_ess
-0.4982103078530897,-0.3032239560453272,0,2.0,0.05216637250483885,0.005010737294201861,0.13824015413536347,1.9308270676691728,511,0.00042164716957080237,YNL317W,ess,ess
-0.15102695753593598,-0.3206259785386981,7,1.0769230769230769,-0.8530777272840684,0.032418952618453865,0.6690430412518322,1.2728744939271253,84,0.0029984562403515018,YKR049C,non_ess,non_ess
1.7006175774888836,0.5378737978009341,1,1.0,2.5797605908913357,0.01077070368597415,0.20930097162744365,1.3671459694989103,573,0.000271930506091494,YBR115C,non_ess,non_ess
-0.9032575498897693,-0.45694182140343703,0,0.0,-0.680390599814297,0.0,0.0,0.0,328,0.002625768643473237,YDL061C,non_ess,non_ess
0.2540202845007433,0.1521289658645453,3,1.0909090909090908,0.21849134264677664,0.012658227848101266,0.29428836060512503,2.0625000000000004,305,0.0007698692674828803,YMR023C,non_ess,non_ess
0.7747953099764741,0.22753773000248595,0,0.6551724137931034,-0.22049751297374767,0.02643573381950775,0.5065613667407856,0.7847400926402471,481,0.0004737926342301912,YKR042W,non_ess,non_ess
3.147214870477024,2.141760204273288,13,0.5,0.191224954098918,0.045161290322580636,0.8153024193548386,1.1160295103957076,74,0.001987794245858762,YPR002W,non_ess,non_ess
2.68430373672082,5.961504141568207,9,0.6857142857142857,-0.7331056176734903,0.11632270168855535,4.305822206840441,1.0503199146894158,42,0.002099526489770392,YMR042W,non_ess,non_ess
-0.2667547409749872,0.07962053880883313,11,0.75,-1.024855975135578,0.051886792452830184,1.965711175616836,0.9759530791788856,104,0.003537735849056603,YML129C,non_ess,non_ess
-0.6139380912921409,-0.4076360910055528,2,1.375,-0.9048838655249998,0.01453488372093023,0.7332523429364805,0.4729411764705882,162,0.004701406833189779,YDR286C,non_ess,non_ess
-0.4403464161335641,-0.32642665270315513,1,1.1578947368421053,-0.06235245939616747,0.006294256490952006,0.3024739924818603,1.4142857142857144,227,0.001635952127604266,YJL036W,non_ess,non_ess
0.3697480679397946,-0.1466057536049889,2,2.1666666666666665,0.4257158956105024,0.012168141592920356,0.3729267546056659,0.957831325301205,286,0.000705875982424655,YHR202W,non_ess,non_ess
-0.6718019830116665,-0.3525296864432115,2,1.375,-0.4195421493731158,0.004555808656036446,0.2274603017397907,1.4040697674418603,280,0.0013911487146111292,YDR287W,non_ess,non_ess
-0.6718019830116665,-0.4163371022522382,0,0.9705882352941176,-0.6267667023368415,0.006153846153846154,0.10095463510848128,2.3076923076923075,305,0.0017250945775535939,YLR350W,non_ess,ess
-0.15102695753593598,-0.2104131694140156,0,3.0,0.9901301385511764,0.005351996706463565,0.22966012533735874,1.5759849906191372,417,0.00028433408069756627,YOR256C,ess,non_ess
0.08042860934216649,-0.1002003602893331,0,1.3333333333333333,2.9751232248352864,0.003685237372642532,0.3568318829808099,3.3744619799139164,1741,0.00025761922235352904,YAR050W,non_ess,ess
0.022564717622640867,-0.19881182108510168,1,2.0,-0.10597868107274132,0.013082583810302535,0.4696515440587395,1.1249999999999998,201,0.0009030888078007344,YDL104C,non_ess,non_ess
0.6590675265374226,0.1260259321244889,0,1.1,0.938324000310245,0.011382799325463743,0.23968658742236665,1.5584795321637426,328,0.00037788425944967717,YBR114W,non_ess,non_ess
-0.7296658747311922,-0.43083878766338063,0,1.0,-0.4522618156305462,0.003562945368171021,0.1018549937789843,0.34146341463414626,384,0.002409318091844814,YLR284C,non_ess,non_ess
-0.4982103078530897,-0.2655195739763569,1,2.6,-0.4304487047922593,0.008083140877598153,0.3877020785219401,1.032258064516129,263,0.0015542812985712903,YPL117C,ess,non_ess
-0.4403464161335641,-0.3148253043742412,1,1.1,-0.7194724233995609,0.0145985401459854,0.4774939172749392,1.3775510204081634,184,0.0016463027610282444,YHR157W,non_ess,non_ess
-0.4982103078530897,0.01581312299980639,4,2.6666666666666665,-0.5667806475315526,0.009776536312849162,0.2255553496253541,1.2003792667509483,395,0.0009405275440209321,YBR256C,ess,non_ess
1.064114768574102,0.29134514581151266,3,1.3636363636363635,0.5102417001088642,0.01788532351394003,0.6196162077637579,0.6673290937996821,232,0.000984055578733516,YIL092W,non_ess,non_ess
0.1961563927812177,-0.05669530405590579,1,3.5,1.7644955733103622,0.005790917403230723,0.19643055055276945,2.5209860093271157,513,0.0003041910034322489,YOL034W,ess,non_ess
-0.5560741995726153,-0.3931344055944103,0,0.0,-0.05144590397702402,0.004676539360872954,0.16610006467554436,3.3873873873873865,535,0.00031759675410289847,YKL181W,non_ess,ess
-0.4982103078530897,-0.35543002352543995,2,0.6363636363636364,-0.8585310049936401,0.017721518987341773,0.4971518987341772,1.4953271028037385,162,0.005000781372089389,YLR101C,ess,non_ess
-0.09316306581641036,0.2739431233181417,1,0.7857142857142857,-0.5904115176063633,0.02028985507246377,0.6143632094567242,0.7702237521514629,370,0.0009949079514296906,YLR406C,non_ess,non_ess
-0.7296658747311922,-0.42793845058115215,0,0.8888888888888888,-0.6949326737064881,0.005217391304347826,0.23416035101715196,2.247422680412371,353,0.0010247567434413106,YLR229C,ess,ess
-0.09316306581641036,-0.1959114840028732,1,1.6666666666666667,0.7447326416204486,0.0064844835572024076,0.2506937037619353,1.2486522911051208,589,0.0004175673986022895,YDL167C,non_ess,non_ess
-0.09316306581641036,-0.2742205852230423,10,1.8,-0.5340609812741222,0.018617021276595744,0.3773245099681689,0.5183673469387755,218,0.0016225844231895375,YCR076C,non_ess,non_ess
-0.035299174096884746,-0.2539182256474429,1,1.0,1.2082612469340457,0.0056200824278756075,0.15471242455597467,4.0296703296703305,592,0.0001373375998703837,YLR357W,non_ess,ess
-0.035299174096884746,-0.2800212593874993,0,0.8571428571428571,1.4400255495908445,0.005129958960328317,0.0988905075772381,1.616574585635359,976,0.0003742347110403445,YNL236W,non_ess,ess
0.08042860934216649,-0.3032239560453272,1,0.75,-0.4277220659374734,0.01956271576524741,0.7967360602573491,1.1952614379084965,162,0.006172839506172839,YFL028C,non_ess,non_ess
-0.15102695753593598,-0.22491485482515805,0,0.8947368421052632,0.6302138097194423,0.006394490900147565,0.2147093285984508,1.3410054512416718,563,0.00030316823915168807,YMR232W,non_ess,ess
0.3697480679397946,0.07091952756214764,11,1.15,0.04125981708569538,0.015884476534296033,0.5735619735258725,0.6773618538324421,381,0.0008433061390791855,YMR265C,non_ess,non_ess
0.4854758513788458,-0.08859901196041915,4,0.9333333333333332,0.14759873242234414,0.015978695073235686,0.7111474209685891,2.7648467432950192,162,0.0005178280810770823,YPL061W,non_ess,non_ess
-0.7875297664507178,-0.43083878766338063,1,1.6,-0.9185170597989292,0.0060790273556231,0.2520033158331031,2.5255102040816326,106,0.004243849286001032,YLR364W,non_ess,non_ess
0.8326592016959995,0.062218516315462186,0,1.1428571428571428,0.3439167299669264,0.017462165308498253,0.3269906353343566,1.5568888888888894,178,0.0006474735451465645,YOR090C,non_ess,non_ess
-0.4982103078530897,-0.29162260771641324,0,0.5,-0.8776174769771412,0.01871657754010695,0.5296378578169235,0.7222517259691981,122,0.0057201718243184005,YMR119W-A,non_ess,non_ess
0.4276119596593202,-0.07119698946704822,1,0.7826086956521741,2.0507926530628784,0.0063959955506117895,0.2962558973572169,1.933965348152991,575,0.00018619722396866084,YLR189C,non_ess,non_ess
-0.7875297664507178,-0.4511411472389801,1,3.333333333333333,-0.4822548430331907,0.002472187886279357,0.05913473423980223,1.2589928057553956,809,0.0006279785051055721,YDR025W,non_ess,non_ess
0.022564717622640867,-0.03639294448030638,6,0.8,-0.2423106238120345,0.014911463187325256,0.2733571789044053,1.1651315789473682,228,0.0016391164304049967,YML119W,non_ess,non_ess
2.2213926029646145,0.8163061576948688,4,0.7096774193548387,0.5456880052210804,0.027835051546391758,1.2893553595826606,0.5389610389610391,251,0.0009220848564504867,YFL054C,non_ess,non_ess
-0.6718019830116665,-0.4076360910055528,4,1.4,-0.8258113387362097,0.009280742459396751,0.20595133949513766,2.152941176470588,198,0.0019100517940425128,YPR082C,ess,non_ess
1.5848897940498323,0.3783552582783673,0,0.6666666666666666,1.6118037974423538,0.013813042081593318,0.8085052512979892,1.5066798614547254,301,0.00037566181045513774,YCL024W,non_ess,non_ess
0.8905230934155252,1.6342012148833025,4,0.95,-0.8530777272840684,0.0773067331670823,1.3629884279836686,0.7701444189499258,75,0.0070157938487115535,YHL037C,non_ess,non_ess
0.08042860934216649,0.07381986464437612,4,2.2,-0.2777569289242508,0.016441005802707933,0.2970868210113773,1.047712418300654,213,0.001552837333478628,YBR128C,non_ess,non_ess
-0.6718019830116665,-0.3844333943477248,7,0.8,-0.7767318393500642,0.00824742268041237,0.15436685469752967,2.208333333333333,403,0.0011767414494384895,YJL096W,non_ess,non_ess
0.1382925010616921,-0.06539631530259125,9,0.9375,0.22394462035634835,0.011349306431273644,0.2934268600252207,1.0847457627118646,864,0.00028241908364859186,YDL088C,non_ess,non_ess
-0.7875297664507178,-0.4163371022522382,0,1.25,-0.8230846998814239,0.004608294930875576,0.1336131226684222,1.647058823529412,434,0.0019325107774639519,YDR360W,non_ess,ess
-0.7875297664507178,-0.4192374393344667,3,1.3076923076923077,-1.0030428642972908,0.00847457627118644,0.2529953243717125,2.5035971223021583,65,0.0060625814863103,YLR395C,non_ess,non_ess
0.08042860934216649,-0.2452172144007575,3,0.7142857142857143,-0.6049535914985547,0.025222551928783383,1.1941731858645803,0.8969132207338381,135,0.0010001099021870537,YJL037W,non_ess,non_ess
-0.15102695753593598,-0.2800212593874993,4,0.0,0.8047186964257377,0.005842696629213483,0.11537738153395212,1.4451374451374452,574,0.0005833300708609013,YMR078C,non_ess,non_ess
1.064114768574102,0.3551525616205394,6,0.55,-0.17687129129717385,0.029694323144104806,0.8382627168653369,0.7681660899653979,89,0.0015112114224032187,YLL039C,non_ess,non_ess
-0.6718019830116665,-0.3583303606076685,1,0.6666666666666666,-0.9348768929276444,0.012861736334405145,0.3453772420414197,0.8199481865284975,116,0.008620689655172414,YDL026W,non_ess,non_ess
-0.9032575498897693,-0.45694182140343703,0,1.2,0.11215242731012788,0.0,0.0,0.0,1463,0.0001808099444535031,YJR006W,ess,ess
-0.3824825244140385,-0.3525296864432115,0,1.1875,0.6438470039933716,0.00439453125,0.14693279655612246,3.0333333333333328,444,0.00034531601914414414,YJL019W,ess,ess
0.6590675265374226,0.2014346962624296,0,1.9090909090909087,1.4236657164621291,0.009291121816930488,0.20485790542695514,2.46038443506798,333,0.00025834506219915717,YNL243W,non_ess,non_ess
0.8905230934155252,0.34645155037385394,3,3.0,1.1946280526601163,0.011680482290881688,0.5108820468654681,0.7930763178599528,313,0.0010003587327344825,YLR318W,non_ess,non_ess
-0.7875297664507178,-0.42793845058115215,0,8.0,-0.8230846998814239,0.004608294930875576,0.19216589861751152,4.595959595959595,135,0.007407407407407408,YLR317W,ess,ess
0.4854758513788458,0.036115482575405804,6,0.5192307692307693,-0.17141801358760209,0.0208514335360556,0.4817728479106912,0.5184659090909091,193,0.0019266868638669688,YDR309C,non_ess,non_ess
0.5433397430983714,-0.0973000232071046,0,0.8461538461538461,1.688149685376358,0.00781983109164842,0.14951143190765248,1.6255238095238094,344,0.0003928101199525719,YCR067C,non_ess,non_ess
-0.7296658747311922,-0.4192374393344667,1,2.333333333333333,-0.8367178941553531,0.0071599045346062064,0.132513737026142,2.1938775510204085,135,0.004897021126138071,YNR022C,non_ess,ess
-0.7296658747311922,-0.4163371022522382,0,1.125,0.9710436665676754,0.001245847176079734,0.03188209843158464,9.066265060240967,1020,0.0001852485180118559,YPL190C,ess,ess
-0.15102695753593598,-0.2220145177429296,7,0.8888888888888888,-0.09507212565359786,0.010526315789473684,0.3689345314505776,0.9894419306184012,196,0.0017681566553747004,YDR153C,non_ess,non_ess
0.7747953099764741,0.08542121297329007,4,0.6428571428571429,1.099195692742611,0.011377010592389172,0.6517019361687397,0.7327586206896552,286,0.000805197156707553,YPL105C,non_ess,non_ess
-0.4982103078530897,-0.349629349360983,2,0.53125,0.1830450375345604,0.004542504866969501,0.19599676038412592,1.0238095238095235,594,0.0006587615283267457,YDR169C,non_ess,non_ess
-0.15102695753593598,-0.09149934904264764,0,0.6666666666666666,-0.7440121730926338,0.024952015355086368,0.4488729305830577,0.8924646781789639,188,0.002205251766243313,YDL046W,non_ess,non_ess
0.08042860934216649,-0.21911418066070107,1,1.5714285714285714,0.0248999839569802,0.012435991221653257,0.2798098024871982,1.1025641025641026,287,0.0009226949830371961,YDL091C,non_ess,non_ess
1.7584814692084092,0.7524987418858421,2,0.8666666666666667,2.7297257279045586,0.010591756850103615,0.2315515492466909,1.0682247808901872,689,0.000354239359535238,YJR092W,non_ess,non_ess
0.1961563927812177,-0.05089462989144882,0,0.0,0.2566642866137787,0.011713933415536377,0.430618179141285,1.0951291271657404,221,0.0009429172408790893,YFL040W,non_ess,non_ess
-0.6139380912921409,-0.4192374393344667,0,3.1666666666666665,0.7392793639108769,0.0023223409196470052,0.08323758769892682,5.652892561983472,501,0.00020952057798012894,YKL104C,ess,ess
-0.15102695753593598,-0.2104131694140156,5,0.65,-0.12506515305624238,0.010815307820299502,0.8094968944888291,1.19331983805668,225,0.0013163246441116655,YGR111W,non_ess,non_ess
-0.9032575498897693,-0.45694182140343703,0,1.8571428571428568,0.09851923303619856,0.0,0.0,0.0,1250,0.0002044198895027624,YLR359W,ess,ess
0.2540202845007433,-0.10600103445379007,3,1.0666666666666669,-0.5995003137889829,0.029411764705882363,0.9401197604790419,0.44652406417112295,474,0.0005119136262099779,YDR296W,non_ess,non_ess
-0.3824825244140385,-0.17850946150950225,0,3.5,-0.8967039489606422,0.025495750708215296,0.570922703358964,1.620671834625323,99,0.0021174922024780377,YGR182C,non_ess,non_ess
-0.035299174096884746,0.2681424491536848,5,1.0,-0.2804835677790367,0.014548981571290009,0.4295721521715702,1.1764705882352942,133,0.0015241790217541914,YLR375W,non_ess,non_ess
-0.4403464161335641,-0.2394165402363005,4,1.0,-0.6594863685942719,0.013029315960912051,0.4351067680057909,2.0454545454545454,182,0.0012886136664638293,YLR016C,non_ess,non_ess
-0.035299174096884746,-0.21911418066070107,3,1.875,0.8265318072640245,0.0066696309470875926,0.14711300260433208,2.0125,496,0.0005351840961574318,YGL086W,non_ess,non_ess
-0.32461863269451285,-0.2771209223052708,1,0.6666666666666666,-0.2232241518285336,0.009140767824497258,0.3847796207582167,0.984967320261438,377,0.0007516281234997746,YIR026C,non_ess,non_ess
-0.5560741995726153,-0.3989350797588673,1,1.0,-0.06507909825095334,0.00473186119873817,0.14214729855400154,1.5264705882352947,262,0.0007645628145543863,YBR195C,non_ess,non_ess
-0.9032575498897693,-0.45694182140343703,0,5.0,-0.6676662851586296,0.0,0.0,0.0,488,0.0016833762362823464,YLR145W,ess,ess
-0.2088908492554616,-0.11180170861824704,11,0.9166666666666666,-0.9021572266702141,0.0345821325648415,1.1510389807371455,0.384304207119741,139,0.0023842597391827173,YPR166C,non_ess,non_ess
3.3208065456356013,1.4688820011962784,11,0.6862745098039216,2.5470409246339054,0.017624336069531628,0.4178702686744909,1.3801154475747393,271,0.0001933215855577194,YJR127C,non_ess,non_ess
-0.3824825244140385,-0.21911418066070107,4,0.5833333333333334,-0.6503975724116524,0.014423076923076926,0.2647920645945477,1.5286404416839197,152,0.002150809716599189,YBR062C,non_ess,non_ess
0.4276119596593202,0.04481649382209126,4,2.0,-0.2913901231981801,0.022571148184494603,0.7200474927004203,1.3990470518165576,99,0.0015761144318553544,YPL244C,non_ess,non_ess
0.7169314182569483,0.5697775057054475,3,1.0,-0.16051145816845866,0.02407566638005159,0.6987621473417803,1.1202623906705542,211,0.0010758253087903892,YJL107C,non_ess,non_ess
-0.6139380912921409,-0.3931344055944103,8,1.1333333333333333,-0.9266969763632869,0.015625,0.486240671641791,0.6617283950617285,177,0.003036723163841808,YOR265W,non_ess,non_ess
-0.4982103078530897,-0.2858219335519563,1,1.2083333333333333,0.06852620563355405,0.004946996466431096,0.25444122598158897,1.6853526220614827,334,0.00066862740949197,YGR108W,non_ess,non_ess
-0.4982103078530897,-0.3293269897853836,9,1.25,-0.22049751297374767,0.006381039197812215,0.17768739920061707,0.6077922077922078,493,0.0008690490938776415,YLR063W,non_ess,non_ess
-0.4403464161335641,-0.3931344055944103,0,0.8333333333333334,0.8892445009240995,0.003451251078515962,0.06199926044619746,2.655172413793103,419,0.0005024494410249969,YDR520C,non_ess,ess
-0.2088908492554616,-0.2336158660718435,6,0.7567567567567568,-0.6540330908847002,0.01935483870967742,0.4244801047977729,0.8338624338624339,142,0.002862335302135393,YKL065C,non_ess,non_ess
-0.5560741995726153,-0.3670313718543539,2,1.7777777777777777,-0.7876383947692076,0.012684989429175477,0.7702817834716481,0.7648401826484019,154,0.0024299168062381594,YIL087C,non_ess,non_ess
-0.6718019830116665,-0.4047357539233243,3,1.7,-0.4713482876140472,0.0048721071863581,0.1942537794655012,2.537313432835821,553,0.0005858863072202777,YKR030W,non_ess,non_ess
-0.2088908492554616,-0.24811755148298595,2,0.9444444444444444,1.868107849792225,0.0035346097201767305,0.12613066045154925,4.225641025641028,897,0.00013200604863536285,YNL192W,non_ess,ess
1.2955703354522043,0.7670004272969845,6,0.7272727272727273,0.7910855021518083,0.017194570135746608,0.4307993055460623,1.6034302173343806,196,0.000803398282389879,YBR007C,non_ess,non_ess
-0.6718019830116665,-0.4047357539233243,0,0.8461538461538461,-0.3895491219704713,0.004390779363336993,0.09433345529942676,4.4642857142857135,680,0.0002808807386840576,YNL006W,ess,ess
0.022564717622640867,-0.12920373111161798,4,1.2222222222222223,-0.2232241518285336,0.014625228519195612,0.7105843787429869,0.8529411764705882,773,0.0004552646329148053,YLR420W,non_ess,non_ess
-0.2667547409749872,0.1492286287823168,0,0.8,-0.9212436986537148,0.033742331288343565,0.6927102129195236,1.8030303030303032,173,0.0018972303982410718,YLR140W,ess,non_ess
0.7747953099764741,0.5842791911165899,8,0.7857142857142857,-0.8476244495744967,0.07125307125307126,1.7759151556619912,0.762758620689655,61,0.016393442622950817,YDR482C,non_ess,non_ess
0.3697480679397946,-0.0015888994935645325,0,0.56,-0.07871229252488267,0.017557861133280128,0.4040406609793865,0.6671982987772461,195,0.002635725540753474,YIL160C,non_ess,non_ess
0.022564717622640867,-0.2423168773185289,0,2.25,-0.6294933411916275,0.02472952086553323,0.8449599314223369,0.5433789954337899,92,0.002939990592030105,YCR020C,non_ess,non_ess
-0.15102695753593598,-0.3119249672920127,0,0.0,3.1387215561224378,0.002712288754433549,0.05710306041173776,3.222972972972973,983,0.00013562505001041067,YNL139C,non_ess,ess
0.6590675265374226,0.1521289658645453,2,2.1111111111111107,1.36367966165684,0.009507042253521126,0.21422155688622754,1.266590822904816,270,0.0003364632237871674,YBR086C,non_ess,non_ess
-0.9032575498897693,-0.45694182140343703,0,0.6896551724137931,0.043986455940481256,0.0,0.0,0.0,1189,0.0001884469306781908,YDR023W,ess,ess
-0.9032575498897693,-0.45694182140343703,1,4.0,-0.5095212315810493,0.0,0.0,0.0,280,0.0035714285714285718,YLR323C,ess,non_ess
-0.4403464161335641,-0.26841991105858537,0,0.9230769230769232,-0.5558740921124091,0.01098901098901099,0.3260611937082525,1.4525316455696202,79,0.0115106412574767,YDR538W,non_ess,non_ess
-0.7875297664507178,-0.4018354168410958,3,0.5454545454545454,-0.3213831506008247,0.0020283975659229213,0.07364836100468282,2.169642857142857,513,0.0007769593015669668,YLR239C,non_ess,non_ess
-0.2088908492554616,0.13182660628894588,0,1.0,0.3848163127887144,0.006806579693703914,0.2205593612286749,0.5473684210526316,286,0.0013049910951215544,YOR308C,non_ess,non_ess
0.6012036348178971,0.25364076374254235,3,0.8421052631578947,-0.9130637820893576,0.07761194029850746,2.4607296849087894,0.4390243902439024,123,0.0031549569227035555,YPR170C,non_ess,non_ess
1.4691620106107812,1.0135290792864058,4,2.1,1.914460710323585,0.011897852582704585,0.2925377834572612,1.0152845528455283,725,0.00033662217063261764,YDR128W,non_ess,non_ess
-0.5560741995726153,-0.3583303606076685,0,1.8333333333333333,0.4584355618679328,0.0032537960954446853,0.08955686396033467,2.763157894736842,537,0.0002898322406556873,YLR088W,ess,ess
-0.4403464161335641,-0.17850946150950225,0,1.2,0.08215939990748337,0.0055944055944055935,0.2122779348311264,3.6286764705882346,757,0.00023279230676852871,YPL063W,ess,ess
1.2955703354522043,0.6219835731855602,9,0.6666666666666666,0.5047884223992924,0.020052770448548814,0.4339707134522596,0.768866610971874,329,0.0004908132904540023,YOR356W,non_ess,non_ess
0.4854758513788458,0.2420394154136284,3,0.7272727272727273,0.3820896739339285,0.013636363636363636,0.3449564134495641,1.5124309392265192,121,0.0019675056348610067,YJL186W,non_ess,non_ess
-0.035299174096884746,0.11442458379557495,1,1.0,-0.6294933411916275,0.023183925811437404,0.4603839583502807,0.8172043010752689,250,0.004,YAL004W,non_ess,non_ess
-0.7875297664507178,-0.4453404730745231,0,0.3636363636363637,-0.4495351767757603,0.002366863905325445,0.056135963828271525,9.448214285714283,497,0.0006929148857642897,YDL006W,non_ess,ess
-0.4982103078530897,-0.3931344055944103,3,0.9,0.013993428537836741,0.005166051660516605,0.16119311193111932,2.9538461538461536,516,0.000943962928001373,YML097C,non_ess,non_ess
2.1635287112450885,3.6325334645387297,2,0.6428571428571429,0.3820896739339285,0.030113636363636363,0.9451433421350434,1.1311367689852625,130,0.001075174825174825,YLL028W,non_ess,non_ess
1.1798425520131532,0.3029464941404266,0,0.6923076923076923,1.829934905825223,0.010736653742916793,0.4141102379680813,1.303030303030303,614,0.0002778395738756969,YNR067C,non_ess,non_ess
-0.4403464161335641,-0.36123069768989696,2,2.0,-0.3650093722773985,0.008528784648187633,0.2928737700749203,2.9287383177570088,160,0.0010261194029850746,YOL096C,non_ess,non_ess
-0.32461863269451285,-0.1930111469206447,4,1.0,-0.005093043445664315,0.0074962518740629685,0.2062922027358414,1.2669642857142858,276,0.0015264107076896336,YIL071C,non_ess,non_ess
-0.3824825244140385,-0.36123069768989696,8,0.5454545454545454,0.1966782318084897,0.005784061696658098,0.10223582735759708,3.597633136094674,383,0.0005168236154832302,YMR064W,non_ess,non_ess
-0.5560741995726153,-0.3960347426766388,2,0.2258064516129032,0.14759873242234414,0.0039946737683089215,0.32183859840422746,0.9960784313725491,520,0.0009295298576257297,YDR036C,non_ess,non_ess
1.1798425520131532,0.5697775057054475,10,5.0,1.1837214972409729,0.013626040878122634,0.3666745262530869,0.8632075471698114,675,0.0008416743768749824,YML099C,non_ess,non_ess
1.9899370360865118,4.459129532973849,2,1.1904761904761905,-0.2750302900694649,0.048216007714561235,0.9936794065134577,1.1163157894736842,251,0.00065696711706693,YOR091W,non_ess,non_ess
0.2540202845007433,0.6306845844322457,1,2.4,-0.7549187285117772,0.03929273084479371,1.1547697009386595,1.1454545454545455,187,0.0019856486977716608,YDL094C,non_ess,non_ess
-0.5560741995726153,-0.3786327201832679,2,1.2352941176470589,-0.14142498618495758,0.005067567567567568,0.1426235727706316,1.6086021505376351,537,0.000644848759373899,YPL112C,non_ess,non_ess
0.1961563927812177,0.030314808410948836,1,0.7714285714285715,-0.8994305878154281,0.054285714285714284,1.7076600985221675,0.4210526315789474,109,0.0076802096985583235,YLR280C,non_ess,non_ess
-0.6139380912921409,-0.32642665270315513,1,1.4444444444444444,1.1319153590000417,0.0019342359767891683,0.04009405132556283,6.420576131687242,1148,8.188490285013377e-05,YOR217W,ess,ess
-0.2088908492554616,-0.2829215964697278,4,0.7916666666666666,-0.7876383947692076,0.02536997885835095,0.7375661274430084,1.2941441441441444,186,0.0016026733956216329,YOR044W,non_ess,non_ess
-0.7875297664507178,-0.3989350797588673,0,0.8888888888888888,-0.3595560945678268,0.00211864406779661,0.04808860024288505,2.1616161616161618,677,0.0009372731141877176,YOR312C,non_ess,ess
4.4202204883065885,2.840741441090353,11,0.4375,-0.12233851420145653,0.07634854771784233,1.73577266440337,0.8017902813299231,190,0.0007075780738152435,YBL013W,non_ess,non_ess
0.3697480679397946,-0.22491485482515805,1,1.1,0.7338260862013052,0.01024685607824872,0.2855225659769643,1.4168096054888508,790,0.0003991439335428298,YOR022C,non_ess,non_ess
0.6590675265374226,0.14052761753563134,0,2.2,0.6901998645247313,0.012863268222963315,0.2801600620053615,2.933771209633279,524,0.00012546868919769135,YBR019C,non_ess,non_ess
-0.9032575498897693,-0.45694182140343703,0,1.1428571428571428,-0.435901982501831,0.0,0.0,0.0,775,0.000978244561140285,YOR194C,ess,ess
-0.4982103078530897,-0.23071552898961506,2,0.9285714285714286,-0.05689918168659575,0.005481597494126861,0.11460983301233887,0.8310871518418691,631,0.0008513416076456929,YBR130C,non_ess,non_ess
-0.7875297664507178,-0.4366394618278376,7,0.6666666666666666,-0.7767318393500642,0.004123711340206186,0.123835361599876,0.4925925925925926,232,0.0032616423746889447,YIL138C,non_ess,non_ess
-0.3824825244140385,-0.38733373142995337,0,1.5,-0.26957701235989323,0.00862895493767977,0.2562623515369715,1.8613485280151945,285,0.0008309364014062001,YBR159W,non_ess,non_ess
0.022564717622640867,-0.11180170861824704,1,2.6666666666666665,-0.9185170597989292,0.0486322188449848,0.9948590941498744,1.0309090909090908,128,0.002659574468085107,YLR294C,non_ess,non_ess
0.1961563927812177,-0.29162260771641324,6,0.8333333333333334,2.4625151201355435,0.004692516670782909,0.14218325512472216,1.348412353197042,1563,0.00016970612871403996,YLR384C,non_ess,non_ess
0.022564717622640867,-0.23071552898961506,0,0.0,4.308449624825574,0.002631578947368421,0.06570645857546073,4.088293650793651,1923,0.00017259900922352684,YJL005W,ess,ess
-0.9032575498897693,-0.45694182140343703,0,1.4285714285714286,-0.7930916724787793,0.0,0.0,0.0,155,0.0024452579954410444,YIL098C,non_ess,ess
-0.4403464161335641,-0.2945229447986418,5,5.5,0.37936303507914265,0.004553215708594196,0.1568518981483944,1.8938053097345136,448,0.0007927473778355964,YHR109W,non_ess,non_ess
0.5433397430983714,-0.04219361864476336,3,0.42857142857142855,0.9246908060363156,0.010606703436571913,0.15761767262152396,0.8240000000000003,732,0.00032689512230746223,YMR016C,non_ess,non_ess
-0.035299174096884746,-0.2742205852230423,0,3.25,0.36300320195042746,0.008625646923519264,0.32956282696812017,1.6744744744744748,260,0.0010129605874286726,YHR194W,non_ess,non_ess
-0.32461863269451285,-0.25101788856521445,3,0.5,-0.5776872029506961,0.014204545454545452,0.6917468692022263,0.7788079470198676,186,0.0015120967741935483,YIR038C,non_ess,non_ess
-0.3824825244140385,-0.23071552898961506,6,0.5333333333333333,-0.4277220659374734,0.010356731875719215,0.15185447463928475,2.136986301369863,171,0.001029616619223548,YFR032C,non_ess,non_ess
-0.035299174096884746,-0.17560912442727378,11,1.2,0.06034628906919645,0.010668563300142249,0.2273057160275205,1.0819532908704883,416,0.0005830096290622606,YGR212W,non_ess,non_ess
-0.6718019830116665,-0.3960347426766388,2,0.8181818181818182,-0.17141801358760209,0.0034752389226759338,0.05369627836992657,3.9625,481,0.0003883453058083813,YML008C,non_ess,ess
-0.7875297664507178,-0.4134367651700097,0,0.0,-0.8857973935414988,0.0054794520547945215,0.4000452847277256,2.5563380281690136,296,0.0017956312476860425,YML047W-A,non_ess,ess
-0.9032575498897693,-0.45694182140343703,0,1.3333333333333333,-0.7058392291256317,0.0,0.0,0.0,563,0.0007130034798355676,YDR454C,ess,ess
-0.035299174096884746,-0.14950609068721735,0,0.5,-0.6267667023368415,0.02307692307692308,0.5581730769230769,0.3966942148760331,467,0.0012979739746335035,YBL059W,non_ess,non_ess
-0.8453936581702434,-0.4424401359922946,0,0.8518518518518519,-0.3704626499869703,0.001072961373390558,0.01927826924761321,11.544502617801047,337,0.0009392391844220018,YML121W,non_ess,ess
-0.09316306581641036,-0.2278151919073865,4,1.0,-0.3731892888417561,0.015069967707212056,0.2670049720641755,1.66046511627907,201,0.001156756583069582,YGR208W,non_ess,non_ess
-0.2667547409749872,-0.236516203154072,1,0.5555555555555556,-0.9294236152180726,0.03470031545741325,1.043410114477313,1.0978135788262369,65,0.004756127153603493,YJL182C,non_ess,non_ess
-0.8453936581702434,-0.4540414843212086,0,2.0,0.4475290064487893,0.0005458515283842794,0.018782254863040887,4.821917808219179,762,0.0007915563502160482,YDL153C,ess,ess
-0.3824825244140385,-0.0015888994935645325,1,1.3333333333333333,0.3548232853860699,0.005202312138728325,0.1719865302009864,2.045432098765432,288,0.00047366730892742454,YHR092C,non_ess,non_ess
0.2540202845007433,-0.08569867487819066,2,1.2222222222222223,-0.11415859763709893,0.016474464579901153,0.6472449717326633,1.2802631578947368,203,0.0011158812215450286,YBR205W,non_ess,non_ess
-0.6718019830116665,-0.4076360910055528,0,1.0,0.15577864898670174,0.0026472534745201853,0.07818354622492697,2.235294117647059,602,0.000503505851881331,YGL065C,ess,ess
-0.15102695753593598,-0.07119698946704822,3,2.0,-0.4931613984523342,0.01631116687578419,0.4540912349883491,0.8856937455068298,202,0.0013416649067667119,YLR102C,non_ess,non_ess
-0.7875297664507178,-0.4337391247456092,2,1.75,-0.7712785616404925,0.004073319755600814,0.1916349969555084,2.5866666666666664,180,0.0018556234442181488,YIR037W,non_ess,non_ess
-0.7875297664507178,-0.4105364280877813,1,0.9,-0.8530777272840684,0.004987531172069825,0.12728509305249272,4.36036036036036,195,0.0020717437176290053,YML094C-A,non_ess,non_ess
-0.6139380912921409,-0.36413103477212544,0,1.5,0.22667125921113426,0.0031466331025802393,0.07255611495699603,2.4742268041237114,948,0.00020778400023367408,YPR162C,ess,ess
1.7584814692084092,0.5581761573765335,0,1.0,0.8510715569570974,0.020210896309314587,0.4984405554592935,0.7594893029675639,277,0.00040447171235875217,YKL034W,non_ess,non_ess
0.08042860934216649,-0.13500440527607493,1,0.7894736842105263,0.5402347275115087,0.008790072388831437,0.25854937060942124,1.4621848739495795,173,0.0008966411821317346,YNL115C,non_ess,non_ess
-0.6718019830116665,-0.3061242931275557,0,0.0,0.3575499242408557,0.002308136180034622,0.054041806267616906,2.9843750000000004,1428,0.00025780652711171026,YGR278W,ess,ess
0.1961563927812177,-0.16110743901613134,4,0.5,0.20213150951806144,0.012163892445582587,0.2694770018713681,0.9548022598870058,230,0.0007738128374993041,YBL019W,non_ess,non_ess
-0.4982103078530897,-0.33802800103206904,4,1.3,-0.8912506712510705,0.01949860724233984,0.5242453527371952,1.008230452674897,116,0.004010181538757085,YIL165C,non_ess,non_ess
2.742167628440345,3.214884924697828,3,1.125,0.7092863365082324,0.029716981132075482,1.2082365747460089,0.6562835660580022,219,0.0005040062031532696,YPL155C,non_ess,non_ess
0.08042860934216649,-0.07119698946704822,2,1.032258064516129,0.29756386943556673,0.010197960407918415,0.2169899353462641,1.6034858387799564,249,0.0009829359429318956,YDR387C,non_ess,non_ess
1.7584814692084092,0.6509869440078451,9,0.9375,-0.16051145816845866,0.03955288048151333,0.9561091033689124,1.1039525691699603,108,0.001003152765835483,YOR084W,non_ess,non_ess
0.4854758513788458,-0.1872104727561877,0,0.6666666666666666,1.5572710203466364,0.007861120209629872,0.27254503766786764,1.7441860465116281,612,0.00011185826006349695,YGL201C,ess,non_ess
-0.2088908492554616,-0.1872104727561877,1,1.625,0.1639585655510593,0.007894736842105262,0.32180759275237275,1.6836518046709132,358,0.0005770361658335784,YMR169C,non_ess,non_ess
-0.8453936581702434,-0.4540414843212086,2,0.8666666666666667,-0.9266969763632869,0.003125,0.06736979166666666,5.363128491620112,212,0.0047169811320754715,YOL050C,non_ess,non_ess
-0.5560741995726153,-0.36123069768989696,4,0.75,-0.7194724233995609,0.010948905109489052,0.3732317033783348,1.4675324675324672,172,0.0016338482430826686,YCR090C,non_ess,non_ess
-0.035299174096884746,-0.1640077760983598,0,1.25,1.9908065982575889,0.00424929178470255,0.1727743957567356,2.193333333333333,1094,0.00014319673107498538,YOL078W,ess,ess
-0.4982103078530897,-0.33512766394984056,0,0.8275862068965517,0.1830450375345604,0.004542504866969501,0.10562311316762124,3.2857142857142856,500,0.0008968202465931212,YJL194W,ess,ess
0.7747953099764741,0.5262724494720201,2,0.5263157894736842,1.8926475994852976,0.00847457627118644,0.1899131872674659,0.7227057397818661,927,0.00046277119243022334,YMR317W,non_ess,non_ess
-0.7875297664507178,-0.43083878766338063,6,0.7027027027027027,-1.000316225442505,0.008368200836820083,0.20623991038777054,2.834821428571429,96,0.0069735006973500714,YDR379C-A,non_ess,non_ess
-0.3824825244140385,-0.3409283381142976,0,0.9268292682926828,0.2730241197424939,0.005487804878048779,0.15249765478424013,4.574074074074074,787,0.00026962531378808065,YDR188W,ess,ess
-0.4982103078530897,-0.007389573658021506,0,4.0,-0.8339912553005673,0.016587677725118485,0.9194097371822492,2.3571428571428568,356,0.0009651738644230256,YDR437W,ess,non_ess
-0.6139380912921409,-0.4163371022522382,0,0.9142857142857144,-0.3377429837295399,0.005165289256198347,0.10557159974192756,2.819213973799126,554,0.0005295820031625743,YNL098C,non_ess,ess
0.8905230934155252,0.2391390783313999,2,0.4137931034482759,0.5266015332375794,0.01615424700364773,0.5625139581627335,0.7689625108979948,1089,0.000422051774555446,YLL024C,non_ess,non_ess
-0.15102695753593598,-0.10890137153601856,0,0.0,0.4693421172870762,0.007004310344827586,0.2525190326914465,1.7313609467455615,853,0.0002646592149411812,YNL061W,ess,ess
-0.7875297664507178,-0.4018354168410958,1,1.0476190476190477,-0.9566900037659312,0.006968641114982578,0.1265428857811083,2.5614035087719293,126,0.003760853935069963,YDL045W-A,non_ess,non_ess
-0.15102695753593598,-0.2800212593874993,0,0.875,-0.002366404590878449,0.009723261032161557,0.2671102743317944,1.4711538461538465,273,0.0007643814674480342,YOR190W,non_ess,non_ess
0.4276119596593202,0.15502930294677378,4,0.16666666666666666,-0.7031125902708458,0.04063604240282685,1.00144096186499,1.572463768115942,89,0.0015682693452971767,YOR179C,non_ess,non_ess
-0.2667547409749872,-0.3206259785386981,1,1.1111111111111112,0.4011761459174296,0.006176305446378439,0.40657736424159785,0.9605488850771868,544,0.0004954255705651153,YDR101C,non_ess,non_ess
0.4276119596593202,-0.08859901196041915,0,3.0,1.0146698882442493,0.009364820846905538,0.2211722229608456,1.848631239935588,462,0.0002264971727512444,YOR322C,non_ess,non_ess
-0.9032575498897693,-0.45694182140343703,3,0.75,0.0248999839569802,0.0,0.0,0.0,1367,0.00023545919090870655,YLR195C,ess,non_ess
0.7169314182569483,0.1289262692067174,6,5.333333333333333,0.6901998645247313,0.01333968556455455,0.4017565300246494,0.9968793342579751,284,0.00035228042864140536,YLR233C,non_ess,non_ess
-0.15102695753593598,-0.34382867519652605,6,0.875,0.916510889471958,0.005536626916524703,0.2343838727995457,1.326923076923077,652,0.0004134833457008184,YLR241W,non_ess,non_ess
0.6012036348178971,0.23043806708471445,1,0.6176470588235294,0.14759873242234414,0.017310252996005325,0.5825122059476253,1.2073170731707317,207,0.0010581704265488208,YGL202W,non_ess,non_ess
0.4854758513788458,-0.0973000232071046,1,5.0,1.8272082669704368,0.007164179104477613,0.3055983884259683,1.141,486,0.00032798968122351206,YNR065C,non_ess,non_ess
-0.9032575498897693,-0.45694182140343703,0,1.3333333333333333,-0.4658950099044755,0.0,0.0,0.0,623,0.0004153557405462899,YCR047C,non_ess,ess
-0.5560741995726153,-0.3467290122787545,1,0.9166666666666666,-0.5177011481454069,0.007792207792207792,0.11824420121363352,1.757675438596491,427,0.000772529578150187,YHL033C,non_ess,non_ess
-0.8453936581702434,-0.4395397989100661,1,1.0,-0.4522618156305462,0.0011876484560570072,0.028468632108425318,7.734597156398108,568,0.0007255528419925733,YPL076W,ess,non_ess
-0.09316306581641036,0.09412222421997554,2,0.6666666666666666,-0.25321717923117804,0.013195098963242223,0.33818934744372786,1.3298429319371727,179,0.001442720317609086,YKR011C,non_ess,non_ess
-0.9032575498897693,-0.45694182140343703,0,1.5625,-0.5476941755480514,0.0,0.0,0.0,737,0.0006204330512234683,YGL098W,ess,ess
-0.9032575498897693,-0.45694182140343703,0,0.6666666666666666,-0.13597170847538584,0.0,0.0,0.0,783,0.0006654002597207466,YNR043W,ess,ess
0.08042860934216649,-0.09439968612487612,4,2.5,-0.5040679538714776,0.021656050955414008,0.7158990690837824,0.8342245989304813,150,0.0012144373673036093,YDR428C,non_ess,non_ess
0.1961563927812177,-0.11760238278270405,9,0.875,-0.8830707546867129,0.051630434782608696,1.6192834138486314,1.3475499092558985,40,0.0048233695652173895,YOR364W,non_ess,non_ess
-0.035299174096884746,-0.2452172144007575,8,0.7333333333333333,0.09851923303619856,0.010359116022099449,0.19815781445954647,1.81769696969697,190,0.000985024716487351,YDR524C,non_ess,non_ess
0.1961563927812177,0.06511885339769068,1,0.6470588235294118,-0.7685519227857065,0.038461538461538464,0.655185610409491,0.5549611734253668,140,0.0022990167727009827,YIL057C,non_ess,non_ess
-0.9032575498897693,-0.45694182140343703,0,0.0,-0.8857973935414988,0.0,0.0,0.0,365,0.0023268905986113717,YDL152W,ess,ess
0.6012036348178971,0.024514134246491855,3,0.0,-0.5422408978384797,0.03499327052489905,1.0285900730046087,0.7440318302387267,100,0.003283983849259758,YLL038C,non_ess,non_ess
-0.09316306581641036,0.2014346962624296,3,0.7272727272727273,1.0773825819043241,0.0055445544554455425,0.12766394631094907,1.1330594184576486,840,0.0004903347477604903,YDR505C,non_ess,non_ess
-0.3824825244140385,-0.30902463020978416,6,2.333333333333333,0.15577864898670174,0.005956320317670417,0.2649097872432761,1.4826388888888888,449,0.0005335778161338013,YGL017W,non_ess,non_ess
-0.5560741995726153,-0.3728320460188109,0,1.0,1.061022748775609,0.002393298763462305,0.039507290035661335,5.434046345811051,845,0.00021336706924752704,YDL126C,ess,ess
0.6012036348178971,0.007112111753120929,3,1.0,0.3548232853860699,0.015028901734104047,0.5188549408202587,1.1799331103678932,570,0.0003336375621133759,YER087W,non_ess,non_ess
0.1961563927812177,0.4653653707452219,7,0.8409090909090909,-0.19050448557110314,0.016814159292035398,0.4719249272435707,0.9802631578947372,153,0.0016426629648909714,YNL134C,non_ess,non_ess
-0.6718019830116665,-0.17270878734504527,1,0.8461538461538461,0.19395159295370384,0.0025756600128783,0.04740334275875584,7.666666666666668,1097,0.00012267842814301841,YBR127C,non_ess,ess
-0.7875297664507178,-0.3699317089365824,3,0.6,-0.6758462017229871,0.003355704697986577,0.1871450696954053,1.181818181818182,596,0.0010556956893833607,YNL260C,ess,non_ess
0.08042860934216649,-0.05669530405590579,2,0.29411764705882354,-0.043265987412666435,0.013157894736842105,0.3677911534154535,1.4926019487549622,388,0.0005745108678305831,YKL132C,non_ess,non_ess
0.2540202845007433,0.14632829170008832,1,0.9545454545454546,0.47479539499664797,0.010741138560687431,0.2736789279991548,0.9891891891891892,246,0.0007226253787779554,YDL025C,non_ess,non_ess
1.1798425520131532,0.6393855956789312,2,0.6458333333333334,-0.2586704569407497,0.034123222748815164,0.8075829383886256,0.9485677083333331,73,0.0015191845744335518,YNL231C,non_ess,non_ess
-0.6718019830116665,-0.4047357539233243,2,0.6666666666666666,0.0248999839569802,0.002926115581565472,0.08103089302796693,4.622222222222222,366,0.0003677631605246221,YOL072W,non_ess,ess
-0.035299174096884746,-0.06249597822036276,11,2.5,-0.1986844021354608,0.013380909901873328,0.20032353453679164,1.6141176470588237,202,0.0012056067337331414,YMR191W,non_ess,non_ess
4.0730371379894335,1.6022975069787888,3,0.4918032786885246,0.8619781123762408,0.03758741258741258,0.5553102662304435,1.1031459321140966,134,0.0009719757854086213,YER001W,non_ess,non_ess
1.0062508768545764,0.9700240230529786,5,0.35294117647058826,0.8592514735214549,0.014442013129102843,0.4261000680359672,1.2345072345072343,425,0.0002481657871025872,YLR069C,non_ess,non_ess
1.7584814692084092,0.4073586291006522,0,0.5714285714285714,0.7883588632970224,0.02084277299501586,0.6235039287411452,0.9723320158102764,257,0.0008797617767309181,YHL016C,non_ess,non_ess
0.4276119596593202,-0.016090584904706967,1,1.5,0.1257856215840572,0.015561569688768604,0.2980933472348544,1.5219225830122909,213,0.0006511781559905214,YPL219W,non_ess,non_ess
-0.7296658747311922,-0.4076360910055528,0,2.25,-0.8694375604127835,0.007832898172323759,0.2373422921725793,1.47119341563786,218,0.004587155963302753,YMR172C-A,non_ess,non_ess
0.311884176220269,-0.12630339402938948,3,0.75,-0.3895491219704713,0.02305159165751921,0.6714653326375267,1.1830303030303029,239,0.0011114734371627114,YER185W,non_ess,non_ess
-0.2667547409749872,0.23043806708471445,0,1.4,0.8756113066501702,0.004776378636561007,0.13990652384257438,2.9765625000000004,855,0.00022802700774225327,YGR245C,ess,ess
-0.9032575498897693,-0.45694182140343703,1,0.3333333333333333,-0.6703929240134154,0.0,0.0,0.0,602,0.0008526395955894526,YFR042W,ess,non_ess
-0.5560741995726153,-0.3728320460188109,0,1.375,0.09306595532662684,0.004160887656033287,0.12366402871828346,6.623376623376622,537,0.00016529907510001886,YLR378C,ess,non_ess
-0.15102695753593598,-0.1930111469206447,1,0.0,0.6874732256699454,0.006202290076335878,0.16080846634281748,2.047146401985112,310,0.0009849790691947797,YDR108W,non_ess,non_ess
-0.4403464161335641,-0.30902463020978416,2,2.333333333333333,-0.2404928645755107,0.007441860465116278,0.12358344864527072,1.5465039577836412,577,0.00033211075732537986,YBR084C-A,non_ess,non_ess
1.9899370360865118,0.5871795281988184,3,2.375,2.9233170865943547,0.010974539069359086,0.24073541276131266,1.3314878892733564,449,0.0003285029066641116,YKL101W,non_ess,non_ess
-0.5560741995726153,-0.1872104727561877,2,0.8571428571428571,-0.9185170597989292,0.0182370820668693,0.6015065415620456,0.4323308270676692,214,0.002599210294577167,YDL068W,non_ess,non_ess
0.7747953099764741,0.021613797164263367,0,3.25,1.9962598759671608,0.008201357466063349,0.20900125997866312,1.4079267420231794,400,0.0004701640271493213,YGR233C,non_ess,non_ess
-0.7296658747311922,-0.4192374393344667,2,0.6,0.04943973365005299,0.002152080344332855,0.03602251407129456,6.634768740031898,412,0.0006459723363652825,YER038C,ess,ess
-0.15102695753593598,-0.2887222706341848,5,1.5625,0.6383937262837999,0.006366307541625857,0.1654967896397867,1.1584158415841583,981,0.00024061477574403373,YKL126W,non_ess,non_ess
0.6590675265374226,0.010012448835349415,1,1.75,1.2491608297558336,0.009948415622697123,0.4256800938275193,1.126984126984127,234,0.0011289987340097874,YDR409W,non_ess,non_ess
-0.7875297664507178,-0.4076360910055528,1,0.6,-1.0139494197164345,0.008928571428571428,0.2692448680351906,0.6875,148,0.005731177606177606,YAR029W,non_ess,non_ess
4.1887649214284846,2.820439081514753,2,0.5862068965517241,0.3684564796599992,0.0504297994269341,0.9715056844440336,0.9137901572112098,239,0.000290129599213533,YHR032W,non_ess,non_ess
-0.7875297664507178,-0.4395397989100661,0,0.75,-0.6349466189011992,0.0031201248049922,0.07360727926654012,2.060913705583756,185,0.0022346839819538727,YKR035C,non_ess,ess
0.6590675265374226,0.11732492087780345,0,1.0,0.5729543937689391,0.013705583756345178,0.3799255919538418,1.2502986857825569,233,0.0006579377355613168,YKL079W,non_ess,non_ess
-0.5560741995726153,-0.3844333943477248,0,3.333333333333333,-0.005093043445664315,0.004497751124437782,0.2190840063839048,1.6074074074074074,436,0.0004006024510680439,YHR190W,ess,ess
-0.035299174096884746,-0.2771209223052708,1,0.8666666666666667,0.7638191136039496,0.006880733944954129,0.2581839032527106,1.7360544217687073,569,0.0006344625207590978,YKL135C,non_ess,non_ess
1.7006175774888836,0.9642233488885216,1,0.5,0.7038330587986606,0.02128666035950804,0.4000424102045476,0.9701314217443252,242,0.0005355872303494216,YGL249W,non_ess,non_ess
0.6012036348178971,0.6306845844322457,6,0.7105263157894737,-0.25321717923117804,0.024505183788878417,0.7021200443813456,0.6482051282051281,197,0.0013635254548673074,YKL051W,non_ess,non_ess
0.08042860934216649,-0.1698084502628168,9,1.0,0.4557089230131469,0.009234111895708854,0.2835641861307261,1.1414267834793492,749,0.0004554325194773549,YDL229W,non_ess,non_ess
-0.4403464161335641,-0.3757323831010394,0,1.5555555555555556,-0.2177708741189618,0.007272727272727274,0.2443434343434344,2.0454545454545454,149,0.0010555216595485052,YBR221C,non_ess,ess
-0.4982103078530897,-0.3525296864432115,0,0.6,0.5102417001088642,0.003682272488164124,0.11885122052223356,4.592153960029608,369,0.0003421391394345295,YDR477W,non_ess,ess
2.3371203864036656,0.7495984048036136,14,2.2857142857142856,0.2430310923398494,0.03484754200373367,1.1754193381484097,0.7946428571428571,149,0.000847800938010299,YFR006W,non_ess,non_ess
-0.7875297664507178,-0.4453404730745231,1,0.6666666666666666,-0.2641237346503215,0.0019065776930409914,0.07290957374370148,8.182648401826484,397,0.0008692457492202001,YGL100W,non_ess,ess
-0.2667547409749872,-0.33802800103206904,0,1.2352941176470589,0.9246908060363156,0.004666949512091642,0.07071275646868888,2.6845146379044684,931,0.00023924894969711084,YAL043C,ess,ess
-0.6718019830116665,-0.4337391247456092,1,0.875,-0.6922060348517023,0.006920415224913495,0.16452602975387565,0.2892156862745098,169,0.005046989209885137,YNL090W,non_ess,non_ess
3.6101260042332286,2.3563851483581955,3,0.6,0.5838609491880825,0.039354187689202826,0.9058575371111084,1.3174603174603174,114,0.0008541788376086533,YLR299W,non_ess,non_ess
0.9483869851350506,0.1869330108512872,3,0.6428571428571429,1.221894441207975,0.011922503725782414,0.2177003324544308,1.0963855421686748,475,0.00044630951447172335,YPL249C,non_ess,non_ess
0.022564717622640867,-0.12050271986493252,3,0.6153846153846154,-0.040539348557880564,0.012355212355212357,0.2125,1.5049504950495047,296,0.0007278514035270793,YMR187C,non_ess,non_ess
0.7747953099764741,0.2710427862359133,10,0.7142857142857143,0.043986455940481256,0.020893371757925067,0.4972093532265714,0.9739145971055924,268,0.000672071917071702,YKL194C,non_ess,non_ess
-0.035299174096884746,-0.0973000232071046,6,0.8333333333333334,0.5020617835445066,0.007928118393234672,0.22880448687736496,0.9235294117647056,333,0.0007428146963030682,YHR171W,non_ess,non_ess
-0.5560741995726153,-0.33512766394984056,0,0.5,0.3166503414190678,0.0035545023696682467,0.09785762646290744,1.176,1228,0.0005461043271531562,YLR286C,non_ess,ess
-0.4982103078530897,-0.3525296864432115,4,0.6666666666666666,-0.7167457845447751,0.012704174228675136,0.29186343725354186,0.9095238095238096,522,0.0009352553003594996,YMR072W,non_ess,non_ess
-0.6718019830116665,-0.3003236189630987,1,0.5714285714285714,0.1830450375345604,0.0025957170668397143,0.14712524334847502,1.802884615384616,639,0.0004112931972105182,YPL122C,ess,non_ess
-0.3824825244140385,-0.31772564145646964,3,1.375,-0.5967736749341971,0.013177159590043924,0.4624387080291253,1.1902687000726218,135,0.0015075104386963831,YMR271C,non_ess,non_ess
-0.5560741995726153,-0.38733373142995337,0,1.8,0.6465736428481574,0.0029254022428083864,0.18609664091970546,6.209497206703911,412,0.00020709765068425065,YLR153C,ess,ess
-0.15102695753593598,-0.23071552898961506,3,0.0,-0.9212436986537148,0.03987730061349693,1.4823776136221358,0.7141700404858301,104,0.005633553563001415,YMR031W-A,non_ess,non_ess
-0.6718019830116665,-0.34382867519652605,8,0.75,-0.7385588953830621,0.007590132827324478,0.2029280634362321,0.28082191780821913,242,0.0039518873398466286,YGL222C,non_ess,non_ess
0.1382925010616921,0.14052761753563134,1,1.4,-0.3541028168582551,0.01894736842105264,0.4452251109701966,1.263318112633181,238,0.0007386112339672711,YBR151W,non_ess,non_ess
-0.7875297664507178,-0.4511411472389801,2,4.0,-0.7467388119474196,0.003861003861003861,0.10719365982523878,12.936170212765957,278,0.0007360906641482183,YDR187C,ess,non_ess
-0.32461863269451285,-0.32642665270315513,0,1.25,0.6874732256699454,0.004770992366412214,0.14246598075008302,1.8648648648648647,1181,0.00019390993529871822,YBR156C,non_ess,ess
-0.2667547409749872,-0.3525296864432115,0,0.5,0.5756810326237249,0.005575266092245312,0.16512966542094204,2.577540106951872,305,0.0006264904073849428,YPR161C,ess,ess
2.6264398450012933,1.12084155132886,2,0.4864864864864865,2.5443142857791194,0.0147378593863252,0.3969864663268867,1.0420912715994683,810,0.00019030063324176235,YGR270W,non_ess,non_ess
-0.2088908492554616,-0.2829215964697278,0,1.4444444444444444,1.9908065982575889,0.0033994334277620396,0.15069050991501418,2.0125786163522017,1101,0.00016287022099404863,YLR272C,ess,ess
0.311884176220269,-0.12630339402938948,2,5.0,1.4263923553169149,0.0072189755929872815,0.2213647301478171,1.5347721822541966,664,0.00018171689853259724,YMR287C,non_ess,non_ess
0.311884176220269,0.8221068318593258,0,1.0,-0.8967039489606422,0.0594900849858357,1.9213791372324025,0.9776701641108421,57,0.00308135778539834,YLR169W,non_ess,non_ess
0.1961563927812177,-0.2800212593874993,6,0.6666666666666666,-0.2586704569407497,0.01800947867298578,0.5377830437072142,0.9910931174089072,183,0.0009841245176494963,YBR145W,non_ess,non_ess
-0.7875297664507178,-0.32642665270315513,4,0.6923076923076923,-0.9294236152180726,0.006309148264984227,0.18067499243766474,1.8559322033898311,246,0.00191069734041189,YML108W,non_ess,non_ess
1.1219786602936277,0.4450630111696225,6,0.5675675675675675,-0.294116762052966,0.0344488188976378,0.5389180717220129,0.6249750249750251,249,0.0012451380324447394,YDR077W,non_ess,non_ess
-0.6718019830116665,-0.38733373142995337,5,0.52,-0.8994305878154281,0.011428571428571429,0.2565145848915482,1.9623287671232883,143,0.003256743256743257,YJR087W,non_ess,non_ess
-0.2667547409749872,-0.3525296864432115,0,1.5714285714285714,0.7719990301683073,0.005025125628140704,0.1634014667934266,3.1971197119711965,1030,0.00027409776153494746,YPR141C,non_ess,ess
-0.15102695753593598,-0.053794966973677305,3,0.4444444444444444,-0.3759159276965421,0.014038876889848813,0.6129621394994282,0.4086538461538462,117,0.005168817263849661,YNR028W,non_ess,non_ess
0.1961563927812177,0.06511885339769068,5,2.0,-0.1005254033631696,0.015459723352318959,0.3768737003887533,1.8535469107551483,150,0.006666666666666667,YDR423C,non_ess,non_ess
-0.5560741995726153,-0.3815330572654964,0,1.2,0.3057437859999243,0.0035799522673031032,0.0922980246788199,7.881390593047035,493,0.0002154264717984964,YMR296C,ess,ess
-0.5560741995726153,-0.03349260739807789,3,1.8571428571428568,-0.4440818990661886,0.007050528789659225,0.17643108947456773,1.551724137931035,178,0.00161079496692589,YGR053C,non_ess,non_ess
-0.7296658747311922,-0.3206259785386981,6,0.9,-0.9348768929276444,0.00964630225080386,0.4110013780431787,1.5555555555555556,116,0.0036866614924049228,YDL032W,non_ess,non_ess
-0.7875297664507178,-0.4424401359922946,1,1.5,-0.5340609812741222,0.002659574468085107,0.07212308396247998,0.0,752,0.0013297872340425536,YLR052W,non_ess,non_ess
-0.2667547409749872,-0.25101788856521445,1,2.333333333333333,0.9056043340528146,0.004708904109589041,0.1488243401269629,6.988636363636362,395,0.00011379400034680076,YLR304C,non_ess,ess
0.8326592016959995,0.6335849215144742,1,0.8085106382978723,-0.00781968230045018,0.02253944402704733,0.6064576423375052,0.9916279069767444,219,0.001327665881045254,YER130C,non_ess,non_ess
-0.7296658747311922,-0.38733373142995337,3,0.7142857142857143,-0.5422408978384797,0.004037685060565276,0.3538608407148893,3.85897435897436,513,0.0003856658244984377,YCL076W,non_ess,non_ess
-0.4403464161335641,-0.32642665270315513,0,0.84,-0.6949326737064881,0.01391304347826087,0.2951686488594268,1.5572625698324023,226,0.0015159676798768755,YDR253C,non_ess,non_ess
-0.32461863269451285,-0.36413103477212544,0,1.0,-0.6894793959969164,0.01721170395869191,0.4292465838095871,1.0055555555555558,126,0.0024178346037210053,YDR248C,non_ess,non_ess
-0.2667547409749872,-0.3583303606076685,0,0.6666666666666666,-0.1468782638945293,0.00933786078098472,0.4739671760045274,1.4366197183098592,188,0.0010566051367265107,YML062C,non_ess,non_ess
-0.3824825244140385,-0.2133135064962441,3,0.0,-0.5367876201289079,0.012016021361815754,0.3142347691659054,0.9934640522875818,409,0.0012143330471598645,YDL202W,non_ess,non_ess
-0.6139380912921409,-0.34382867519652605,3,0.75,-0.1386983473301717,0.0042122999157540005,0.17704961645900766,0.4913793103448276,642,0.0012361328724736042,YKR059W,non_ess,non_ess
-0.7296658747311922,-0.43083878766338063,0,0.8461538461538461,-0.4304487047922593,0.003464203233256351,0.08831986143187068,1.058201058201058,642,0.0012374723906959342,YOR036W,non_ess,ess
-0.8453936581702434,-0.4511411472389801,0,1.1428571428571428,-0.5322432220375982,0.001326259946949602,0.04428035462518221,6.166666666666668,754,0.00045381308529575246,YOR293W,non_ess,ess
1.6427536857693583,0.6335849215144742,6,0.925925925925926,1.2191678023531891,0.01641178664677359,0.5381048929045487,0.8650731452455591,226,0.0009374391407247989,YNR047W,non_ess,non_ess
-0.5560741995726153,-0.3844333943477248,0,0.8571428571428571,1.36367966165684,0.002112676056338028,0.05112080936322158,4.982456140350878,1553,0.00038793611637630033,YLL003W,ess,ess
-0.7296658747311922,-0.36123069768989696,0,5.5,0.4366224510296458,0.0016483516483516484,0.08474566670442958,15.932367149758456,1596,6.644358148117548e-05,YFL002C,ess,ess
-0.15102695753593598,-0.27132024814081385,5,0.8,-0.5449675366932656,0.01756756756756757,0.6426195426195427,0.5481927710843373,186,0.003661726242371404,YHR043C,non_ess,non_ess
-0.5560741995726153,-0.3670313718543539,2,0.6,-0.8612576438484258,0.015306122448979591,0.9613095238095236,0.6371681415929203,85,0.010744297719087637,YER135C,non_ess,non_ess
-0.9032575498897693,-0.45694182140343703,0,0.0,0.5675011160593674,0.0,0.0,0.0,1104,0.00021722527229257063,YJR045C,ess,ess
-0.5560741995726153,-0.2423168773185289,0,1.25,-0.6513064520299143,0.009630818619582664,0.16692457781067074,1.2709284627092847,510,0.0008120101973373619,YOL008W,non_ess,non_ess
0.08042860934216649,0.09122188713774708,2,1.0,-0.8667109215579977,0.04404145077720207,1.2581071777962969,1.1122994652406415,122,0.0030578442198250233,YER084W,non_ess,non_ess
-0.3824825244140385,-0.2887222706341848,1,0.7142857142857143,0.9846768608416048,0.003714403631861329,0.3532783765965772,2.5117227319062185,1086,0.00020445561223054995,YMR049C,ess,non_ess
-0.2667547409749872,-0.3206259785386981,0,0.9444444444444444,1.7099627962146449,0.0034150884818379386,0.08564314106707517,3.105454545454545,1902,0.00012258538618967074,YJL050W,ess,ess
-0.2088908492554616,-0.27132024814081385,8,0.5454545454545454,-0.05417254283180989,0.009375,0.16612654320987652,1.2584745762711866,290,0.0012661637931034482,YMR068W,non_ess,non_ess
-0.7296658747311922,-0.3844333943477248,2,1.0,-0.7876383947692076,0.0063424947145877385,0.12410014183637967,2.11512717536814,121,0.0030402040780668498,YJR047C,non_ess,non_ess
-0.15102695753593598,-0.1466057536049889,5,1.125,-0.21231759640939007,0.011754068716094027,0.4116170051024522,1.6468531468531469,582,0.00037129558857341717,YCR102C,non_ess,non_ess
1.4691620106107812,2.1069561592865456,9,0.6086956521739131,-0.4686216487592614,0.049757281553398064,1.1869599514563107,0.957653748316624,132,0.0009193880553103851,YJL191W,non_ess,non_ess
0.2540202845007433,0.15792964002900226,6,0.8095238095238095,-0.13597170847538584,0.01680672268907563,0.3949234014593491,1.3425414364640886,385,0.0005565862708719852,YJL048C,non_ess,non_ess
0.5433397430983714,0.11152424671334647,5,0.9230769230769232,-0.294116762052966,0.024606299212598427,0.41078495369425977,1.6913074204946994,103,0.009708737864077669,YJR008W,non_ess,non_ess
-0.7875297664507178,-0.4424401359922946,4,2.6666666666666665,-0.8612576438484258,0.005102040816326529,0.26138147566718994,5.85,148,0.0013099834528405956,YDR442W,non_ess,non_ess
0.3697480679397946,-0.123403056947161,0,0.75,0.311197063709496,0.013079667063020214,0.3894347733073299,0.8188670625856556,264,0.0010899722552516846,YHR045W,non_ess,non_ess
-0.7296658747311922,-0.42793845058115215,1,1.1666666666666667,-0.8339912553005673,0.007109004739336493,0.199167413859357,1.5416666666666667,114,0.003429782988276378,YBR188C,non_ess,non_ess
1.1219786602936277,0.7379970564746997,6,1.2,-0.8639842827032118,0.08997429305912596,2.8838312206364685,0.7081807081807081,62,0.0046023716726096685,YLR279W,non_ess,non_ess
0.08042860934216649,-0.1031006973715616,3,0.5737704918032787,0.28665731401642325,0.01027190332326284,0.4557681548618105,1.5088235294117651,523,0.0005649489062057732,YGR023W,non_ess,non_ess
-0.4982103078530897,-0.3728320460188109,1,1.05,1.7535890178912188,0.002141327623126339,0.0603938915812014,3.206136145733461,756,0.00018168104738921503,YMR308C,ess,ess
0.3697480679397946,-0.013190247822478482,1,1.4,-0.17959793015195968,0.01926444833625219,0.4182339653290693,1.4113636363636362,140,0.00120090067550663,YPL203W,non_ess,non_ess
-0.4403464161335641,-0.2829215964697278,0,0.6666666666666666,-0.06235245939616747,0.006294256490952006,0.13565531899902533,1.175438596491228,301,0.0011788661451077056,YML080W,non_ess,non_ess
0.4276119596593202,0.05061716798654824,10,1.3333333333333333,1.502738243250919,0.0076845973939191434,0.26372450171343753,0.8843478260869566,397,0.00031559785595440564,YNL123W,non_ess,non_ess
-0.15102695753593598,-0.2800212593874993,5,1.6,-0.8421711718649251,0.031476997578692496,0.7782615456383145,1.1247654784240149,104,0.002002235053082511,YPR050C,non_ess,non_ess
-0.8453936581702434,-0.4540414843212086,0,3.6666666666666665,-0.11143195878231306,0.0008216926869350862,0.022737101587164292,4.825396825396825,895,0.0007298834481713895,YGL048C,ess,ess
-0.6718019830116665,-0.4453404730745231,0,0.6888888888888889,0.14759873242234414,0.0026631158455392807,0.05957975315423979,7.271739130434782,353,0.00044133789508228876,YEL036C,non_ess,ess
0.2540202845007433,0.3000461570581981,4,0.8,-0.8230846998814239,0.04608294930875576,1.2882867877038109,1.0985294117647058,68,0.001931417728381675,YOR186W,non_ess,non_ess
-0.15102695753593598,-0.2452172144007575,12,0.0,-0.4331753436470451,0.015063731170336037,0.396375769590529,0.5525147928994082,174,0.0017913986228206872,YGL057C,non_ess,non_ess
-0.4403464161335641,-0.3206259785386981,13,1.0,-0.514974509290621,0.01034928848641656,0.1971178434970968,2.6148648648648654,145,0.002319668109024401,YBL036C,non_ess,non_ess
-0.9032575498897693,-0.45694182140343703,0,2.0,-0.5804138418054818,0.0,0.0,0.0,338,0.0007343693286851412,YJL195C,ess,ess
-0.32461863269451285,-0.2829215964697278,1,2.5,-0.3541028168582551,0.010526315789473684,0.3382894736842105,0.7191011235955056,349,0.0010616799879354546,YGR062C,non_ess,non_ess
-0.4403464161335641,-0.3728320460188109,0,2.0,-0.13324506962059998,0.006705783738474434,0.2179643722237989,0.9921875,311,0.0015416833996814215,YGL025C,non_ess,non_ess
1.5270259023303068,0.28264413456482723,14,1.0333333333333334,-0.3268364283103964,0.042857142857142864,0.5969908814589665,1.2953605879650898,106,0.0010107816711590297,YML004C,non_ess,non_ess
-0.6139380912921409,-0.3728320460188109,0,1.1428571428571428,0.7201928919273758,0.002345215759849907,0.1065956401322255,1.2108108108108109,1071,0.0004151754510434568,YOR206W,ess,ess
-0.8453936581702434,-0.4250381134989237,5,1.0,-0.8458066903379727,0.002444987775061125,0.05899611678412196,1.1805555555555558,396,0.0018522634659553976,YGL226C-A,non_ess,non_ess
-0.3824825244140385,-0.3583303606076685,0,2.363636363636364,0.5375080886567228,0.004660797514241326,0.10301557582759034,2.0681818181818183,466,0.0003533938029396141,YDR398W,ess,ess
0.4276119596593202,0.10572357254888948,0,0.75,0.5266015332375794,0.011985409067222513,0.4233159841031661,0.9482703903522692,295,0.00042041670714796736,YBR045C,non_ess,non_ess
0.022564717622640867,-0.2278151919073865,4,2.0,1.85629241475482,0.004730928444707274,0.1956841873354901,1.607142857142857,1038,0.00013958062005699448,YHR077C,non_ess,non_ess
-0.8453936581702434,-0.4540414843212086,0,1.4545454545454546,-0.3840958442608995,0.0010905125408942203,0.02886426550548688,6.008403361344537,488,0.0010190035218191893,YBL072C,non_ess,ess
0.022564717622640867,-0.08279833779596217,11,1.5714285714285714,0.27575075859727977,0.009738283627510651,0.3441073773905244,0.9076433121019108,329,0.0006770919087516902,YMR155W,non_ess,non_ess
0.4276119596593202,-0.06539631530259125,2,0.7222222222222222,0.2130380649372049,0.014612452350698857,0.6189350836442509,0.7927068723702665,509,0.00044185599488745156,YHR016C,non_ess,non_ess
0.3697480679397946,-0.07409732654927671,4,0.5555555555555556,0.035806539376123665,0.015953589557650468,0.34620453835689674,1.5841307814992025,191,0.0006340431832764466,YLR090W,non_ess,non_ess
0.2540202845007433,0.14632829170008832,6,0.75,0.5429613663662946,0.010325245224574084,0.2268895087975077,1.3464824120603018,375,0.0005630700395801067,YOL117W,non_ess,non_ess
-0.4982103078530897,-0.4221377764166952,0,0.25,1.5163714375248485,0.002327127659574468,0.04936549499159172,4.098591549295774,1668,0.00017080750293382317,YAL035W,non_ess,ess
1.35343422717173,0.16953098835791622,2,1.0,1.7099627962146449,0.012108040981061784,0.3518351038699837,1.273846153846154,396,0.00025558283863158125,YFL034W,non_ess,non_ess
-0.6718019830116665,-0.3815330572654964,1,0.8888888888888888,-0.11143195878231306,0.003286770747740345,0.07860245918250787,3.6036121673003807,384,0.0003937277458230622,YKL149C,non_ess,ess
0.311884176220269,-0.20461249524955866,6,0.7647058823529411,0.13123889929362895,0.014150943396226415,0.3906614373542506,0.3632653061224489,597,0.0006546659623363903,YNL223W,non_ess,non_ess
-0.2088908492554616,-0.26841991105858537,0,0.4,-0.4713482876140472,0.0146163215590743,0.44753349573690615,1.2935323383084576,140,0.0015747346441621715,YPL196W,non_ess,non_ess
0.1961563927812177,-0.123403056947161,2,1.5714285714285714,0.4857019504157914,0.010138740661686232,0.21244633082344366,4.582521117608837,525,0.0001870203791228337,YER147C,ess,non_ess
0.8905230934155252,0.2594414379069993,0,1.0,0.21576470379199075,0.019657577679137603,0.5852818004396234,0.9162969180956948,241,0.000692001462938454,YOR377W,non_ess,non_ess
-0.32461863269451285,-0.11180170861824704,3,0.9090909090909092,0.5293281720923653,0.005202913631633715,0.1109216906148294,4.925764192139738,736,0.00020995453105913226,YJL127C,non_ess,ess
-0.7296658747311922,-0.34382867519652605,1,1.2352941176470589,-0.5695072863863384,0.004207573632538568,0.060706905566113675,9.388888888888893,525,0.00036064916850330587,YBR070C,ess,ess
-0.7296658747311922,-0.4221377764166952,1,0.8888888888888888,-0.4904347595975483,0.00375,0.10713503649635037,1.951566951566952,283,0.0015371024734982333,YIL070C,non_ess,non_ess
-0.4403464161335641,-0.3467290122787545,1,1.6666666666666667,1.0419362767921079,0.0032180209171359607,0.16699106393653926,2.798611111111112,470,0.0002559011314424608,YKL176C,non_ess,non_ess
-0.32461863269451285,-0.018990921986935458,0,1.6,-0.6267667023368415,0.015384615384615384,0.6111166253101737,1.0839160839160842,282,0.0011129296235679214,YHR128W,ess,non_ess
-0.4982103078530897,-0.38733373142995337,0,1.5,0.4448023675940033,0.0038272279934390375,0.1040834964919622,2.2769080234833656,428,0.0007728547850569486,YGR216C,ess,ess
-0.3824825244140385,-0.29162260771641324,3,0.8095238095238095,-0.5640540086767667,0.012517385257301807,0.5492002781641168,3.9891598915989173,142,0.0010186291602186136,YGR036C,non_ess,non_ess
-0.2088908492554616,-0.2452172144007575,1,0.7222222222222222,0.15305201013191586,0.007957559681697613,0.291148959932989,1.2527472527472523,874,0.0003710189439693109,YNR073C,non_ess,non_ess
0.6590675265374226,0.5552758202943051,2,0.6666666666666666,0.19395159295370384,0.017385705086928525,0.37304968051909454,1.1063829787234043,227,0.0005332864343844939,YDR518W,non_ess,non_ess
-0.4982103078530897,-0.349629349360983,0,0.92,-0.4195421493731158,0.007972665148063782,0.2373779136892689,1.6957026713124277,134,0.002269404685003229,YMR039C,non_ess,non_ess
0.08042860934216649,0.05641784215100521,14,0.6428571428571429,-0.5967736749341971,0.02489019033674964,0.40968247630033866,1.98572806171649,110,0.0014508185811260485,YJL158C,non_ess,non_ess
2.568575953281768,0.9294193039017798,4,0.6666666666666666,0.5865875880428684,0.030226700251889168,0.4331291367836338,1.0219512195121951,289,0.0006763529237446942,YNR008W,non_ess,non_ess
-0.7875297664507178,-0.4076360910055528,0,0.7826086956521741,-0.8067248667527087,0.004424778761061947,0.2516380190605854,3.50561797752809,405,0.001185403692778324,YPL059W,non_ess,ess
-0.6139380912921409,-0.4337391247456092,0,2.0,-0.314112113654729,0.005030181086519115,0.12940802711002858,2.6125000000000003,610,0.0003661312135105717,YBL050W,ess,ess
-0.9032575498897693,-0.45694182140343703,2,1.0,-0.4613506118131657,0.0,0.0,0.0,832,0.0004969489644970414,YNL162W,ess,non_ess
-0.4403464161335641,-0.3699317089365824,0,0.0,0.9901301385511764,0.003293536434746809,0.12909371241291906,3.2785714285714285,686,0.00017223851253140202,YER125W,ess,ess
0.1961563927812177,-0.016090584904706967,1,0.8571428571428571,-0.8994305878154281,0.054285714285714284,1.2634095238095238,0.33594624860022404,72,0.00734126984126984,YMR304C-A,non_ess,non_ess
0.1382925010616921,0.4015579549361952,1,0.9523809523809524,-0.4686216487592614,0.021844660194174758,0.4905504760109341,0.6052350427350428,181,0.003010513329399775,YNL155W,non_ess,non_ess
0.5433397430983714,0.10572357254888948,9,4.0,-0.24503726266682044,0.02336448598130841,0.669936152493754,1.1348314606741572,119,0.00167281866017435,YLR070C,non_ess,non_ess
1.7006175774888836,0.27974379748259875,3,0.7692307692307693,3.2968666097000185,0.00905979464465472,0.2081999259629685,1.0359231411862992,1023,0.00019916394439862232,YML103C,non_ess,non_ess
-0.9032575498897693,-0.45694182140343703,0,1.375,-0.5231544258549787,0.0,0.0,0.0,764,0.0008668896137715523,YFL045C,ess,ess
0.6012036348178971,-0.016090584904706967,7,0.7692307692307693,-0.4413552602114028,0.030444964871194382,0.486369561957061,0.9307182883341824,344,0.0009156636348782748,YNL003C,non_ess,non_ess
-0.6139380912921409,-0.3670313718543539,5,1.5,-0.8367178941553531,0.011933174224343677,0.29478165516351673,1.9346405228758168,156,0.002325439079615691,YPL114W,non_ess,non_ess
0.4854758513788458,0.04481649382209126,6,1.1176470588235294,-0.4822548430331907,0.029666254635352288,0.6772044586893029,0.9076305220883532,211,0.0014762828136075782,YJR144W,non_ess,non_ess
-0.8453936581702434,-0.4453404730745231,2,0.5,-0.9130637820893576,0.0029850746268656717,0.08581501939123283,8.466666666666667,157,0.004468105333206579,YGL024W,non_ess,non_ess
-0.7875297664507178,-0.4424401359922946,1,1.3529411764705883,0.2893839528712091,0.0012062726176115801,0.02057667613525818,9.43478260869565,709,0.00025435508650625,YPR144C,ess,ess
-0.2667547409749872,-0.29162260771641324,0,1.2352941176470589,-0.03508607084830883,0.008455034588777862,0.2625059725367181,1.21852487135506,532,0.0006906197083793265,YKL161C,non_ess,non_ess
-0.9032575498897693,-0.45694182140343703,0,1.0,-0.940330170637216,0.0,0.0,0.0,174,0.005389108724326361,YLR252W,non_ess,ess
-0.09316306581641036,-0.20171215816733007,8,1.1,0.0794327610526975,0.009810791871058164,0.7523559497536842,1.8815628815628809,482,0.0003431160168301314,YPL259C,non_ess,non_ess
-0.2088908492554616,-0.2075128323317872,0,1.0,0.3929962293530721,0.0067720090293453715,0.21761797269697947,0.8467741935483871,638,0.001567398119122257,YMR227C,ess,non_ess
0.022564717622640867,-0.15820710193390286,4,0.6538461538461539,0.4993351446897207,0.008470089994706194,0.2448626016651427,2.192028985507246,180,0.0006617257808364214,YOR066W,non_ess,non_ess
-0.4982103078530897,-0.20461249524955866,10,3.0,-0.7167457845447751,0.012704174228675136,0.3700257904288853,0.4549082202713488,496,0.0008196241437854928,YGR102C,non_ess,non_ess
-0.6718019830116665,-0.2945229447986418,0,2.0,-0.6376732577559849,0.006269592476489028,0.3833525820821647,2.375,256,0.001567398119122257,YFL056C,non_ess,ess
-0.5560741995726153,-0.3960347426766388,0,2.0,-0.7331056176734903,0.01125703564727955,0.41719256353402695,1.4142857142857146,224,0.0010218440096488876,YBL090W,non_ess,non_ess
-0.4403464161335641,-0.2887222706341848,0,0.9285714285714286,0.3057437859999243,0.00477326968973747,0.10706757486542516,1.8026315789473684,433,0.0005222486179014148,YGL244W,non_ess,ess
-0.9032575498897693,-0.45694182140343703,1,0.8823529411764706,-0.4249954270826876,0.0,0.0,0.0,872,0.00022225612322195103,YLR132C,ess,non_ess
-0.2667547409749872,-0.23071552898961506,0,0.6666666666666666,-0.5449675366932656,0.014864864864864866,0.4963369029406766,1.0628342245989304,111,0.0019113708302897488,YNL200C,non_ess,non_ess
-0.7875297664507178,-0.4018354168410958,7,1.0,-0.9376035317824302,0.006493506493506494,0.15520440150982026,1.2378048780487807,172,0.005813953488372093,YJL188C,non_ess,non_ess
-0.9032575498897693,-0.45694182140343703,1,0.8461538461538461,-0.7985449501883509,0.0,0.0,0.0,461,0.0018633452694086696,YCL001W-A,non_ess,non_ess
-0.6718019830116665,-0.3699317089365824,5,0.625,-0.3650093722773985,0.004264392324093817,0.3248045486851457,0.9473684210526316,655,0.0008919416006119891,YOL101C,non_ess,non_ess
0.2540202845007433,0.3725545841139104,6,0.7142857142857143,-0.005093043445664315,0.014992503748125937,0.4808000623965474,0.6313868613138686,622,0.0007435992614625164,YNL011C,non_ess,non_ess
0.8905230934155252,0.9352199780662368,12,0.4946236559139785,-0.7903650336239935,0.06595744680851064,0.9081586167624373,0.6654626977207623,45,0.003971631205673759,YMR002W,non_ess,non_ess
-0.8453936581702434,-0.4540414843212086,0,0.0,-0.8585310049936401,0.002531645569620253,0.055405299158738895,1.1027397260273974,200,0.005,YDR053W,ess,non_ess
0.022564717622640867,-0.2829215964697278,0,0.6,1.2300743577723323,0.005941329372447085,0.18597525902302994,2.4100609756097557,376,0.0005165085209092131,YER047C,non_ess,ess
1.064114768574102,-0.02769193323362092,15,0.7666666666666667,0.6711133925412303,0.016361886429258902,0.3527350016041065,1.0139746506337342,322,0.0004961770455347052,YOR354C,non_ess,non_ess
-0.3824825244140385,-0.0798980007137337,0,1.0909090909090908,-0.2777569289242508,0.008704061895551255,0.4271134372511093,0.925925925925926,532,0.0004253864836171667,YPL118W,non_ess,non_ess
0.1382925010616921,-0.013190247822478482,0,1.25,-0.26957701235989323,0.01725790987535954,0.5551926501111545,0.9046783625730994,265,0.0011396732936558187,YGL157W,non_ess,non_ess
1.7006175774888836,0.5755781798699044,1,0.9545454545454546,0.7092863365082324,0.02122641509433961,0.4323594064847041,1.2092243186582812,238,0.0004895354368162359,YOL060C,non_ess,non_ess
0.08042860934216649,0.3667539099494533,6,0.4444444444444444,-0.5776872029506961,0.024147727272727272,0.5610243821712267,0.9031786627694556,112,0.0022828733766233765,YJL192C,non_ess,non_ess
-0.6139380912921409,-0.2626192368941284,3,6.0,-0.7930916724787793,0.010706638115631693,0.4216564887514209,1.44,159,0.00270696133489556,YCR099C,non_ess,non_ess
-0.6139380912921409,-0.4192374393344667,3,1.1428571428571428,-0.23685734610246284,0.0046339202965709,0.1885932006413934,3.207272727272728,593,0.0004969938125833207,YGL211W,non_ess,non_ess
3.089350978757498,2.7537313286234983,3,0.7678571428571429,-0.23413070724767696,0.06377079482439926,1.471318466706898,0.8026529108327192,81,0.0012208758357864947,YMR318C,non_ess,non_ess
-0.7875297664507178,-0.4424401359922946,0,0.4444444444444444,0.005813511973479146,0.0014858841010401188,0.04926660413225199,11.489864864864865,917,0.00021388953253794512,YFR005C,ess,ess
0.7169314182569483,0.036115482575405804,1,0.76,0.28120403630685153,0.01697998787143723,0.36651361575558056,1.828125,196,0.0011076595586688284,YJR131W,non_ess,non_ess
-0.32461863269451285,-0.15820710193390286,4,0.7777777777777778,-0.015999598864807774,0.007564296520423602,0.3362989076878236,1.1520325203252029,223,0.0009463850803579305,YDL216C,non_ess,non_ess
-0.8453936581702434,-0.4511411472389801,3,2.571428571428572,-0.6322199800464133,0.0015527950310559005,0.05960774439035309,8.879999999999997,224,0.001268578083407276,YOR078W,non_ess,non_ess
0.022564717622640867,-0.2104131694140156,2,0.8,0.033079900521337795,0.011627906976744186,0.25703794369645044,1.4410112359550562,486,0.0006893602258589339,YDR254W,non_ess,non_ess
0.2540202845007433,-0.11760238278270405,10,1.6923076923076923,-0.820358061026638,0.04576659038901602,1.3985656392621095,0.6629629629629631,289,0.0009660076172076043,YNL179C,non_ess,non_ess
-0.7296658747311922,-0.4395397989100661,3,0.8181818181818182,0.019446706247408473,0.002204261572373255,0.07210516909267828,2.2920353982300887,452,0.0013248327297081142,YDR125C,non_ess,non_ess
-0.6139380912921409,-0.4105364280877813,0,0.9333333333333332,-0.5858671195150535,0.007194244604316547,0.3559334350701257,1.877586206896552,222,0.0014712554280899605,YHR122W,ess,non_ess
-0.2667547409749872,-0.32642665270315513,1,1.5,0.4175359790461448,0.0061145080600333536,0.5036528229969031,1.7746478873239433,412,0.00026174196020442857,YOR192C,non_ess,non_ess
-0.8453936581702434,-0.4540414843212086,0,3.0,0.3575499242408557,0.0005770340450086555,0.02034672219573998,24.37155963302753,1240,0.00023453641829384062,YGL095C,non_ess,ess
-0.3824825244140385,-0.2858219335519563,0,0.9090909090909092,-0.3650093722773985,0.009594882729211088,0.18187116813362747,3.3418803418803416,383,0.0005594927265945542,YML125C,ess,non_ess
-0.9032575498897693,-0.45694182140343703,0,0.0,0.033079900521337795,0.0,0.0,0.0,1376,0.0007267441860465116,YCL069W,non_ess,ess
-0.4403464161335641,-0.3699317089365824,1,0.6333333333333333,-0.3868224831156855,0.0087527352297593,0.25263031683702525,2.204697986577181,202,0.0014678163658816649,YDR123C,non_ess,non_ess
-0.5560741995726153,-0.3032239560453272,2,1.2857142857142858,-0.06053470015964357,0.004713275726630008,0.13652788688138254,1.8072289156626504,229,0.001005087181879616,YNL130C,non_ess,non_ess
0.311884176220269,-0.05669530405590579,0,1.5,-0.04871926512223816,0.016329704510108862,0.3415919393799014,0.9341614906832298,247,0.000985386063555827,YJL139C,non_ess,non_ess
-0.9032575498897693,-0.45694182140343703,1,0.9,-1.1175616961982973,0.0,0.0,0.0,110,0.0070247933884297524,YDL232W,non_ess,non_ess
-0.8453936581702434,-0.4540414843212086,0,0.0,-0.6022269526437688,0.0014771048744460858,0.04346581475501815,1.032,677,0.0012916485755865327,YJR123W,ess,ess
-0.2667547409749872,-0.33512766394984056,2,1.1666666666666667,0.2430310923398494,0.006845052893590543,0.1639061980547434,2.364204545454545,493,0.000381192324149796,YML115C,non_ess,non_ess
0.022564717622640867,-0.11180170861824704,19,0.6428571428571429,-0.6812994794325589,0.02711864406779661,0.7027266028002948,0.6098484848484849,188,0.002380093761269384,YDR022C,non_ess,non_ess
2.5107120615622422,1.8633278443793528,3,0.7428571428571429,0.2430310923398494,0.03671437461107654,0.8151092383790199,1.0045930909561394,240,0.0006404272972412362,YGR177C,non_ess,non_ess
-0.2667547409749872,0.13762728045340286,6,0.7916666666666666,-0.820358061026638,0.02517162471395881,0.6089992060897585,1.0543302850995158,174,0.005747126436781609,YMR074C,non_ess,non_ess
-0.2667547409749872,-0.31772564145646964,0,1.875,0.4775220338514338,0.005898123324396783,0.1895181709859994,0.9737039819684448,578,0.000648441051235192,YPL020C,ess,ess
-0.8453936581702434,-0.4482408101567516,1,2.5,-0.6731195628682013,0.001669449081803005,0.04138015573741784,10.671641791044776,500,0.002,YBR089W,ess,non_ess
-0.8453936581702434,-0.4540414843212086,1,2.0,-0.7658252839309206,0.002012072434607646,0.06869790169588963,8.105263157894736,178,0.0013564533267017838,YDR201W,ess,non_ess
-0.09316306581641036,-0.1466057536049889,1,1.7142857142857142,-0.3513761780034692,0.014690451206715634,0.6633614755913243,1.4598214285714288,184,0.0008953419407819699,YDL218W,non_ess,non_ess
