hits_count,reads_count,hits_count_pro,ratio_hits_prom,orf_len,insertion_index,reads_by_len,NI,NI_ratio,HFI,HFI_ratio,orf,label,predictions
0.03757225433526011,0.005877776817356729,0.0,0.0,0.1781773600326931,0.0048762190547636895,0.025506376594148537,0.10678427182553214,0.3101491101491101,0.28094523630907725,2.256024096385542,YLR045C,ess,ess
0.023121387283236997,0.006223528394848302,0.027027027027027032,0.16666666666666666,0.0570085819370658,0.009019165727170236,0.08117249154453213,0.1965954512843925,0.6461307287753568,0.4926719278466742,1.7272727272727273,YKR037C,ess,ess
0.07803468208092486,0.03405653038291987,0.0,1.0,0.027993461381283204,0.05856832971800434,0.8546637744034707,7.108065470321436,2.045454545454546,0.2646420824295011,1.4186046511627908,YHR217C,non_ess,non_ess
0.11560693641618495,0.0536779324055666,0.13513513513513514,0.625,0.007764609726195342,0.24390243902439024,3.7865853658536586,4.3759567302786,1.3179916317991631,0.16463414634146342,0.627906976744186,YIL046W-A,non_ess,non_ess
0.031791907514450865,0.009681044169764024,0.13513513513513514,2.5,0.018594196975888846,0.034055727554179564,0.34674922600619207,1.1540754029107954,1.850467289719626,0.6594427244582043,1.3312499999999998,YGL109W,non_ess,non_ess
0.07803468208092486,0.047108652433226726,0.0,0.0,0.019411524315488357,0.08059701492537312,1.6268656716417909,1.7931320839411962,1.3355757815591611,0.21194029850746268,1.1451612903225807,YOR029W,non_ess,non_ess
0.023121387283236997,0.006309966289221194,0.0,0.0,0.011442582754393136,0.03669724770642202,0.3348623853211009,0.5959451806546607,0.8239858906525572,0.6376146788990825,1.6547619047619049,YNR001W-A,non_ess,non_ess
0.03468208092485549,0.012014867317832138,0.027027027027027032,1.0,0.02145484266448713,0.03287671232876712,0.3808219178082192,0.5402443539429841,0.8076923076923075,0.23013698630136986,0.9438202247191012,YIR013C,non_ess,non_ess
0.011560693641618495,0.0012965684155933962,0.0,1.0,0.0723334695545566,0.0035971223021582736,0.013489208633093523,0.08041139903611093,0.1530097087378641,0.36960431654676257,1.8853211009174309,YPR035W,ess,ess
0.05491329479768786,0.015558820987120752,0.027027027027027032,0.14285714285714285,0.030241111565181864,0.038461538461538464,0.3643724696356275,0.655185610409491,1.8019278606965168,0.1659919028340081,0.5157232704402517,YIL057C,non_ess,non_ess
0.017341040462427744,0.003803267352407295,0.0,1.0,0.05537392725786678,0.006952491309385863,0.05098493626882966,0.3398899188876013,0.8678571428571427,0.3870220162224797,0.9940476190476192,YPR103W,ess,ess
0.011560693641618495,0.002074509464949433,0.13513513513513514,0.8333333333333334,0.04229668982427463,0.005961251862891207,0.035767511177347236,0.11458419297368408,0.25732899022801303,0.6780923994038748,3.0132450331125824,YDL139C,ess,ess
0.04046242774566474,0.008643789437289308,0.0,0.0,0.023906824683285657,0.034912718204488775,0.2493765586034913,0.8022770941498711,1.0327868852459017,0.3092269326683292,1.3478260869565215,YBL012C,non_ess,non_ess
0.017341040462427744,0.014262252571527356,0.0,0.0,0.1920719248058848,0.0020905923344947735,0.05749128919860628,0.046358148893360165,0.17425934919864008,0.8397212543554007,5.835351089588378,YGR140W,ess,ess
0.09248554913294796,0.0835854438585876,0.0,1.0,0.02881078872088272,0.06765327695560254,2.044397463002114,2.535600090856674,1.6702914310569816,0.21987315010570824,1.1954022988505746,YLR400W,non_ess,non_ess
0.12427745664739885,0.08540063964041836,0.08108108108108109,0.5,0.019615856150388238,0.1272189349112426,2.923076923076924,6.05138067061144,1.2668817204301075,0.10355029585798817,0.8139534883720929,YLR415C,non_ess,non_ess
0.0028901734104046237,0.0004321894718644654,0.0,0.0,0.04025337147527585,0.0015600624024961,0.007800312012480499,0.06601240793817799,0.7499999999999999,0.9516380655226208,1.142322097378277,YOL139C,ess,ess
0.15028901734104044,0.038810614573428985,0.0,0.0,0.0860237024928484,0.0396039603960396,0.341964965727342,0.6696312311131858,0.7969639468690702,0.07616146230007616,0.5882352941176471,YHR001W,non_ess,non_ess
0.03468208092485549,0.009767482064136915,0.0,0.0,0.16857376379239886,0.004752475247524752,0.04475247524752475,0.2256175091193329,0.9276315789473684,0.21702970297029706,1.107070707070707,YCL054W,ess,ess
0.0953757225433526,0.055233814504278674,0.054054054054054064,0.3333333333333333,0.017163874131589704,0.10927152317880796,2.115894039735099,2.937544032689869,1.2427659574468084,0.26158940397350994,1.0533333333333337,YJL150W,non_ess,non_ess
0.03757225433526011,0.014780879937764715,0.027027027027027032,0.3333333333333333,0.027993461381283204,0.028199566160520606,0.37093275488069416,0.9831801122473574,1.2323633156966491,0.29067245119305857,0.9115646258503399,YNL281W,non_ess,non_ess
0.011560693641618495,0.0008643789437289308,0.0,0.0,0.0588475684511647,0.00437636761487965,0.010940919037199123,0.15716534223962533,0.4421052631578947,0.3643326039387309,1.4415584415584417,YOR074C,ess,ess
0.10404624277456646,0.02048578096637566,0.0,1.0,0.06211687780956274,0.037422037422037424,0.2463617463617464,2.012640332640333,0.913548387096774,0.11954261954261955,0.777027027027027,YDR033W,non_ess,non_ess
0.060693641618497114,0.039242804045293456,0.16216216216216214,0.8571428571428571,0.018798528810788726,0.06441717791411042,1.392638036809816,1.4950153374233128,1.1666666666666667,0.3067484662576687,0.7407407407407408,YPL080C,non_ess,non_ess
0.008670520231213872,0.0009508168381018238,0.0,0.0,0.03228442991418063,0.005725190839694657,0.02099236641221374,0.1782476826608506,0.29166666666666663,0.4618320610687023,2.0,YNL310C,ess,ess
0.04624277456647399,0.04823234506007434,0.21621621621621626,0.6666666666666666,0.0298324478953821,0.032786885245901634,1.1434426229508197,0.6694276675294795,0.8581453634085213,0.2540983606557377,1.0689655172413794,YOR357C,non_ess,non_ess
0.005780346820809247,0.0010372547324747168,0.0,0.0,0.15345320800980794,0.0008684324793747286,0.005210594876248371,0.04072822468487858,0.2106280193236715,0.5345201910551455,2.381044487427466,YNL247W,ess,ess
0.049132947976878616,0.017287578874578616,0.0,1.0,0.04086636697997549,0.02615384615384616,0.3076923076923077,0.9041758241758241,1.4706349206349203,0.2323076923076923,0.7704081632653061,YGL037C,non_ess,non_ess
0.008670520231213872,0.0003457515774915723,0.08108108108108109,0.42857142857142855,0.09440130772374336,0.0020891364902506965,0.0027855153203342627,0.0752391909894635,0.3888888888888889,0.6149025069637883,1.9535398230088497,YFL039C,ess,ess
0.0838150289017341,0.03811911141844585,0.027027027027027032,0.3333333333333333,0.017981201471189208,0.09235668789808917,1.404458598726115,3.2425113739763423,3.3511111111111105,0.213375796178344,0.7282608695652174,YOR072W,non_ess,non_ess
0.05780346820809248,0.009075978909153772,0.13513513513513514,1.6666666666666667,0.04869908731780412,0.026143790849673203,0.13725490196078433,0.3837402007336648,2.3524623524623527,0.5346405228758171,0.9423963133640552,YMR194W,non_ess,non_ess
0.0028901734104046237,0.0002593136831186792,0.0,1.0,0.11810380057212914,0.0005605381165919282,0.0016816143497757848,0.03609378046402808,0.15362318840579714,1.0,2.6989409984871413,YLR276C,ess,ess
0.023121387283236997,0.004149018929898867,0.0,1.0,0.15978749489170413,0.00333889816360601,0.02003338898163606,0.1433681986985111,0.712430426716141,0.3184474123539232,0.8496659242761693,YBR198C,ess,ess
0.0028901734104046237,0.00017287578874578615,0.0,0.0,0.14691458929301185,0.00045310376076121433,0.0009062075215224287,0.01565267537175104,0.1043388429752066,0.9338468509288628,2.3314479638009047,YKL078W,ess,ess
0.0722543352601156,0.10873887112109948,0.027027027027027032,0.3333333333333333,0.16489579076420108,0.010117361392148928,0.5091056252529339,0.35828106029947393,0.8409926470588236,0.5920679886685553,2.5848056537102475,YHR172W,ess,ess
0.05780346820809248,0.0112369262684761,0.027027027027027032,0.1,0.056395586432366175,0.02277904328018224,0.1480637813211845,0.6813613828219216,0.8877005347593585,0.4441913439635535,1.0743801652892562,YKL052C,ess,ess
0.060693641618497114,0.015645258881493648,0.4594594594594595,1.0625,0.02840212505108296,0.044967880085653104,0.3875802997858672,1.3883832976445396,1.893181818181818,0.9892933618843684,1.0669745958429562,YLR281C,non_ess,non_ess
0.0,0.0,0.0,1.0,0.011033919084593379,0.0,0.0,0.0,0.0,1.0,2.12,YOR210W,ess,ess
0.0,0.0,0.0,0.0,0.12791172864732325,0.0,0.0,0.0,0.0,1.0,4.881012658227848,YDR311W,ess,ess
0.005780346820809247,0.0003457515774915723,0.0,1.0,0.05680425010216592,0.0022624434389140274,0.004524886877828055,0.07158472723575167,0.13782771535580526,0.6380090497737556,2.3402489626556022,YDR489W,ess,ess
0.0028901734104046237,0.00017287578874578615,0.0,1.0,0.0461789946873723,0.0013736263736263735,0.0027472527472527475,0.04059206100022427,1.2244897959183672,1.0,1.0,YGR075C,ess,ess
0.05780346820809248,0.015126631515256287,0.21621621621621626,1.6,0.023293829178586026,0.051020408163265314,0.44642857142857145,0.8557430192293524,0.9386281588447654,0.8443877551020408,0.9969879518072288,YJR114W,non_ess,non_ess
0.1936416184971098,0.12550782262944074,0.16216216216216214,1.0,0.02063751532488762,0.18980169971671387,4.113314447592068,6.7535178563135645,1.9150903741067675,0.9575070821529744,1.0119760479041915,YIL100W,non_ess,non_ess
0.16184971098265896,0.03595816405912352,0.3783783783783784,3.5,0.1060482223130364,0.03484754200373367,0.2588674548848787,1.1754193381484097,1.2584269662921348,0.0970752955818295,0.7684729064039408,YFR006W,non_ess,non_ess
0.031791907514450865,0.004062581035525975,0.0,0.0,0.2159787494891704,0.0034150884818379386,0.014591741695125738,0.08564314106707517,0.3220140515222483,0.724619683328159,3.107856191744341,YJL050W,ess,ess
0.02023121387283237,0.027746564093698675,0.2702702702702703,1.1111111111111112,0.013894564773191663,0.02755905511811024,1.2637795275590549,3.3668956274082764,2.271276595744681,0.5748031496062992,1.247863247863248,YNL337W,non_ess,non_ess
0.04624277456647399,0.007952286282306162,0.0,0.0,0.11789946873722927,0.008983717012914094,0.05165637282425604,0.15831570179711527,0.4998560322487763,0.3009545199326221,1.7015873015873015,YJR002W,ess,ess
0.0028901734104046237,0.0009508168381018238,0.054054054054054064,0.2857142857142857,0.037188393951777685,0.0016778523489932886,0.018456375838926176,0.03917514613552717,0.08629032258064517,0.8909395973154363,3.792857142857143,YNL158W,ess,ess
0.008670520231213872,0.0014694442043391822,0.0,0.0,0.05455659991826727,0.0035252643948296123,0.0199764982373678,0.1250209837166359,0.2142857142857143,0.372502937720329,1.3045267489711934,YDR472W,ess,ess
0.005780346820809247,0.0005186273662373584,0.0,0.0,0.02554147936248468,0.004705882352941176,0.014117647058823532,0.1475743555849306,0.34670947030497584,0.8682352941176471,3.4166666666666674,YJR067C,ess,ess
0.0953757225433526,0.01918921255078226,0.0,0.0,0.07355946056395588,0.02920353982300885,0.19646017699115045,0.7492643138927391,1.3811033608116678,0.12123893805309735,0.5805084745762712,YGL255W,non_ess,non_ess
0.011560693641618495,0.0013830063099662892,0.0,0.0,0.1275030649775235,0.002081165452653486,0.008324661810613945,0.04435287781258007,0.08821887213847013,0.4328824141519251,3.5862068965517233,YIL046W,ess,ess
0.04624277456647399,0.014002938888408678,0.13513513513513514,1.25,0.030854107069881488,0.03180914512922465,0.3220675944333996,0.9093673254590106,1.5424836601307188,0.30417495029821073,1.0,YJL065C,non_ess,non_ess
0.031791907514450865,0.004840522084882012,0.0,1.0,0.24683285655905196,0.0029940119760479052,0.01524224278715297,0.07033369159117663,0.25282975282975284,0.43549265106151336,2.3564064801178204,YOR151C,ess,ess
0.03757225433526011,0.007952286282306162,0.054054054054054064,1.0,0.11830813240702903,0.007274762171236709,0.0514829322887521,0.2239193841040512,0.3910427807486631,0.4784555120313375,2.85,YLR060W,ess,ess
0.1213872832369942,0.036131039847869306,0.08108108108108109,3.0,0.09807928075194117,0.02818791946308725,0.28053691275167786,0.7661693340216831,0.7807692307692307,0.2087248322147651,1.4465116279069763,YEL071W,non_ess,non_ess
0.1329479768786127,0.033019275650445164,0.2432432432432433,1.8,0.07580711074785453,0.03955288048151333,0.3284608770421324,0.9561091033689124,0.9058360186179734,0.13155631986242478,1.2142857142857144,YOR084W,non_ess,non_ess
0.04335260115606936,0.020831532543867232,0.16216216216216214,1.5,0.026767470371883945,0.033860045146726865,0.5440180586907449,1.2626776460115094,1.7203219315895375,0.4966139954853273,1.0,YJR058C,non_ess,non_ess
0.1791907514450867,0.08591926700665571,0.10810810810810813,1.3333333333333333,0.10441356763383736,0.03916614024005054,0.6279216677195198,0.6665439719592853,1.4645669291338583,0.13897662665824384,0.9565217391304348,YDR072C,non_ess,non_ess
0.17052023121387286,0.06915031549831446,0.08108108108108109,1.5,0.1060482223130364,0.03671437461107654,0.4978220286247666,0.8151092383790199,0.9954279090733466,0.1910392034847542,1.242914979757085,YGR177C,non_ess,non_ess
0.02890173410404624,0.005186273662373585,0.2702702702702703,2.0,0.017300095354856288,0.03289473684210526,0.1973684210526316,0.6642300194931774,0.7340067340067339,0.6151315789473685,2.308641975308642,YJL205C,non_ess,non_ess
0.04335260115606936,0.009853919958509809,0.0,0.0,0.13710666121781775,0.007270964614638877,0.055259331071255455,0.3364184440135725,0.475,0.20407174018419771,1.8464912280701755,YLR117C,ess,ess
0.017341040462427744,0.0028524505143054713,0.0,0.0,0.18778095627298733,0.002137513359458497,0.011756323477021732,0.09209859448414004,0.21192452830188674,0.8332739579622372,4.783231083844581,YNL287W,ess,ess
0.0838150289017341,0.03180914512922465,0.08108108108108109,6.0,0.05414793624846752,0.03431952662721893,0.4355029585798816,0.6998125256312613,0.8554042904290428,0.1739644970414201,0.8166666666666667,YEL009C,non_ess,non_ess
0.049132947976878616,0.012965684155933962,0.054054054054054064,2.0,0.012055578259092769,0.07488986784140969,0.6607929515418502,1.907989587505006,1.9318181818181817,0.2775330396475771,0.84,YLR437C-A,non_ess,non_ess
0.0028901734104046237,0.00017287578874578615,0.0,0.0,0.10870453616673477,0.0006075334143377885,0.001215066828675577,0.017573187022180626,0.031055900621118005,0.6421628189550426,5.258706467661692,YDR232W,ess,ess
0.0722543352601156,0.026882185149969744,0.054054054054054064,2.0,0.03923171230077646,0.039936102236421724,0.4968051118210863,0.5390986072769006,1.0,0.1805111821086262,1.3614457831325302,YML001W,non_ess,non_ess
0.10693641618497107,0.033797216699801194,0.10810810810810813,1.3333333333333333,0.0923579893747446,0.02631578947368421,0.2780938833570413,0.6518297697368421,1.4934895833333337,0.14722617354196302,0.9409090909090908,YDL024C,non_ess,non_ess
0.0028901734104046237,8.643789437289306e-05,0.0,0.0,0.06661217817736004,0.0009727626459143967,0.0009727626459143967,0.027503221689791937,0.07368703108252947,0.7509727626459144,2.747330960854093,YGL040C,ess,ess
0.060693641618497114,0.0174604546633244,0.13513513513513514,1.25,0.01838986514098897,0.065625,0.63125,1.435,1.1925925925925926,0.478125,0.9935064935064936,YHR028W-A,non_ess,non_ess
0.05780346820809248,0.017287578874578616,0.2972972972972973,3.6666666666666665,0.013485901103391913,0.08064516129032258,0.8064516129032258,2.813203300825206,2.081395348837209,0.17338709677419356,0.5733333333333334,YOR072W-A,non_ess,non_ess
0.05491329479768786,0.014521566254646038,0.027027027027027032,0.5,0.020433183489987745,0.054285714285714284,0.48,1.7076600985221675,2.375,0.62,0.7406143344709897,YLR280C,non_ess,non_ess
0.0838150289017341,0.032587086178580686,0.027027027027027032,1.0,0.07192480588475685,0.02622061482820976,0.34086799276672697,0.6039245393675774,0.9231231231231232,0.15009041591320071,1.0573248407643312,YNR032W,non_ess,non_ess
0.0028901734104046237,0.0004321894718644654,0.0,0.0,0.0253371475275848,0.0023696682464454982,0.011848341232227487,0.2105055292259084,0.35416666666666674,0.9715639810426541,1.3945578231292517,YLR275W,ess,ess
0.011560693641618495,0.0015558820987120756,0.0,0.0,0.058643236616264825,0.004390779363336993,0.019758507135016458,0.09433345529942676,0.2240000000000001,0.7486278814489572,3.919540229885057,YNL006W,ess,ess
0.02890173410404624,0.015040193620883397,0.0,0.0,0.10093992644053944,0.006527415143603133,0.11357702349869453,0.1673494192851355,0.4942528735632184,0.6077023498694517,2.3101736972704714,YML114C,ess,ess
0.02890173410404624,0.010026795747255596,0.2972972972972973,1.8333333333333333,0.0046996322026971816,0.08403361344537816,0.9747899159663864,3.648789988098244,1.048436541998774,0.3781512605042017,1.1538461538461535,YBL100W-C,non_ess,non_ess
0.03757225433526011,0.008643789437289308,0.16216216216216214,0.75,0.02840212505108296,0.0278372591006424,0.21413276231263384,0.4177741230490739,0.5794420861127956,0.22055674518201285,0.22055674518201285,YIL065C,non_ess,non_ess
0.008670520231213872,0.003198202091797044,0.0,0.0,0.08888434818144668,0.002214022140221402,0.027306273062730632,0.061877306273062725,0.1434659090909091,0.7232472324723247,4.827586206896552,YMR220W,ess,ess
0.0028901734104046237,8.643789437289306e-05,0.0,0.0,0.043931344503473635,0.0014388489208633096,0.0014388489208633096,0.0584087185696987,0.4801980198019802,1.0,1.2567811934900543,YOL149W,ess,ess
0.017341040462427744,0.0035439536692886157,0.027027027027027032,0.2,0.03637106661217818,0.010273972602739724,0.0702054794520548,0.2803326810176125,0.7738775510204081,1.0,1.0,YGL068W,ess,ess
0.04046242774566474,0.010545423113492956,0.027027027027027032,1.0,0.02165917449938701,0.03804347826086957,0.3315217391304348,0.7062659846547314,1.8117647058823527,0.24456521739130435,0.3614457831325302,YIL047C-A,non_ess,non_ess
0.05202312138728323,0.00760653470481459,0.08108108108108109,1.5,0.033101757253780145,0.033582089552238806,0.16417910447761194,0.7190517998244074,0.9075630252100841,1.0,1.0,YGL235W,non_ess,non_ess
0.09826589595375723,0.032154896706716216,0.16216216216216214,1.5,0.08255006129955048,0.02694136291600634,0.294770206022187,0.6822954917346321,0.6713124274099884,0.13312202852614896,0.96,YOL058W,non_ess,non_ess
0.12716763005780346,0.034488719854784335,0.0,1.0,0.063342868818962,0.04489795918367346,0.4071428571428571,1.2295033620384568,0.9934971098265892,0.2306122448979592,1.5915492957746482,YPR011C,non_ess,non_ess
0.0028901734104046237,0.0006050652606102515,0.027027027027027032,0.2,0.02227217000408664,0.002652519893899204,0.018567639257294436,0.07054127163379467,0.2772277227722772,0.6604774535809018,1.0,YKL192C,ess,ess
0.0,0.0,0.054054054054054064,4.0,0.032080098079280764,0.0,0.0,0.0,0.0,1.0,3.6433566433566433,YAL033W,ess,ess
0.01445086705202312,0.0018151957818307548,0.0,0.0,0.2082822503746084,0.0016087516087516086,0.006756756756756757,0.038916128517898434,0.17256637168141592,0.5041827541827542,3.36989247311828,YPL075W,ess,ess
0.011560693641618495,0.0014694442043391822,0.0,0.0,0.12443808745402535,0.002131060202450719,0.009057005860415556,0.04544426904045279,0.17712177121771214,0.4294086307938199,2.608414239482201,YKR008W,ess,ess
0.011560693641618495,0.00112369262684761,0.0,0.0,0.0959678517913091,0.002741603838245373,0.008910212474297465,0.0623989033584647,0.4828571428571428,0.7093899931459904,1.8221830985915493,YML085C,ess,ess
0.2543352601156069,0.1247298815800847,0.2432432432432433,1.5,0.05169595422966899,0.10877626699629173,1.7836835599505565,2.161285537700865,1.294328358208955,0.08405438813349815,1.0625000000000002,YAL039C,non_ess,non_ess
0.1791907514450867,0.2512749589420001,0.32432432432432434,1.2,0.05986922762566409,0.06673842841765339,3.1291711517761027,1.8040904198062435,0.962962962962963,0.08934337997847147,0.8556701030927835,YMR056C,non_ess,non_ess
0.04046242774566474,0.011928429423459244,0.0,1.0,0.010625255414793628,0.06796116504854369,0.6699029126213593,2.4095631067961163,4.865,0.325242718446602,0.8481012658227849,YOR011W-A,non_ess,non_ess
0.15895953757225434,0.046071397700752005,0.054054054054054064,0.6666666666666666,0.12954638332652227,0.028176229508196718,0.2730532786885246,0.5199142476767254,0.9531921196859724,0.0778688524590164,0.7004608294930875,YJR004C,non_ess,non_ess
0.04046242774566474,0.003976143141153081,0.0,0.0,0.2306906416019616,0.004073319755600814,0.01338376491125982,0.13319952379546818,0.3953920475659606,0.2903695082921152,1.5213414634146345,YER013W,ess,ess
0.0028901734104046237,0.0003457515774915723,0.0,1.0,0.14241928892521455,0.0004670714619336759,0.0018682858477347035,0.009115575604120062,0.15197368421052634,0.9724427837459132,1.6342229199372058,YGR128C,ess,ess
0.017341040462427744,0.002074509464949433,0.0,0.0,0.08765835717204741,0.004487658937920718,0.017950635751682868,0.2234544657364661,0.9956896551724138,0.681376215407629,1.405864197530864,YDL147W,ess,ess
0.008670520231213872,0.0005186273662373584,0.0,0.0,0.12014711892112792,0.0016538037486218302,0.0033076074972436605,0.033554667697118165,0.1234726688102894,0.6813671444321939,3.0594059405940595,YJR046W,ess,ess
0.0,0.0,0.0,1.0,0.026767470371883945,0.0,0.0,0.0,0.0,1.0,1.276657060518732,YBR109C,ess,ess
0.05202312138728323,0.015472383092747859,0.21621621621621626,0.8,0.006538618716796079,0.1232876712328767,1.2260273972602742,2.5225624496373893,1.425339366515837,0.226027397260274,0.4342105263157895,YOR161C-C,non_ess,non_ess
0.0722543352601156,0.008038724176679056,0.027027027027027032,2.0,0.053739272578667764,0.029797377830750895,0.11084624553039332,0.9751869108245748,1.0651629072681703,0.22884386174016685,0.8571428571428571,YNL289W,non_ess,non_ess
0.10693641618497107,0.03293283775607226,0.027027027027027032,0.2,0.052513281569268495,0.04506699147381242,0.464068209500609,1.2041544913988107,1.077026421854008,0.17174177831912302,1.3177570093457944,YDL086W,non_ess,non_ess
0.11560693641618495,0.035871726164750616,0.13513513513513514,1.0,0.07846342460155292,0.033277870216306155,0.3452579034941764,0.6955281570054049,1.4046822742474914,0.2096505823627288,1.1666666666666667,YPL171C,non_ess,non_ess
0.02890173410404624,0.010113233641628491,0.054054054054054064,1.0,0.017776869636289334,0.03215434083601286,0.3762057877813505,1.0172237593160347,1.7958656330749352,1.0,1.1561338289962826,YGL193C,non_ess,non_ess
0.13583815028901733,0.0236839830581727,0.0,1.0,0.11994278708622805,0.02595251242407509,0.15129762562120375,0.4913382436896929,1.150659133709981,0.07399226946438432,0.5800865800865801,YCR008W,non_ess,non_ess
0.02023121387283237,0.004321894718644654,0.0,0.0,0.03923171230077646,0.011182108626198084,0.07987220447284345,0.5467925476540905,0.5872659176029962,0.5543130990415336,2.005780346820809,YPR107C,ess,ess
0.1329479768786127,0.0811651828161466,0.8108108108108109,2.0,0.018798528810788726,0.1411042944785276,2.880368098159509,5.6644676023195215,1.20986301369863,1.0,7.58139534883721,YOR343C,non_ess,non_ess
0.011560693641618495,0.0019880715705765406,0.0,0.0,0.12076011442582756,0.0021941854086670325,0.012616566099835436,0.0796874065716373,0.2037914691943128,0.3532638507953922,2.0977198697068404,YDR341C,ess,ess
0.011560693641618495,0.0005186273662373584,0.0,1.0,0.08030241111565183,0.0032546786004882017,0.004882017900732303,0.07123573470196741,0.6820512820512821,0.6305939788445891,1.5625,YIR008C,ess,ess
0.06358381502890173,0.01797908202956176,0.08108108108108109,3.0,0.043931344503473635,0.031654676258992806,0.2992805755395683,0.8845260633598385,0.8630604288499026,0.26906474820143883,1.1,YEL072W,non_ess,non_ess
0.0,0.0,0.0,1.0,0.05394360441356764,0.0,0.0,0.0,1.0,1.0,1.0,YOL127W,ess,ess
0.005780346820809247,0.0007779410493560378,0.027027027027027032,2.0,0.08520637515324889,0.0015372790161414295,0.0069177555726364325,0.05436666755016036,0.14641909814323606,0.633358954650269,1.814977973568282,YNL188W,ess,ess
0.008670520231213872,0.003111764197424151,0.0,1.0,0.02656313853698406,0.006818181818181818,0.08181818181818183,0.12421875,0.51875,0.4863636363636364,1.222857142857143,YOR224C,ess,ess
0.03468208092485549,0.006396404183594088,0.054054054054054064,1.0,0.1303637106661218,0.006109979633401222,0.03767820773930754,0.10536484515847183,0.4731117824773414,0.3243380855397149,1.7645429362880891,YPR190C,ess,ess
0.031791907514450865,0.0049269599792549044,0.0,0.0,0.22231303637106664,0.0033192516596258297,0.0171997585998793,0.06588714544357271,0.21388888888888888,0.35334942667471336,0.35334942667471336,YGR094W,ess,ess
0.02890173410404624,0.026363557783732387,0.1891891891891892,0.7777777777777778,0.009603596240294238,0.052356020942408384,1.5968586387434556,1.8859075043630016,1.4186507936507935,0.33507853403141363,0.927536231884058,YCR108C,non_ess,non_ess
0.0,0.0,0.0,1.0,0.04781364936657132,0.0,0.0,0.0,0.0,1.0,2.211764705882353,YML092C,ess,ess
0.05202312138728323,0.00509983576800069,0.0,0.0,0.16223947691050267,0.007401315789473685,0.02425986842105263,0.1858207767402377,0.4536290322580646,0.2935855263157895,2.00561797752809,YBR049C,ess,ess
0.04046242774566474,0.00786584838793327,0.08108108108108109,0.3333333333333333,0.08581937065794852,0.010687022900763359,0.06946564885496183,0.3333773468124613,0.7351351351351352,0.41603053435114506,1.187363834422658,YMR240C,ess,ess
0.01445086705202312,0.0036303915636615096,0.10810810810810813,0.5714285714285714,0.00878626890069473,0.027932960893854747,0.2346368715083799,0.8752327746741154,1.2003968253968254,0.4692737430167598,1.1052631578947372,YML081C-A,non_ess,non_ess
0.0028901734104046237,0.0005186273662373584,0.027027027027027032,0.16666666666666666,0.0551695954229669,0.0011627906976744186,0.0069767441860465115,0.0197093023255814,0.07258771929824563,0.9616279069767442,2.1150895140664963,YOR281C,ess,ess
0.03757225433526011,0.010199671536001384,0.0,0.0,0.4525950143032285,0.001941747572815534,0.017625093353248692,0.09320388349514563,0.28560606060606064,0.6327109783420463,4.14481409001957,YLR430W,ess,ess
0.03468208092485549,0.014089376782781571,0.0,0.0,0.0551695954229669,0.013953488372093023,0.18953488372093025,0.1947393744987971,0.25994694960212195,0.4220930232558139,3.2410714285714284,YBR002C,ess,ess
0.0028901734104046237,8.643789437289306e-05,0.0,0.0,0.01982018798528811,0.0029325513196480947,0.0029325513196480947,0.08699902248289346,0.03812893081761006,0.7331378299120235,3.333333333333333,YOL026C,ess,ess
0.011560693641618495,0.0005186273662373584,0.0,1.0,0.05762157744176542,0.004464285714285714,0.006696428571428571,0.12921085464753587,0.2888814242526033,0.6540178571428571,2.078014184397163,YBR160W,ess,ess
0.0,0.0,0.0,0.0,0.12362076011442585,0.0,0.0,0.0,0.0,1.0,4.8316062176165815,YAR007C,ess,ess
0.005780346820809247,0.0005186273662373584,0.0,0.0,0.12259910093992644,0.001081081081081081,0.003243243243243243,0.028804258804258805,0.10064935064935064,0.907027027027027,2.1001251564455568,YLL004W,ess,ess
0.008670520231213872,0.0008643789437289308,0.0,0.0,0.0651818553330609,0.0029791459781529296,0.009930486593843098,0.13271803259536188,0.4926470588235294,0.4508440913604767,1.3392330383480826,YPR110C,ess,ess
0.03468208092485549,0.0029388884086783643,0.027027027027027032,1.0,0.08541070698814876,0.009202453987730062,0.02607361963190184,0.2682472335301875,0.5660881174899867,0.3174846625766871,1.4577464788732395,YDL097C,ess,ess
0.023121387283236997,0.008298037859797734,0.0,1.0,0.0939926440539436,0.0055944055944055935,0.06713286713286712,0.2122779348311264,0.2755825734549139,0.5825174825174825,3.3055555555555562,YPL063W,ess,ess
0.08092485549132948,0.01348431152217132,0.1891891891891892,2.333333333333333,0.0670208418471598,0.02707930367504836,0.15087040618955513,0.5851943027958502,0.8093841642228738,0.2640232108317215,1.1518987341772151,YHR034C,non_ess,non_ess
0.011560693641618495,0.00224738525369522,0.0,0.0,0.06579485083776053,0.003937007874015748,0.02559055118110236,0.10470102128323068,0.22178217821782176,0.4616141732283465,1.8464566929133857,YKL193C,ess,ess
0.0,0.0,0.0,0.0,0.04577033101757255,0.0,0.0,0.0,0.0,1.0,1.7272727272727273,YNL178W,ess,ess
0.03468208092485549,0.013397873627798429,0.0,0.0,0.016959542296689827,0.04013377926421405,0.5183946488294314,1.2900486652113834,1.704020530367836,0.4882943143812709,1.7380952380952384,YPL047W,non_ess,non_ess
0.04335260115606936,0.0076929725991874845,0.0,1.0,0.03330608908868002,0.027829313543599257,0.16512059369202226,0.999867479459316,1.875,0.16883116883116886,0.5986842105263158,YBR137W,non_ess,non_ess
0.060693641618497114,0.01581813467023943,0.40540540540540543,0.8823529411764706,0.02370249284838578,0.05276381909547738,0.4597989949748744,1.0895142378559464,0.6799999999999999,0.7110552763819096,1.132,YLR235C,non_ess,non_ess
0.05780346820809248,0.005445587345492263,0.0,0.0,0.23968124233755625,0.005603810591202018,0.017652003362286353,0.10916093463786587,0.3692999357739242,0.2981227234519473,1.6651017214397497,YJL076W,ess,ess
0.017341040462427744,0.005964214711729622,0.21621621621621626,2.6666666666666665,0.004086636697997548,0.054545454545454536,0.6272727272727273,0.9710743801652892,1.4000000000000004,0.4636363636363636,0.9444444444444444,YGL006W-A,non_ess,non_ess
0.026011560693641616,0.004840522084882012,0.0,0.0,0.1620351450756028,0.00370522848909016,0.023054755043227664,0.08522025524907369,0.3949704142011834,0.3643474680938658,2.2576530612244903,YOR168W,ess,ess
0.10404624277456646,0.025412740945630563,0.0,0.0,0.05292194523906825,0.04353083434099154,0.3555018137847642,0.9064353654704892,1.3618623758986648,0.13301088270858524,0.7692307692307692,YDR384C,non_ess,non_ess
0.05202312138728323,0.046590025066989366,0.054054054054054064,1.0,0.034327748263179414,0.032490974729241874,0.9729241877256316,0.7585165736790285,1.4504132231404956,0.18592057761732853,0.746376811594203,YER042W,non_ess,non_ess
0.011560693641618495,0.0018151957818307548,0.0,1.0,0.1158561503882305,0.002284408909194746,0.011993146773272416,0.04531245303435631,0.1432748538011696,0.9468874928612222,3.3836734693877566,YKL012W,ess,ess
0.06647398843930635,0.020140029388884085,0.054054054054054064,0.5,0.02227217000408664,0.0610079575596817,0.6180371352785146,1.5017862910724598,1.5045286816504528,1.0,2.5302013422818788,YKR012C,non_ess,non_ess
0.0,0.0,0.0,0.0,0.02165917449938701,0.0,0.0,0.0,0.0,1.0,3.0413223140495864,YKL058W,ess,ess
0.1184971098265896,0.07822629440746823,0.0,1.0,0.049243972210870464,0.05304010349288486,1.1707632600258733,1.5548230338010414,0.7480276134122287,0.1927554980595084,1.1287878787878791,YJL043W,non_ess,non_ess
0.031791907514450865,0.002074509464949433,0.0,0.0,0.35002043318349,0.002119868953555598,0.004625168625939488,0.0825104165974442,0.351419878296146,0.4989400655232222,3.6209790209790214,YMR229C,ess,ess
0.01445086705202312,0.0009508168381018238,0.0,0.0,0.10277891295463834,0.003207184092366902,0.007055805003207185,0.060656258368259476,0.2978817299205649,0.300192431045542,1.004291845493562,YMR013C,ess,ess
0.023121387283236997,0.0025931368311867924,0.0,0.0,0.1620351450756028,0.003293536434746809,0.012350761630300536,0.12909371241291906,0.3050108932461873,0.3046521202140799,2.578397212543554,YER125W,ess,ess
0.017341040462427744,0.0028524505143054713,0.0,0.0,0.041070698814875364,0.009188361408882085,0.05053598774885146,0.2443313738082301,1.038709677419355,0.3476263399693721,1.0,YLR051C,ess,ess
0.03468208092485549,0.003889705246780188,0.0,0.0,0.01736820596648958,0.03934426229508197,0.14754098360655735,0.8731004989308625,0.7630434782608697,0.4819672131147541,1.1052631578947367,YGL149W,non_ess,non_ess
0.023121387283236997,0.002506698936813899,0.054054054054054064,2.0,0.017572537801389457,0.025974025974025976,0.09415584415584416,0.4024260699722441,1.6517150395778364,1.0,1.0,YOR277C,non_ess,non_ess
0.01445086705202312,0.0008643789437289308,0.0,1.0,0.11279117286473235,0.0029308323563892145,0.005861664712778429,0.05570712991580518,0.20606060606060608,0.9525205158264948,4.765395894428153,YKR002W,ess,ess
0.026011560693641616,0.01659607571959547,0.0,1.0,0.0190028606456886,0.02735562310030395,0.5835866261398176,0.4983852583586626,0.97265625,0.3738601823708207,0.8145695364238411,YOR225W,non_ess,non_ess
0.13005780346820808,0.07926354913994295,0.35135135135135137,1.4444444444444444,0.034940743767879034,0.07992895204262877,1.6287744227353464,1.3470692717584372,0.8655172413793104,1.0,5.118181818181818,YIR017C,non_ess,non_ess
0.026011560693641616,0.010804736796611637,0.0,0.0,0.14609726195341236,0.004100227790432802,0.05694760820045557,0.1910223770601635,0.31807400379506645,0.4519362186788155,2.5241730279898222,YHR072W,ess,ess
0.017341040462427744,0.001901633676203648,0.0,0.0,0.06763383735185942,0.005752636625119847,0.02109300095877277,0.1741441543060177,0.6577540106951871,0.4477468839884947,1.2553763440860215,YOR262W,ess,ess
0.02023121387283237,0.0014694442043391822,0.027027027027027032,0.5,0.17981201471189212,0.0026022304832713753,0.0063197026022304825,0.13042379182156133,0.7,0.6546468401486989,2.8176,YPL126W,ess,ess
0.04624277456647399,0.007347221021695911,0.0,0.0,0.19574989783408256,0.005471956224350204,0.02906976744186046,0.2490913934074666,0.4658180103724658,0.3956908344733242,3.8059210526315774,YAR019C,ess,ess
0.01445086705202312,0.001901633676203648,0.0,0.0,0.049243972210870464,0.00646830530401035,0.028460543337645538,0.22271202859542746,0.29028436018957343,0.4075032341526521,1.96875,YOR060C,ess,ess
0.0,0.0,0.027027027027027032,0.16666666666666666,0.02145484266448713,0.0,0.0,0.0,0.0,1.0,1.5869565217391306,YBR253W,ess,ess
0.01445086705202312,0.0014694442043391822,0.054054054054054064,2.0,0.08173273395995098,0.004,0.0136,0.18860273972602745,0.3503688092729189,0.38,1.4797507788161997,YCL052C,ess,ess
0.4017341040462428,0.1374362520529,0.08108108108108109,6.0,0.3036371066612178,0.0308340727595386,0.35270629991126884,1.0184934719229306,1.3062650602409638,1.0,1.0,YLR256W,non_ess,non_ess
0.01445086705202312,0.002420261042441006,0.21621621621621626,2.0,0.00878626890069473,0.027932960893854747,0.1564245810055866,0.9869646182495344,5.454545454545454,0.3575418994413408,0.4413793103448277,YDL067C,non_ess,non_ess
0.01445086705202312,0.0030253263030512573,0.0,0.0,0.06742950551695955,0.004807692307692308,0.03365384615384615,0.1387871387871388,0.4160654160654161,0.698076923076923,2.2066869300911853,YIL019W,ess,ess
0.06358381502890173,0.04676290085573515,0.13513513513513514,1.25,0.01982018798528811,0.06451612903225806,1.5865102639296187,1.6693210959643676,0.7859671709044093,0.40762463343108507,0.7202072538860104,YOL085C,non_ess,non_ess
0.01445086705202312,0.00224738525369522,0.0,1.0,0.08847568451164692,0.0037064492216456633,0.01927353595255745,0.15313220345867562,0.2842465753424657,0.32097850259451444,2.1868686868686864,YJR065C,ess,ess
0.16473988439306358,0.047713717693836984,0.0,0.0,0.10870453616673477,0.03462940461725395,0.3353584447144593,0.7117447842610068,1.2433913604126374,0.11300121506682867,0.484375,YKR005C,non_ess,non_ess
0.07514450867052022,0.0199671536001383,0.13513513513513514,1.0,0.027993461381283204,0.05639913232104121,0.5010845986984815,1.2092786930097124,2.0229320229320225,0.21041214750542306,0.8738738738738739,YNR036C,non_ess,non_ess
0.02023121387283237,0.0030253263030512573,0.0,1.0,0.10257458111973848,0.0044987146529562975,0.02249357326478149,0.1368161728228025,1.2997076023391814,0.5996143958868895,1.1160287081339713,YHR170W,ess,ess
0.02890173410404624,0.00449477050739044,0.0,0.0,0.10339190845933798,0.006377551020408163,0.03316326530612245,0.15340410357691464,0.2192982456140352,1.0,10.73972602739726,YCL043C,ess,ess
0.13583815028901733,0.03950211772841213,0.4594594594594595,1.5454545454545454,0.0696771557008582,0.04380242311276794,0.4259086672879777,0.7825436978146337,0.8710424710424709,1.0,1.0,YPL015C,non_ess,non_ess
0.005780346820809247,0.0010372547324747168,0.0,0.0,0.07172047404985697,0.001813236627379873,0.010879419764279237,0.036418038268279725,0.10405920610002244,0.9283771532184948,4.24896265560166,YOL010W,ess,ess
0.10115606936416184,0.032154896706716216,0.21621621621621626,2.6666666666666665,0.019411524315488357,0.1044776119402985,1.1104477611940298,3.1594353812333678,1.145564168819983,0.12238805970149255,0.836734693877551,YJL028W,non_ess,non_ess
0.15895953757225434,0.05514737660990578,0.054054054054054064,0.6666666666666666,0.13833265222721702,0.026429601153291685,0.3065833733781836,0.7608859271781986,1.676706827309237,0.08649687650168188,0.5099150141643058,YDR234W,non_ess,non_ess
0.04624277456647399,0.007779410493560376,0.10810810810810813,0.5714285714285714,0.037188393951777685,0.026845637583892617,0.15100671140939598,0.5346418216103327,1.372809667673716,0.203020134228188,0.5127118644067797,YPL051W,non_ess,non_ess
0.005780346820809247,0.0004321894718644654,0.10810810810810813,1.3333333333333333,0.0406620351450756,0.0030911901081916537,0.0077279752704791345,0.0868466476381728,0.11064156742220516,0.4806800618238022,2.1448275862068966,YDR177W,ess,ess
0.031791907514450865,0.012792808367188177,0.2432432432432433,0.9,0.012872905598692277,0.04602510460251046,0.6192468619246861,1.4034743922461737,2.9588607594936716,1.0,3.0253164556962027,YMR175W,non_ess,non_ess
0.023121387283236997,0.005704901028610943,0.0,0.0,0.14875357580711074,0.003581020590868397,0.02954341987466428,0.07644443129101712,0.5212968849332485,0.3943598925693823,1.4141252006420544,YJR042W,ess,ess
0.05491329479768786,0.009940357852882704,0.054054054054054064,0.6666666666666666,0.12423375561912547,0.010138740661686232,0.06136606189967982,0.21244633082344372,0.2182204891882311,0.6792956243329776,6.918478260869566,YER147C,ess,ess
0.005780346820809247,0.0012965684155933962,0.0,1.0,0.04944830404577034,0.002577319587628866,0.019329896907216496,0.0637390959555908,0.168467895740623,0.6224226804123711,2.289099526066351,YBR088C,ess,ess
0.0722543352601156,0.09335292592272453,0.0,1.0,0.01736820596648958,0.08196721311475409,3.540983606557377,3.7616120218579234,1.5544871794871795,0.2721311475409836,0.8383838383838383,YBL108W,non_ess,non_ess
0.01445086705202312,0.0013830063099662892,0.0,0.0,0.043931344503473635,0.007194244604316547,0.02302158273381295,0.3559334350701257,0.5325987144168962,0.5237410071942447,1.60352422907489,YHR122W,ess,ess
0.0953757225433526,0.025672054628749243,0.10810810810810813,1.3333333333333333,0.02063751532488762,0.09348441926345608,0.8413597733711048,4.670758577274158,1.0985449735449735,0.2322946175637393,2.1025641025641018,YLR255C,non_ess,non_ess
0.0953757225433526,0.028351629354308933,0.4594594594594595,1.2142857142857142,0.0704944830404577,0.030414746543778806,0.30230414746543777,0.9724442772500708,2.7580174927113705,0.14285714285714285,0.5363321799307958,YKR066C,non_ess,non_ess
0.06936416184971098,0.02039934307200276,0.2972972972972973,1.8333333333333333,0.01185124642419289,0.10714285714285714,1.0535714285714286,2.214810924369748,1.4208144796380089,0.1875,0.9333333333333332,YJL133C-A,non_ess,non_ess
0.02890173410404624,0.012879246261561068,0.0,0.0,0.021863506334286884,0.026954177897574125,0.4016172506738545,0.6827404401528392,0.5803571428571429,0.4959568733153639,1.472,YJR108W,non_ess,non_ess
0.13583815028901733,0.05566600397614314,0.10810810810810813,1.0,0.03780138945647732,0.07768595041322314,1.0644628099173554,1.803583916083916,1.1229603729603728,0.17520661157024794,1.2470588235294118,YKL030W,non_ess,non_ess
0.15606936416184972,0.037946235629700065,0.10810810810810813,1.3333333333333333,0.12872905598692275,0.027835051546391758,0.2262886597938145,1.2893553595826606,1.855421686746988,0.11030927835051546,0.4766146993318485,YFL054C,non_ess,non_ess
0.07803468208092486,0.07692972599187484,0.13513513513513514,1.25,0.019411524315488357,0.08059701492537312,2.6567164179104483,1.6560167910447765,1.1702008928571432,0.5313432835820896,0.7416666666666668,YPR039W,non_ess,non_ess
0.27167630057803466,0.2144524159391477,0.21621621621621626,1.0,0.054352268083367385,0.1108490566037736,2.925707547169812,1.8348000563221627,0.9548092868988391,0.12735849056603776,2.0377358490566038,YNR002C,non_ess,non_ess
0.026011560693641616,0.0047540841905091185,0.0,0.0,0.10114425827543932,0.0058631921824104215,0.035830618892508145,0.18738762214983712,0.5099999999999999,0.31205211726384363,1.5015673981191222,YMR131C,ess,ess
0.017341040462427744,0.0017287578874578616,0.0,0.0,0.08377605230894974,0.0046875,0.015625,0.0991311659192825,0.290299740382346,0.4140625,1.1228813559322033,YLR321C,ess,ess
0.05491329479768786,0.006137090500475408,0.0,0.0,0.3022067838169187,0.0042344550924894135,0.01582349008246044,0.16352891403791742,0.41446955430006266,0.29150880320927125,2.274782608695652,YPL242C,ess,ess
0.0028901734104046237,0.0003457515774915723,0.0,0.0,0.053739272578667764,0.0011918951132300355,0.004767580452920143,0.03175964417570278,0.0975609756097561,0.7163289630512515,3.664634146341464,YBR257W,ess,ess
0.06358381502890173,0.031722707234851766,0.1891891891891892,1.0,0.03248876174908051,0.04174573055028463,0.6963946869070209,0.7096774193548387,0.9369272237196766,0.14800759013282733,0.4936708860759494,YBR116C,non_ess,non_ess
0.1936416184971098,0.2557697294493906,0.054054054054054064,0.6666666666666666,0.048630976706170816,0.08769633507853403,3.8730366492146597,2.0039355754725348,1.2264406779661017,0.07198952879581152,0.3571428571428572,YNL148C,non_ess,non_ess
0.05202312138728323,0.021177284121358803,0.40540540540540543,2.5,0.03453208009807928,0.03231597845601436,0.4398563734290844,1.6154622980251343,0.9276315789473684,0.19748653500897667,1.0091743119266057,YPL025C,non_ess,non_ess
0.01445086705202312,0.0015558820987120756,0.027027027027027032,0.3333333333333333,0.1213731099305272,0.002729257641921397,0.009825327510917031,0.12702112592942286,0.33445945945945943,0.3766375545851529,1.4465408805031448,YHR188C,ess,ess
0.0,0.0,0.0,1.0,0.02656313853698406,0.0,0.0,0.0,0.0,1.0,1.0,YGR074W,ess,ess
0.17630057803468208,0.07061975970265365,0.21621621621621626,1.1428571428571428,0.022067838169186758,0.16310160427807488,2.1844919786096257,4.808988070752777,1.092027972027972,0.10160427807486633,0.10160427807486633,YMR122C,non_ess,non_ess
0.08092485549132948,0.032587086178580686,0.16216216216216214,2.0,0.01818553330608909,0.08832807570977919,1.1892744479495267,3.10149316508938,1.551666666666667,0.20504731861198736,0.9848484848484848,YBR209W,non_ess,non_ess
0.05491329479768786,0.01322499783905264,0.10810810810810813,4.0,0.02451982018798529,0.04634146341463415,0.37317073170731707,0.8800149328023893,0.6844465058750773,0.3829268292682927,1.2170542635658914,YPL250C,non_ess,non_ess
0.06358381502890173,0.010113233641628491,0.0,1.0,0.2950551695954229,0.005020538566864446,0.026700136923779098,0.1061999265577124,0.6822149837133549,0.2727065267001369,1.2193877551020411,YIL115C,ess,ess
0.1213872832369942,0.0809923070274008,0.0,0.0,0.02451982018798529,0.1024390243902439,2.2853658536585364,4.274428353658536,1.0102796052631575,0.15121951219512195,0.8985507246376809,YDR095C,non_ess,non_ess
0.10693641618497107,0.03232777249546201,0.08108108108108109,0.75,0.07744176542705354,0.031171019376579606,0.3150800336983993,0.7516833598552217,1.1318244170096021,1.0,7.758169934640522,YOL053W,non_ess,non_ess
0.026011560693641616,0.022906042008816664,0.10810810810810813,1.3333333333333333,0.010216591744993873,0.045,1.325,1.3350955414012742,1.2693357597816195,0.515,1.7758620689655171,YDR119W-A,non_ess,non_ess
0.16473988439306358,0.0935258017114703,0.21621621621621626,0.3636363636363637,0.021863506334286884,0.15363881401617252,2.91644204851752,3.4512312120243047,1.2207331493890423,0.1105121293800539,1.2058823529411764,YDR274C,non_ess,non_ess
0.0,0.0,0.027027027027027032,1.0,0.0406620351450756,0.0,0.0,0.0,0.0,1.0,1.7299465240641712,YBR154C,ess,ess
0.05780346820809248,0.009162416803526663,0.054054054054054064,0.2857142857142857,0.16223947691050267,0.008223684210526315,0.04358552631578947,0.4382476076555024,1.4354066985645932,0.21546052631578946,1.071574642126789,YDL148C,ess,ess
0.005780346820809247,0.0004321894718644654,0.027027027027027032,0.3333333333333333,0.10952186350633428,0.0012062726176115801,0.0030156815440289505,0.02057667613525818,0.10599078341013826,0.5693606755126659,3.1571906354515047,YPR144C,ess,ess
0.01445086705202312,0.0006915031549831446,0.0,0.0,0.06429641738182809,0.005030181086519115,0.008048289738430584,0.12940802711002858,0.3827751196172249,0.6720321931589537,3.009009009009009,YBL050W,ess,ess
0.026011560693641616,0.016250324142103898,0.10810810810810813,1.0,0.009807928075194115,0.04639175257731959,0.9690721649484536,1.0795442213781878,0.6242914979757085,0.5154639175257731,1.25,YNL146C-A,non_ess,non_ess
0.04624277456647399,0.006915031549831446,0.0,1.0,0.026767470371883945,0.03611738148984198,0.18058690744920994,0.7906406480961601,1.04906937394247,0.24379232505643345,0.4864864864864865,YKL066W,non_ess,non_ess
0.031791907514450865,0.008038724176679056,0.0,0.0,0.25766244380874537,0.0028698147665014357,0.02426297938951213,0.07415767722713128,0.34999167083125104,0.25671797547612835,1.1220068415051307,YMR076C,ess,ess
0.02023121387283237,0.0035439536692886157,0.054054054054054064,0.4,0.126685737637924,0.003664921465968585,0.02146596858638744,0.08536772566541488,0.35571296581459805,0.8167539267015707,4.785276073619632,YDR390C,ess,ess
0.06358381502890173,0.01702826519145994,0.10810810810810813,1.3333333333333333,0.05087862689006948,0.027603513174404008,0.24717691342534506,0.7616425673947206,0.6478964401294499,0.2685069008782936,1.5620437956204385,YGL117W,non_ess,non_ess
0.0028901734104046237,0.0004321894718644654,0.027027027027027032,1.0,0.033714752758479766,0.0018348623853211008,0.009174311926605505,0.057080900750625524,0.10795454545454546,0.7321100917431193,2.8098591549295766,YPL211W,ess,ess
0.04046242774566474,0.008643789437289308,0.21621621621621626,2.6666666666666665,0.0334423103119466,0.025878003696857672,0.18484288354898332,0.4208502772643253,0.6426666666666667,0.2587800369685767,1.0526315789473684,YBR082C,non_ess,non_ess
0.005780346820809247,0.0007779410493560378,0.027027027027027032,0.5,0.11912545974662855,0.0011117287381878821,0.0050027793218454675,0.034900680815077696,0.18026418026418026,0.4752640355753196,1.8269230769230769,YPL243W,ess,ess
0.011560693641618495,0.002506698936813899,0.0,0.0,0.11810380057212914,0.002242152466367713,0.016255605381165918,0.06370805628575847,0.4022988505747127,0.5213004484304933,1.28099173553719,YJL069C,ess,ess
0.17052023121387286,0.04823234506007434,0.13513513513513514,1.0,0.11749080506742952,0.033239436619718316,0.3143661971830986,0.5085050654806029,0.9370680489101542,0.09577464788732394,0.9770114942528736,YML054C,non_ess,non_ess
0.15606936416184972,0.050825481891261126,0.0,1.0,0.10952186350633428,0.032569360675512665,0.3546441495778046,0.7335787604979858,0.9059819897084048,0.11459589867310012,1.4393939393939394,YMR319C,non_ess,non_ess
0.04335260115606936,0.005877776817356729,0.0,0.0,0.21557008581937068,0.004665629860031105,0.021150855365474338,0.15107557219339654,0.5120101137800253,0.27744945567651635,1.4743801652892563,YKR086W,ess,ess
0.01445086705202312,0.0008643789437289308,0.0,0.0,0.04822231303637107,0.0065963060686015824,0.013192612137203168,0.20525802847702587,0.3603603603603604,0.3997361477572559,1.202380952380952,YLR186W,ess,ess
0.1676300578034682,0.3295012533494684,0.13513513513513514,1.0,0.018594196975888846,0.17956656346749225,11.801857585139318,4.487966976264191,1.2294017094017091,0.1238390092879257,1.0526315789473684,YER088C-A,non_ess,non_ess
0.008670520231213872,0.0009508168381018238,0.0,0.0,0.05230894973436862,0.0036674816625916866,0.013447432762836184,0.12444752680082752,0.4656593406593407,0.5427872860635696,0.997752808988764,YLR243W,ess,ess
0.0028901734104046237,0.0003457515774915723,0.0,0.0,0.03780138945647732,0.001652892561983471,0.006611570247933884,0.03100052751890276,0.08904649330181245,0.8760330578512396,3.8686131386861313,YJR112W,ess,ess
0.16473988439306358,0.03846486299593742,0.08108108108108109,1.0,0.10645688598283612,0.035337879727216366,0.2758834469931804,1.038891595075724,1.1969246031746033,0.09919404835709858,0.5925925925925927,YBR286W,non_ess,non_ess
0.017341040462427744,0.00950816838101824,0.027027027027027032,0.25,0.11340416836943196,0.003498542274052478,0.0641399416909621,0.1070392153558368,0.3761671854157403,0.7440233236151603,1.915915915915916,YKL088W,ess,ess
0.02023121387283237,0.0025931368311867924,0.027027027027027032,0.5,0.09297098487944422,0.004946996466431096,0.02120141342756184,0.09715118484358468,0.25393993458221825,0.3406360424028269,1.9435483870967745,YNR026C,ess,ess
0.03757225433526011,0.007260783127323019,0.027027027027027032,0.5,0.02370249284838578,0.032663316582914576,0.21105527638190955,4.479088993353867,0.97438330170778,0.4145728643216081,0.8375634517766498,YDR366C,non_ess,non_ess
0.008670520231213872,0.0013830063099662892,0.0,0.0,0.14630159378831226,0.001364877161055505,0.007279344858962694,0.04575412537195977,0.12324324324324325,0.9631483166515014,4.6940133037694025,YMR277W,ess,ess
0.02890173410404624,0.011150488374103209,0.16216216216216214,1.2,0.017981201471189208,0.03184713375796178,0.410828025477707,1.100300972912438,1.3064713064713065,1.0,2.532258064516129,YBR174C,non_ess,non_ess
0.031791907514450865,0.010286109430374276,0.10810810810810813,0.5714285714285714,0.022680833673886392,0.028720626631853787,0.31070496083550914,0.4432550043516101,0.71163708086785,0.2297650130548303,0.9361702127659576,YMR195W,non_ess,non_ess
0.02023121387283237,0.006482842077966981,0.0,1.0,0.10155292194523907,0.004542504866969501,0.04866969500324465,0.17566384592938433,0.4416107382550337,0.2472420506164828,1.221153846153846,YMR093W,ess,ess
0.10404624277456646,0.03267352407295358,0.054054054054054064,4.0,0.06845116469145894,0.034123222748815164,0.3582938388625592,0.8075829383886256,1.0542210020590257,0.1848341232227488,1.6666666666666667,YNL231C,non_ess,non_ess
0.005780346820809247,0.0007779410493560378,0.0,0.0,0.04127503064977524,0.003048780487804878,0.013719512195121951,0.08653216565722703,0.2181208053691276,0.7987804878048781,2.328888888888889,YDR236C,ess,ess
0.026011560693641616,0.013570749416544212,0.0,1.0,0.06354720065386188,0.009155645981688708,0.15971515768056968,0.19993006103763988,0.5669642857142857,0.358087487283825,1.0897832817337458,YJR093C,ess,ess
0.011560693641618495,0.0015558820987120756,0.0,0.0,0.07723743359215368,0.0033783783783783786,0.015202702702702704,0.11413812067881834,0.2713178294573643,0.4831081081081081,1.5253333333333334,YGR185C,ess,ess
0.15028901734104044,0.06543348604028006,0.13513513513513514,5.0,0.05169595422966899,0.06427688504326329,0.9357231149567368,1.821515821029169,1.42169728783902,0.14585908529048208,0.14585908529048208,YLR059C,non_ess,non_ess
0.031791907514450865,0.004840522084882012,0.0,0.0,0.15284021250510832,0.004795117698343504,0.024411508282476024,0.13180668353082148,0.4741379310344828,0.3321708805579773,2.015873015873016,YDL028C,ess,ess
0.011560693641618495,0.001210130521220503,0.0,0.0,0.21577441765427052,0.001243008079552517,0.00435052827843381,0.0369458955537265,0.11302211302211301,0.4748290863890615,1.5720164609053495,YBL076C,ess,ess
0.04624277456647399,0.009767482064136915,0.2432432432432433,1.2857142857142858,0.031262770739681235,0.03143418467583497,0.2220039292730845,0.8839105064070609,1.6238805970149257,0.16306483300589392,0.5684931506849316,YCR046C,non_ess,non_ess
0.12716763005780346,0.036131039847869306,0.16216216216216214,1.2,0.06559051900286066,0.04343534057255676,0.4126357354392892,1.055744706569696,1.6366030283080977,0.10661401776900296,0.8437500000000001,YKL151C,non_ess,non_ess
0.011560693641618495,0.003976143141153081,0.0,0.0,0.052717613404168376,0.0048543689320388345,0.055825242718446605,0.6534560208665411,0.5047489823609226,0.3932038834951456,1.514018691588785,YOR145C,ess,ess
0.026011560693641616,0.002420261042441006,0.0,1.0,0.2950551695954229,0.002053856686444546,0.006389776357827476,0.07743800395557585,0.3656565656565656,0.4810588772250114,2.403648802736602,YOR116C,ess,ess
0.2167630057803468,0.319301581813467,0.4594594594594595,1.8888888888888888,0.02881078872088272,0.15856236786469344,7.809725158562367,3.107822410147991,1.2913043478260866,0.08456659619450317,1.0,YCR006C,non_ess,non_ess
0.017341040462427744,0.004667646296136226,0.10810810810810813,0.8,0.026358806702084188,0.013729977116704805,0.12356979405034325,0.1858970716613892,0.45507900677200896,0.6910755148741419,1.8414634146341464,YIL051C,ess,ess
0.0028901734104046237,0.0002593136831186792,0.054054054054054064,0.5,0.03902738046587659,0.0016051364365971107,0.004815409309791332,0.06851554604363594,0.225925925925926,0.8314606741573034,2.443396226415094,YDL217C,ess,ess
0.011560693641618495,0.001210130521220503,0.054054054054054064,0.4,0.09072333469554557,0.0028943560057887122,0.010130246020260492,0.045041692509130996,0.12091097308488608,0.6714905933429812,4.710659898477157,YER003C,ess,ess
0.11560693641618495,0.02653643357247817,0.0,0.0,0.03105843890478137,0.07905138339920949,0.6067193675889329,1.3394094396651943,0.9411764705882354,0.7075098814229249,0.93717277486911,YLR349W,non_ess,non_ess
0.09826589595375723,0.024202610424410062,0.16216216216216214,3.0,0.07458111973845526,0.029694323144104806,0.2445414847161572,0.8382627168653369,1.3018018018018018,0.14585152838427948,1.0844155844155845,YLL039C,non_ess,non_ess
0.04046242774566474,0.0087302273316622,0.0,0.0,0.2425418880261545,0.003877042370534478,0.027970091387427305,0.10081314578511542,0.7279792746113989,0.30047078371642205,1.4602960969044416,YPR010C,ess,ess
0.03757225433526011,0.010026795747255596,0.027027027027027032,0.3333333333333333,0.12464241928892522,0.006914893617021276,0.061702127659574474,0.2642028184581376,0.5402597402597403,1.0,1.0,YHR166C,ess,ess
0.10982658959537572,0.04555277033451465,0.0,0.0,0.07355946056395588,0.0336283185840708,0.4663716814159292,1.1020990979436536,1.7439613526570048,0.2628318584070796,0.5094339622641509,YBL029W,non_ess,non_ess
0.03757225433526011,0.007952286282306162,0.08108108108108109,1.0,0.0298324478953821,0.02663934426229508,0.1885245901639344,0.9272417539008492,1.2182061579651942,0.26024590163934425,1.4597701149425286,YDR014W-A,non_ess,non_ess
0.03468208092485549,0.006828593655458553,0.0,0.0,0.11483449121373113,0.0069124423963133645,0.04550691244239631,0.2508407024536057,0.7405405405405404,0.2344470046082949,1.15625,YOR260W,ess,ess
0.01445086705202312,0.003889705246780188,0.027027027027027032,0.3333333333333333,0.1726604004903964,0.0019342359767891683,0.01740812379110251,0.04009405132556283,0.1557492629150109,0.5775628626692456,6.1440329218107,YOR217W,ess,ess
0.017341040462427744,0.0017287578874578616,0.027027027027027032,0.3333333333333333,0.11176951369023294,0.0035481963335304554,0.011827321111768185,0.06400559611769335,0.3735408560311284,0.4299231224127735,1.84517766497462,YCR054C,ess,ess
0.0,0.0,0.0,0.0,0.08724969350224766,0.0,0.0,0.0,0.0,1.0,3.676795580110497,YPR085C,ess,ess
0.023121387283236997,0.001901633676203648,0.054054054054054064,0.5,0.21659174499387007,0.002476780185758514,0.006811145510835914,0.04454606106492553,0.3802727156875239,0.4176470588235294,1.2654784240150094,YOR098C,ess,ess
0.0,0.0,0.0,0.0,0.029015120555782595,0.0,0.0,0.0,0.0,1.0,3.3758865248226946,YJL143W,ess,ess
0.40462427745664736,0.12274181000950815,0.8378378378378379,3.4444444444444446,0.13710666121781775,0.06786233640329617,0.6883179835191469,2.1820619633224383,0.6376131004190029,0.1289384391662627,1.285024154589372,YAR035W,non_ess,non_ess
0.02890173410404624,0.006655717866712767,0.0,0.0,0.07110747854515734,0.009140767824497258,0.07038391224862889,0.33449911241819674,1.1916264090177129,0.4177330895795247,1.1628498727735368,YHR101C,ess,ess
0.026011560693641616,0.0025931368311867924,0.0,0.0,0.0715161422149571,0.008181818181818179,0.027272727272727268,0.2469518716577541,0.5326797385620915,0.25181818181818183,1.0374531835205991,YHR040W,ess,ess
0.011560693641618495,0.0007779410493560378,0.0,0.0,0.15529219452390686,0.0017167381974248926,0.0038626609442060094,0.06176824034334764,0.3150000000000001,0.3163090128755365,1.474,YDR324C,ess,ess
0.04046242774566474,0.005964214711729622,0.16216216216216214,3.0,0.01982018798528811,0.04105571847507331,0.20234604105571846,1.067448680351906,0.5708941264496821,0.3988269794721408,2.3859649122807016,YIL012W,non_ess,non_ess
0.02023121387283237,0.004062581035525975,0.054054054054054064,0.4,0.04658765835717205,0.009536784741144414,0.06403269754768393,0.27869085954917017,0.6443181818181818,0.36239782016348776,1.7852348993288591,YKL154W,ess,ess
0.023121387283236997,0.0025931368311867924,0.0,1.0,0.10993052717613404,0.004807692307692308,0.018028846153846152,0.15891513377926422,0.3478260869565218,0.3990384615384616,2.4057971014492754,YBR196C,ess,ess
0.017341040462427744,0.0029388884086783643,0.0,0.0,0.12219043727012667,0.0032537960954446853,0.01843817787418655,0.08955686396033467,0.3619047619047619,0.4208242950108461,2.7038327526132404,YLR088W,ess,ess
0.04335260115606936,0.007347221021695911,0.0,1.0,0.2932161830813241,0.003444316877152698,0.019517795637198614,0.14495135657743669,0.6842105263157894,0.2934557979334099,1.5250596658711215,YGR116W,ess,ess
0.011560693641618495,0.0015558820987120756,0.0,1.0,0.06681651001225991,0.003879728419010669,0.017458777885548008,0.2559338201697782,0.3814367450731088,0.41125121241513096,2.058252427184466,YGR113W,ess,ess
0.0028901734104046237,0.00017287578874578615,0.0,1.0,0.039436044135676335,0.001589825119236884,0.003179650238473768,0.05297707574747424,0.15591397849462368,0.5675675675675675,1.6301369863013695,YPR165W,ess,ess
0.0,0.0,0.054054054054054064,0.6666666666666666,0.05326249829723472,0.0,0.0,0.0,0.0,1.0,2.418604651162791,YNL162W,ess,ess
0.005780346820809247,0.0006050652606102515,0.0,0.0,0.03637106661217818,0.003424657534246575,0.011986301369863013,0.10922743129413767,0.2498274672187716,0.464041095890411,1.7947019867549672,YOL146W,ess,ess
0.026011560693641616,0.0087302273316622,0.10810810810810813,4.0,0.02022885165508786,0.025936599423631124,0.2910662824207493,1.1797222949960702,0.8333333333333333,0.3688760806916426,0.4776119402985074,YKL225W,non_ess,non_ess
0.03468208092485549,0.0067421557610856594,0.027027027027027032,1.0,0.1213731099305272,0.006550218340611353,0.0425764192139738,0.19039301310043666,0.3672456575682381,0.31986899563318777,1.0791896869244937,YGL116W,ess,ess
0.0,0.0,0.027027027027027032,1.0,0.0905190028606457,0.0,0.0,0.0,0.0,1.0,2.0369276218611523,YGL130W,ess,ess
0.0,0.0,0.0,0.0,0.048630976706170816,0.0,0.0,0.0,0.0,1.0,1.0,YGL123W,ess,ess
0.01445086705202312,0.0008643789437289308,0.0,0.0,0.054760931753167146,0.00585480093676815,0.0117096018735363,0.2341089906489279,0.42007637752318616,0.5117096018735363,2.4971428571428573,YOR174W,ess,ess
0.023121387283236997,0.00449477050739044,0.0,0.0,0.07539844707805476,0.006914433880726016,0.0449438202247191,0.24455502689106035,0.4850498338870433,0.3509075194468453,1.256965944272446,YPL255W,ess,ess
0.0,0.0,0.0,0.0,0.05312627707396813,0.0,0.0,0.0,0.0,1.0,3.4156378600823047,YJL174W,ess,ess
0.023121387283236997,0.08151093439363817,0.0,1.0,0.004495300367797304,0.06896551724137931,8.129310344827585,3.1241379310344826,3.8,0.603448275862069,0.603448275862069,YLR466C-B,non_ess,non_ess
0.2485549132947977,0.10139165009940357,0.0,0.0,0.19002860645688602,0.030281690140845068,0.4130281690140845,0.5917674396547636,0.9398907103825136,1.0,6.589327146171694,YIL002C,non_ess,non_ess
0.0,0.0,0.0,0.0,0.05905190028606457,0.0,0.0,0.0,0.0,1.0,4.187214611872147,YGR277C,ess,ess
0.01445086705202312,0.0015558820987120756,0.0,0.0,0.07029015120555783,0.004621072088724585,0.0166358595194085,0.13453832698582044,0.4697986577181208,0.3641404805914972,1.6765957446808508,YLR215C,ess,ess
0.049132947976878616,0.007952286282306162,0.054054054054054064,0.2857142857142857,0.2080098079280752,0.00547680412371134,0.02963917525773196,0.22237325236548508,0.5356164383561643,0.2541881443298969,1.9924242424242424,YIL031W,ess,ess
0.023121387283236997,0.0036303915636615096,0.0,0.0,0.05619125459746629,0.009142857142857144,0.048,0.3589865229110513,0.8150943396226417,0.24342857142857144,1.0142857142857145,YOL077C,ess,ess
0.023121387283236997,0.006309966289221194,0.0,0.0,0.13669799754801798,0.0038891589693728725,0.03548857559552747,0.13468496833532906,0.3956199222889438,0.7403986387943607,1.5914315569487982,YPL043W,ess,ess
0.18208092485549127,0.06845881234333133,0.16216216216216214,6.0,0.030854107069881488,0.12524850894632206,1.5745526838966202,2.430690306112849,1.5489886806457596,0.1550695825049702,1.5918367346938778,YKR040C,non_ess,non_ess
0.0028901734104046237,0.0003457515774915723,0.0,0.0,0.06742950551695955,0.0009615384615384617,0.003846153846153847,0.026079277864992152,0.16439909297052152,0.7432692307692308,1.927680798004988,YML015C,ess,ess
0.005780346820809247,0.0002593136831186792,0.0,0.0,0.06906416019615856,0.0018796992481203009,0.002819548872180451,0.04472815702622894,0.2574257425742575,0.9125939849624058,2.2955082742316786,YBR087W,ess,ess
0.10982658959537572,0.024202610424410062,0.0,1.0,0.08071107478545159,0.030769230769230767,0.2267206477732793,0.5441062534587714,0.5690794303332843,0.10445344129554657,0.9280575539568344,YGR210C,non_ess,non_ess
0.06358381502890173,0.016077448353358108,0.1891891891891892,1.4,0.054352268083367385,0.025943396226415096,0.21933962264150944,0.5592811586500133,0.884507042253521,0.17570754716981132,0.8816568047337279,YJR096W,non_ess,non_ess
0.01445086705202312,0.0014694442043391822,0.08108108108108109,0.5,0.1240294237842256,0.002672367717797969,0.009086050240513094,0.07490192914696006,0.33018867924528306,0.4879743452699091,3.0132013201320134,YPR048W,ess,ess
0.15317919075144507,0.04330538508081943,0.10810810810810813,0.6666666666666666,0.08663669799754803,0.040090771558245086,0.3789712556732224,1.019861863817129,1.2237458977965308,0.10665658093797276,1.342857142857143,YOL059W,non_ess,non_ess
0.10693641618497107,0.048578096637565904,0.1891891891891892,1.75,0.06988148753575807,0.03438661710037175,0.5223048327137546,0.8374238709167129,1.2452611218568663,0.27695167286245354,1.0719424460431657,YJR147W,non_ess,non_ess
0.04046242774566474,0.007433658916068805,0.054054054054054064,1.0,0.018798528810788726,0.04294478527607362,0.2638036809815951,2.552658486707567,2.4000000000000004,0.8865030674846626,0.9537953795379538,YDR467C,non_ess,non_ess
0.01445086705202312,0.002420261042441006,0.027027027027027032,0.5,0.11810380057212914,0.002802690582959641,0.01569506726457399,0.1208515980584807,0.3010659752232785,0.9097533632286996,3.2460000000000004,YNL039W,ess,ess
0.20809248554913293,0.0860057049010286,0.35135135135135137,2.6,0.08929301185124643,0.05290227773695812,0.7310800881704629,1.0881704628949302,1.2361111111111112,1.0,7.356756756756757,YJR078W,non_ess,non_ess
0.023121387283236997,0.002160947359322327,0.0,1.0,0.0805067429505517,0.006493506493506494,0.020292207792207792,0.2939017504234896,0.5110913930789708,0.23214285714285715,0.6825775656324582,YPR133C,ess,ess
0.06647398843930635,0.020658656755121445,0.13513513513513514,1.6666666666666667,0.04331834899877402,0.033527696793002916,0.34839650145772594,0.8763809175175515,1.048579970104634,0.15014577259475215,0.8174603174603173,YBR035C,non_ess,non_ess
0.023121387283236997,0.0028524505143054713,0.08108108108108109,0.75,0.010420923579893748,0.039408866995073885,0.1625615763546798,1.2645406619998272,0.8771929824561403,0.4039408866995074,1.1232876712328768,YBR201C-A,non_ess,non_ess
0.0,0.0,0.0,0.0,0.05741724560686556,0.0,0.0,0.0,0.0,1.0,3.6153846153846163,YCL031C,ess,ess
0.031791907514450865,0.027746564093698675,0.13513513513513514,0.7142857142857143,0.004903964037597058,0.09016393442622953,2.6311475409836067,1.7473258923381003,1.3429584599797364,0.30327868852459017,0.902439024390244,YNL097C-B,non_ess,non_ess
0.1213872832369942,0.03016682513613968,0.054054054054054064,2.0,0.08295872496935024,0.033123028391167195,0.2752365930599369,0.9565119423163588,1.0476190476190477,1.0,8.684931506849315,YLR213C,non_ess,non_ess
0.17341040462427745,0.04131731351024289,0.10810810810810813,2.0,0.13179403351042093,0.030226700251889168,0.2408060453400504,0.4331291367836338,0.9785202863961812,1.0,5.1159793814432994,YNR008W,non_ess,non_ess
0.01445086705202312,0.004321894718644654,0.10810810810810813,1.0,0.029423784225582342,0.010373443983402493,0.1037344398340249,0.24923209570512475,0.4984641914102495,0.4668049792531121,0.4668049792531121,YDL004W,ess,ess
0.06647398843930635,0.01901633676203648,0.3783783783783784,1.1666666666666667,0.0067429505516959564,0.15436241610738255,1.4765100671140938,3.749851618499749,1.4193391642371234,1.0,1.0,YGL063C-A,non_ess,non_ess
0.060693641618497114,0.020572218860748552,0.1891891891891892,2.333333333333333,0.019615856150388238,0.0621301775147929,0.7041420118343196,2.0012566543310046,0.9364548494983278,1.0,1.0,YOR379C,non_ess,non_ess
0.0953757225433526,0.021004408332613016,0.027027027027027032,0.3333333333333333,0.07478545157335513,0.02874564459930314,0.21167247386759586,0.5562830167472181,0.8959417273673257,0.12369337979094075,1.0364963503649631,YAL060W,non_ess,non_ess
0.0,0.0,0.0,0.0,0.06763383735185942,0.0,0.0,0.0,0.0,1.0,1.5007194244604318,YJR141W,ess,ess
0.0028901734104046237,0.0008643789437289308,0.0,1.0,0.02778912954638333,0.002183406113537118,0.02183406113537117,0.05931088113896034,1.082191780821918,1.0,1.0,YNL131W,ess,ess
0.04624277456647399,0.011150488374103209,0.054054054054054064,1.0,0.032897425418880265,0.0300187617260788,0.2420262664165103,0.7551148038952916,1.2582972582972582,0.22326454033771104,0.6611111111111111,YBR022W,non_ess,non_ess
0.031791907514450865,0.0049269599792549044,0.0,0.0,0.09297098487944422,0.007773851590106007,0.04028268551236749,0.2389351690803567,0.7231217616580313,0.4918727915194346,1.45,YMR239C,ess,ess
0.031791907514450865,0.0060506526061025155,0.027027027027027032,0.5,0.022680833673886392,0.028720626631853787,0.18276762402088773,0.7633640236361139,1.654135338345865,0.3524804177545692,0.9712230215827338,YIL068W-A,non_ess,non_ess
0.031791907514450865,0.0067421557610856594,0.08108108108108109,1.0,0.017572537801389457,0.03571428571428571,0.2532467532467532,1.7528483786152496,1.5328659070990358,0.4805194805194805,0.9487179487179488,YPL261C,non_ess,non_ess
0.060693641618497114,0.05220848820122741,0.0,0.0,0.02451982018798529,0.05121951219512195,1.4731707317073168,0.9793258662200356,1.0815450643776825,0.5658536585365853,0.9957081545064378,YCR064C,non_ess,non_ess
0.0028901734104046237,8.643789437289306e-05,0.0,0.0,0.08827135267674703,0.0007429420505200594,0.0007429420505200594,0.01946428286120564,0.12567204301075266,1.0,1.9592430858806409,YBR243C,ess,ess
0.02023121387283237,0.005704901028610943,0.027027027027027032,0.3333333333333333,0.05557825909276666,0.008083140877598153,0.07621247113163973,0.38770207852194005,0.96875,0.4122401847575058,1.0084745762711864,YPL117C,ess,ess
0.031791907514450865,0.02048578096637566,0.0,1.0,0.15345320800980794,0.004776378636561007,0.10290924880590534,0.13990652384257438,0.3359580052493438,0.4394268345636127,2.2538975501113585,YGR245C,ess,ess
0.09826589595375723,0.0399343072002766,0.054054054054054064,0.6666666666666666,0.05557825909276666,0.03926096997690531,0.5334872979214781,0.9014443344697388,0.8287981859410432,0.1812933025404157,0.9401197604790419,YGR239C,non_ess,non_ess
0.05491329479768786,0.01236061889532371,0.08108108108108109,1.5,0.033714752758479766,0.03486238532110092,0.26238532110091745,1.1145633707101599,1.9703703703703703,0.13944954128440368,0.3568075117370892,YDL192W,non_ess,non_ess
0.0,0.0,0.027027027027027032,0.25,0.04965263588067021,0.0,0.0,0.0,0.0,1.0,1.0,YLR323C,ess,ess
0.03757225433526011,0.009075978909153772,0.0,0.0,0.022067838169186758,0.03475935828877005,0.2807486631016043,0.8636363636363636,0.6578947368421053,0.5775401069518716,1.0485436893203883,YBR178W,non_ess,non_ess
0.02890173410404624,0.0028524505143054713,0.0,1.0,0.2082141397629751,0.0032185387833923397,0.010621177985194722,0.12504779206079367,0.32751677852349,0.2993241068554876,1.0801393728222997,YGL207W,ess,ess
0.023121387283236997,0.013311435733425534,0.0,1.0,0.007968941561095219,0.04790419161676647,0.9221556886227544,6.839244587747582,4.102564102564102,0.38323353293413176,0.38323353293413176,YOR394C-A,non_ess,non_ess
0.3728323699421965,0.12438413000259313,0.32432432432432434,3.0,0.15610952186350635,0.05508112724167378,0.6144321093082835,0.6981314301980399,0.7522614780679296,0.03800170794192997,0.4863387978142077,YBR001C,non_ess,non_ess
0.15028901734104044,0.025672054628749243,0.054054054054054064,2.0,0.10543522680833677,0.032540675844806015,0.1858573216520651,0.8750747351386686,0.6777541873083275,0.09198998748435544,0.8212290502793296,YIL162W,non_ess,non_ess
0.05780346820809248,0.012101305212205031,0.10810810810810813,1.3333333333333333,0.04597466285247242,0.027586206896551724,0.19310344827586207,0.8681541582150102,1.4022578728461084,0.12413793103448276,0.7758620689655172,YNL010W,non_ess,non_ess
0.0028901734104046237,0.0009508168381018238,0.027027027027027032,0.3333333333333333,0.025745811197384557,0.002336448598130841,0.02570093457943925,0.0624582777036048,0.3829365079365079,1.0,1.0,YNL113W,ess,ess
0.017341040462427744,0.008298037859797734,0.027027027027027032,1.0,0.004903964037597058,0.04918032786885247,0.7868852459016393,0.6242561523400008,0.5667447306791569,0.4672131147540984,1.14,YDR003W-A,non_ess,non_ess
0.14739884393063582,0.057567637652346786,0.2432432432432433,1.2857142857142858,0.07519411524315489,0.04419410745233969,0.5771230502599654,0.5526774460374979,0.7779767786561266,0.09792027729636048,0.982608695652174,YNR015W,non_ess,non_ess
0.05491329479768786,0.01521306940962918,0.16216216216216214,1.0,0.015120555782590932,0.06985294117647059,0.6470588235294118,1.956633459835548,1.7263440860215056,0.16911764705882354,1.0,YOL086W-A,non_ess,non_ess
0.008670520231213872,0.0008643789437289308,0.0,1.0,0.061912545974662864,0.003128258602711157,0.010427528675703858,0.3006344225390545,0.5166889185580773,0.4171011470281543,1.680672268907563,YOR143C,ess,ess
0.011560693641618495,0.0019880715705765406,0.0,0.0,0.10175725378013896,0.0025906735751295338,0.01489637305699482,0.07385894854955283,0.14573248407643313,0.3963730569948187,2.8073394495412844,YJL025W,ess,ess
0.008670520231213872,0.0003457515774915723,0.0,0.0,0.15590519002860648,0.0012825994014536127,0.0017101325352714837,0.07565791168092638,0.17921686746987955,0.6900384779820437,4.225130890052356,YLR277C,ess,ess
0.01445086705202312,0.005013397873627798,0.0,0.0,0.05537392725786678,0.005793742757821553,0.06720741599073002,0.24087924435549,0.2632384450566269,0.5005793742757821,1.1966759002770082,YBR011C,ess,ess
0.0,0.0,0.0,0.0,0.0406620351450756,0.0,0.0,0.0,0.0,1.0,2.588,YFL005W,ess,ess
0.07514450867052022,0.029043132509292077,0.2432432432432433,1.125,0.0425010216591745,0.03857566765578635,0.4985163204747775,0.5516821457474277,0.9454545454545455,0.2611275964391692,0.6641509433962265,YDR007W,non_ess,non_ess
0.0,0.0,0.054054054054054064,0.4,0.02308949734368615,0.0,0.0,0.0,0.0,1.0,1.1859756097560976,YNL149C,ess,ess
0.023121387283236997,0.00509983576800069,0.0,0.0,0.17756436452799348,0.003010914565299209,0.022205494919081668,0.07832559695563082,0.4259259259259259,0.32781332329695145,0.997709049255441,YDR303C,ess,ess
0.011560693641618495,0.0016423199930849686,0.0,0.0,0.048630976706170816,0.005235602094240838,0.02486910994764397,0.196914591742936,0.4614079728583546,0.3952879581151833,1.4803921568627452,YOL038W,ess,ess
0.005780346820809247,0.0026795747255596854,0.027027027027027032,0.2,0.052717613404168376,0.0024271844660194173,0.03762135922330097,0.08339556883246202,0.5341880341880342,0.9381067961165048,3.092,YDR429C,ess,ess
0.03468208092485549,0.021695911487596163,0.0,1.0,0.0253371475275848,0.02843601895734597,0.5947867298578199,0.9401385344513308,0.9986013986013986,0.4881516587677725,1.4405594405594406,YNL205C,non_ess,non_ess
0.01445086705202312,0.00224738525369522,0.0,0.0,0.09991826726604006,0.0032959789057350032,0.017139090309822018,0.09074313952362732,0.7459207459207458,0.4258404746209624,1.2211720226843101,YMR290C,ess,ess
0.06647398843930635,0.017201140980205722,0.054054054054054064,1.0,0.04822231303637107,0.03034300791556728,0.26253298153034305,1.669484680415702,0.9585392051557464,0.21635883905013192,1.0718954248366013,YPR158W,non_ess,non_ess
0.02890173410404624,0.007779410493560376,0.0,0.0,0.08418471597874949,0.0077760497667185065,0.06998444790046658,0.20095151269066644,1.3423645320197044,0.25505443234836706,0.7288888888888889,YDR394W,ess,ess
0.05202312138728323,0.012533494684069495,0.0,1.0,0.01982018798528811,0.05278592375366569,0.4252199413489736,1.4392516425999482,1.3860759493670889,0.3431085043988269,1.0,YLL030C,non_ess,non_ess
0.07514450867052022,0.04503414296827729,0.10810810810810813,0.8,0.02022885165508786,0.07492795389048991,1.5014409221902016,2.054335357152849,2.019417475728155,1.0,2.628787878787879,YMR107W,non_ess,non_ess
0.02023121387283237,0.0027660126199325783,0.0,1.0,0.14078463424601553,0.0033065658951346244,0.015115729806329713,0.0891655708613668,0.2591891891891892,0.480869154463864,3.3267973856209148,YBL035C,ess,ess
0.15895953757225434,0.041144437721497104,0.35135135135135137,1.625,0.11667347772783,0.03119682359614294,0.26999432785025523,0.7105722368140583,1.050955414012739,0.14577424844015882,2.0078125,YDL174C,non_ess,non_ess
0.023121387283236997,0.010286109430374276,0.0,0.0,0.13608500204331836,0.00390625,0.05810546875,0.14715998427672955,0.2481023639123834,0.4423828125,3.790794979079498,YJL034W,ess,ess
0.10404624277456646,0.04157662719336157,0.4594594594594595,2.4285714285714284,0.061095218635063335,0.03801478352692714,0.5079197465681098,0.4379869471684069,0.6814274550664235,0.1573389651531151,1.2521008403361344,YHL026C,non_ess,non_ess
0.11271676300578035,0.044861267179531504,0.10810810810810813,2.0,0.06048222313036373,0.04157782515991471,0.5533049040511727,1.3620645430206646,1.4661654135338344,0.10021321961620468,0.9791666666666666,YOR120W,non_ess,non_ess
0.011560693641618495,0.001210130521220503,0.0,0.0,0.08765835717204741,0.0029917726252804786,0.010471204188481676,0.16766221657564984,0.2767123287671233,0.4098728496634256,1.7232704402515722,YOR250C,ess,ess
0.08670520231213873,0.015904572564612324,0.21621621621621626,1.1428571428571428,0.02370249284838578,0.07537688442211055,0.4623115577889447,1.897940790911077,0.7508581235697941,0.16834170854271358,2.233333333333334,YOR268C,non_ess,non_ess
0.0,0.0,0.027027027027027032,0.2,0.036711619670344635,0.0,0.0,0.0,0.0,1.0,4.428571428571429,YOR122C,ess,ess
0.03757225433526011,0.024289048318782952,0.2972972972972973,11.0,0.02370249284838578,0.032663316582914576,0.7060301507537688,0.5688055662930035,1.0329670329670328,0.20100502512562807,0.8247422680412372,YBL003C,non_ess,non_ess
0.06936416184971098,0.011669115740340566,0.16216216216216214,1.5,0.03821005312627708,0.03927986906710311,0.22094926350245495,0.7872072120415337,0.743169398907104,0.1260229132569558,0.616,YDL002C,non_ess,non_ess
0.24277456647398846,0.2679574725559685,0.1891891891891892,3.5,0.022476501838986515,0.22105263157894736,8.157894736842103,4.444513406156903,1.5747460087082727,1.0,8.444444444444445,YEL008W,non_ess,non_ess
0.0,0.0,0.0,0.0,0.09624029423784226,0.0,0.0,0.0,0.0,1.0,3.7803617571059434,YJR006W,ess,ess
0.0,0.0,0.0,0.0,0.03637106661217818,0.0,0.0,0.0,0.0,1.0,2.0207612456747404,YDR328C,ess,ess
0.0028901734104046237,8.643789437289306e-05,0.0,0.0,0.19554556599918269,0.00034234851078397807,0.00034234851078397807,0.011984660816365737,0.04172661870503597,0.9852790140362888,6.046218487394958,YDR238C,ess,ess
0.17052023121387286,0.1349295531160861,0.13513513513513514,5.0,0.032897425418880265,0.11069418386491556,2.928705440900563,3.1872545340838023,1.5617647058823532,0.28893058161350843,1.0405405405405406,YMR135W-A,non_ess,non_ess
0.1791907514450867,0.1912870602472124,0.2432432432432433,2.25,0.032897425418880265,0.11632270168855535,4.151969981238274,4.305822206840441,0.9520908687099436,0.09193245778611632,1.0425531914893615,YMR042W,non_ess,non_ess
0.0028901734104046237,0.00017287578874578615,0.0,0.0,0.0696771557008582,0.0009319664492078283,0.001863932898415657,0.024464119291705496,0.20988805970149246,1.0,2.3950892857142856,YER127W,ess,ess
0.031791907514450865,0.005877776817356729,0.2972972972972973,0.8461538461538461,0.020433183489987745,0.03142857142857143,0.19428571428571428,0.5569791240278347,0.6934097421203438,0.98,1.0820189274447949,YAL056C-A,non_ess,non_ess
