hits_count,reads_count,hits_count_pro,ratio_hits_prom,orf_len,insertion_index,NI,HFI_normalized,HFI_ratio,orf,label,predictions
2.0478009278060374,0.8250071689415542,3,0.6739130434782609,0.654753559412515,0.02475728155339806,0.5032911615272398,189,0.0006241331484049933,YOL011W,non_ess,non_ess
0.4276119596593202,0.027414471328720345,0,0.8,1.8599279332278675,0.006792675723567632,0.18263118404878595,672,0.0003340083818524456,YPL115C,non_ess,non_ess
-0.8453936581702434,-0.4511411472389801,1,1.1,-0.14415162503974344,0.000846740050804403,0.03767041832764083,560,0.0008452280149993952,YPR025C,ess,ess
-0.5560741995726153,-0.3293269897853836,1,1.75,-0.6158601469176981,0.00906344410876133,0.4358383685800604,320,0.001151812688821752,YLR221C,non_ess,non_ess
-0.8453936581702434,-0.4424401359922946,0,0.8518518518518519,-0.3704626499869703,0.001072961373390558,0.01927826924761321,337,0.0006240368818532622,YML121W,non_ess,ess
1.9899370360865118,1.1904496413023438,0,1.0,0.493881866980149,0.026553372278279343,0.4226556380503461,280,0.0007415977543433731,YIL055C,non_ess,non_ess
-0.5560741995726153,-0.3670313718543539,7,1.4705882352941178,-1.0384891694095073,0.030456852791878174,1.0217782872113967,175,0.002320522117476432,YBR162W-A,non_ess,non_ess
-0.7875297664507178,-0.4395397989100661,0,1.5454545454545454,0.019446706247408473,0.0014695077149155034,0.034241231890019534,700,0.0003600293901542983,YKL108W,ess,ess
-0.15102695753593598,-0.16690811318058832,1,0.7,-0.5449675366932656,0.01756756756756757,0.5729857819905213,187,0.0026232114467408586,YHR044C,non_ess,non_ess
-0.4403464161335641,-0.3061242931275557,0,0.4375,-0.16596473587803034,0.006914433880726016,0.24455502689106035,219,0.0010340078063642783,YPL255W,ess,non_ess
-0.6718019830116665,-0.4221377764166952,0,0.5833333333333334,0.30301714714513844,0.002390914524805738,0.1032501076913316,725,0.00039326421666632317,YLL018C,ess,ess
-0.2088908492554616,-0.2423168773185289,6,0.4838709677419355,-0.7221990622543468,0.02201834862385321,0.42012951969778745,112,0.0019495412844036696,YGL242C,non_ess,non_ess
-0.4403464161335641,-0.2655195739763569,0,0.65,-0.7767318393500642,0.016494845360824743,0.3929654335961189,113,0.004178450871270869,YPR073C,non_ess,non_ess
6.387592806770459,5.390137736369193,8,0.6666666666666666,0.10942578845534202,0.0863013698630137,1.6670254403131115,78,0.0012293642430628731,YPR001W,non_ess,non_ess
1.0062508768545764,0.2768434604003702,3,1.75,1.017396527099035,0.013420089467263115,0.276252103118596,993,0.00027029384626914635,YJL102W,non_ess,non_ess
-0.4982103078530897,-0.3699317089365824,0,0.8181818181818182,0.06579956677876818,0.004957507082152974,0.2498377006610009,514,0.00034170699176596384,YOR198C,non_ess,ess
-0.09316306581641036,-0.15530676485167436,15,2.0,-0.8830707546867129,0.03804347826086957,1.7497651637144391,117,0.005086399108138239,YLR408C,non_ess,non_ess
-0.15102695753593598,-0.31772564145646964,5,0.5,0.5729543937689391,0.006598984771573604,0.18034637205135864,567,0.0006839810562314793,YNL047C,non_ess,non_ess
1.4112981188912557,0.4073586291006522,0,0.9166666666666666,0.9083309729076005,0.017101325352714837,0.3287848558263266,157,0.0009558224838858133,YGL009C,non_ess,non_ess
0.6012036348178971,-0.08859901196041915,15,0.7727272727272727,1.5218247152344202,0.008626410086264101,0.17536507484089908,387,0.00028291744468963965,YGL241W,non_ess,non_ess
-0.5560741995726153,-0.3670313718543539,0,1.8888888888888888,-0.5613273698219808,0.008310249307479225,0.1644352108341028,478,0.0020920502092050207,YER148W,ess,non_ess
-0.32461863269451285,-0.2945229447986418,3,0.5714285714285714,-0.06235245939616747,0.007867820613690008,0.19129231323405346,275,0.0006923682140047207,YBL058W,non_ess,non_ess
-0.035299174096884746,-0.20171215816733007,3,1.0833333333333333,-0.7112925068352034,0.02692998204667864,0.7809694793536804,154,0.0018652801417612906,YPR067W,non_ess,non_ess
-0.32461863269451285,-0.36413103477212544,1,1.0,-0.6812994794325589,0.01694915254237288,0.5177896063874492,139,0.0025972442385074988,YMR118C,non_ess,non_ess
1.816345360927935,0.8685122251749816,17,0.4313725490196079,-0.2423106238120345,0.04380242311276794,0.7825436978146337,123,0.0009243894862061387,YPL015C,non_ess,non_ess
-0.3824825244140385,-0.2771209223052708,1,1.04,-0.19050448557110314,0.007964601769911504,0.17252355124179275,303,0.00039428721633225273,YGL148W,non_ess,non_ess
-0.6718019830116665,-0.29742328188087025,0,1.6666666666666667,-0.457715093340118,0.004784688995215311,0.10775951737050136,395,0.0005632608563987644,YKL095W,ess,ess
0.1961563927812177,0.2420394154136284,0,0.5714285714285714,0.4611622007227186,0.01028695181375203,0.3836711559285328,215,0.001251558152126012,YMR092C,non_ess,non_ess
0.9483869851350506,-0.04509395572699184,0,0.7272727272727273,2.252563928317032,0.008381351492928235,0.3140979063519154,636,0.0015723270440251573,YOR124C,non_ess,non_ess
0.3697480679397946,-0.05089462989144882,2,1.0769230769230769,1.2791538571584782,0.008008736803785948,0.2955707629799928,475,0.0005970149253731342,YMR273C,non_ess,non_ess
-0.7875297664507178,-0.4250381134989237,3,0.8666666666666667,-0.5613273698219808,0.002770083102493075,0.0691883974910052,344,0.0010065708948012626,YPL199C,non_ess,non_ess
-0.6139380912921409,-0.4192374393344667,0,1.818181818181818,1.300966967996765,0.0018044027426921687,0.03695297517678673,1727,9.570543788685735e-05,YCR057C,ess,ess
1.4112981188912557,0.4711660449096789,3,1.0434782608695652,2.904230614610854,0.008820286659316428,0.3657317027941023,1366,0.0001887063525757852,YPL058C,non_ess,non_ess
0.2540202845007433,0.036115482575405804,4,0.42857142857142855,0.035806539376123665,0.014503263234227704,0.4897146161683848,534,0.0004576404222785333,YOL041C,non_ess,non_ess
-0.8453936581702434,-0.3931344055944103,1,2.0,-0.6267667023368415,0.0015384615384615385,0.06040444091990484,650,0.00031715976331360955,YJR057W,ess,ess
-0.3824825244140385,-0.31772564145646964,3,1.1578947368421053,-0.032359431993522966,0.006901840490797546,0.12666693574426865,303,0.0005719897143088543,YCL037C,non_ess,non_ess
-0.6718019830116665,-0.3757323831010394,1,1.3,0.7174662530725899,0.001878816345702208,0.0407076874902145,1211,0.0004336326743383708,YLR440C,ess,ess
1.1219786602936277,0.4334616628407086,2,0.0,1.7208693516337883,0.01082585833591092,0.4118022236768595,215,0.0004244024198131192,YDR291W,non_ess,non_ess
1.1219786602936277,0.4102589661828807,5,0.9565217391304348,1.1346419978548272,0.013523956723338485,0.2736193720960279,223,0.0008507703717052143,YNL068C,non_ess,non_ess
-0.7296658747311922,-0.4076360910055528,5,0.6666666666666666,-0.9157904209441432,0.009036144578313251,0.2440263848690853,140,0.003356282271944923,YGR215W,non_ess,non_ess
-0.8453936581702434,-0.36413103477212544,18,0.5777777777777777,-0.8857973935414988,0.0027397260273972607,0.059609796596097976,146,0.002289360105085382,YGL088W,non_ess,non_ess
-0.035299174096884746,-0.007389573658021506,2,0.78125,0.8210785295544528,0.006687472135532769,0.15209110605314002,775,0.00019731638214948304,YBL067C,non_ess,non_ess
-0.8453936581702434,-0.4511411472389801,11,1.1111111111111112,-0.9157904209441432,0.0030120481927710845,0.20168320340184268,102,0.003336876919442476,YLR154C,non_ess,ess
0.311884176220269,-0.17850946150950225,1,0.9333333333333332,0.9764969442772472,0.008699254349627173,0.1917153469169955,331,0.00047307123351446887,YGL083W,non_ess,non_ess
-0.9032575498897693,-0.45694182140343703,0,0.9333333333333332,-0.7112925068352034,0.0,0.0,301,0.0028450944487853178,YOR331C,non_ess,non_ess
-0.9032575498897693,-0.45694182140343703,0,2.5,-0.12779179191102824,0.0,0.0,850,0.0005602708139135555,YDR021W,ess,ess
0.7747953099764741,0.6393855956789312,0,0.8863636363636364,0.9928567774059625,0.011924342105263159,0.3375450816423589,225,0.00040021929824561413,YPL207W,non_ess,non_ess
0.1382925010616921,-0.0015888994935645325,0,0.7692307692307693,2.170764762673456,0.004828326180257511,0.3616378880127758,633,0.00037884181193173727,YDR097C,non_ess,non_ess
1.064114768574102,0.215936381673572,17,1.0434782608695652,-0.4931613984523342,0.04265997490589712,0.6904985624342406,100,0.01,YIR016W,non_ess,non_ess
-0.8453936581702434,-0.4366394618278376,2,0.6666666666666666,-0.6458531743203426,0.001589825119236884,0.04221295397765987,410,0.0008685873822172242,YCR027C,non_ess,non_ess
-0.7875297664507178,-0.3786327201832679,0,1.3076923076923077,-0.962143281475503,0.007117437722419929,0.14836818524945344,185,0.001654323362508416,YHR005C-A,ess,ess
-0.4403464161335641,-0.21911418066070107,4,1.0,-0.7603720062213489,0.015904572564612324,0.4740186332982497,158,0.002843697309812014,YLL042C,non_ess,non_ess
-0.4403464161335641,-0.349629349360983,3,0.52,-0.6022269526437688,0.011816838995568686,0.3708369331958419,238,0.001998436006603528,YDL018C,non_ess,non_ess
-0.7875297664507178,-0.42793845058115215,0,2.0,-0.3895491219704713,0.0021953896816684962,0.10961039787460826,650,0.0004998733429029807,YDR288W,ess,ess
-0.3824825244140385,-0.23071552898961506,1,0.6,0.043986455940481256,0.006484149855907781,0.1121968601421155,490,0.0008763159442451332,YPL172C,non_ess,non_ess
-0.035299174096884746,-0.030592270315849407,5,1.625,-0.8039982278979227,0.03296703296703297,1.1111829347123463,87,0.002298850574712644,YHR116W,non_ess,non_ess
-0.5560741995726153,-0.4221377764166952,3,0.7272727272727273,-0.294116762052966,0.005905511811023622,0.18635789630069827,181,0.0007667377213207465,YBL031W,non_ess,non_ess
0.6012036348178971,0.25364076374254235,3,0.5789473684210527,-0.9130637820893576,0.07761194029850746,2.4607296849087894,123,0.0028394612304332,YPR170C,non_ess,non_ess
1.2377064437326788,0.2971458199759697,2,2.1,0.7719990301683073,0.016902695294655094,0.5717445034027949,277,0.0006266976497188931,YGL203C,non_ess,non_ess
0.1382925010616921,-0.018990921986935458,5,0.7272727272727273,0.7610924747491637,0.008268259072117593,0.292186598789118,476,0.0005191787325862821,YKR018C,non_ess,non_ess
0.022564717622640867,-0.16110743901613134,4,0.6363636363636364,-0.4249954270826876,0.01834862385321101,0.7149111119570597,129,0.0018757556361567453,YOR385W,non_ess,non_ess
-0.4982103078530897,-0.236516203154072,1,1.181818181818182,-0.7340144972917523,0.013157894736842105,0.382807981492192,173,0.0057803468208092465,YDR397C,ess,non_ess
-0.4982103078530897,-0.3786327201832679,1,0.4375,-0.6622130074490578,0.011456628477905071,0.5552249169270446,155,0.0025869806240430807,YBR014C,non_ess,non_ess
-0.09316306581641036,0.0013114375886639548,1,0.7142857142857143,-0.3895491219704713,0.015367727771679471,0.3574966928424667,175,0.002151481888035126,YOL056W,non_ess,non_ess
0.1382925010616921,-0.05669530405590579,1,1.8571428571428568,0.28665731401642325,0.010876132930513595,0.3409846950632449,634,0.0003049739342590563,YOR132W,non_ess,non_ess
-0.6139380912921409,-0.4395397989100661,5,0.9807692307692308,-0.2886634843433943,0.004892367906066536,0.11666073652375022,179,0.0008636805912385616,YJR105W,non_ess,non_ess
-0.6718019830116665,-0.3960347426766388,2,1.5,-0.02690615428395124,0.003053435114503817,0.07195030684029337,1083,0.00024528980144213487,YPR163C,non_ess,ess
-0.2667547409749872,-0.2858219335519563,1,1.6363636363636365,0.019446706247408473,0.008082292432035268,0.3397977874595109,177,0.0006849400366131582,YLR431C,non_ess,non_ess
-0.8453936581702434,-0.4540414843212086,15,0.8571428571428571,-0.9730498368946464,0.0037174721189591076,0.3077810537110627,240,0.0024318463444857486,YDR363W-A,non_ess,non_ess
1.0062508768545764,0.3087471683048836,2,0.6304347826086957,-0.4986146761619059,0.04171934260429835,2.2364348925410877,80,0.0014380530973451327,YLR414C,non_ess,non_ess
-0.6718019830116665,-0.3902340685121817,1,1.75,0.43389581217486,0.002201430930104568,0.05568910114154847,306,0.000733810310034856,YIL072W,non_ess,non_ess
-0.6139380912921409,-0.35543002352543995,7,0.4,-0.6594863685942719,0.008143322475570033,0.29810706164341466,348,0.001221498371335505,YOR383C,non_ess,non_ess
-0.4403464161335641,-0.33802800103206904,0,0.5,-0.5258810647097646,0.010512483574244415,0.3891855621103252,181,0.002816880957739525,YPL159C,non_ess,non_ess
0.6590675265374226,0.15792964002900226,13,0.5714285714285714,-0.03508607084830883,0.0207532667179093,0.4237662381063778,275,0.0005226748654880861,YOL124C,non_ess,non_ess
0.5433397430983714,-0.11760238278270405,1,0.7727272727272727,1.4154857998977717,0.008629616845012079,0.3726804185066596,305,0.0005387144417345248,YNL023C,non_ess,non_ess
-0.32461863269451285,-0.14370541652276042,0,0.0,-0.2886634843433943,0.009784735812133072,0.5272721922222385,299,0.0017867778439547351,YNL332W,non_ess,non_ess
0.2540202845007433,-0.1930111469206447,1,1.0,-0.13324506962059998,0.01676445934618609,0.7258626977982251,257,0.0010861021327392931,YBR042C,non_ess,non_ess
0.311884176220269,-0.21911418066070107,1,0.6666666666666666,0.47479539499664797,0.011278195488721804,0.4224812030075187,351,0.0005125757005456253,YDL063C,non_ess,non_ess
0.6012036348178971,-0.04219361864476336,1,0.375,0.04671309479526712,0.018691588785046728,0.4651242306815591,318,0.0004860536512802427,YCL048W,non_ess,non_ess
-0.15102695753593598,-0.053794966973677305,0,0.6666666666666666,0.21031142608241904,0.008274984086569064,0.21756312327604496,332,0.0011024364804859156,YBR184W,non_ess,non_ess
1.0062508768545764,0.2014346962624296,7,1.4285714285714286,1.5163714375248485,0.010970744680851064,0.3996110173270481,739,0.00026901649727924454,YPL040C,non_ess,non_ess
-0.32461863269451285,-0.3467290122787545,11,0.6190476190476191,-0.5995003137889829,0.014705882352941175,0.35729291716686673,410,0.0005272596843615495,YNL107W,non_ess,non_ess
-0.6718019830116665,-0.3757323831010394,0,2.2,-0.4277220659374734,0.004602991944764097,0.11235057889669099,423,0.001757407090022226,YAL034W-A,ess,ess
1.816345360927935,1.3151641358381687,2,0.4705882352941176,0.8537981958118832,0.020623080298376482,0.5502103325257074,465,0.0005265467310223783,YOR267C,non_ess,non_ess
0.1382925010616921,-0.06829665238481973,4,1.1111111111111112,-0.23413070724767696,0.0166358595194085,0.3372542429843724,214,0.0009155768998220672,YJR094C,non_ess,non_ess
1.6427536857693583,0.7844024497903554,2,1.4615384615384617,0.09033931647184096,0.030576789437109106,0.526944812304142,193,0.0005076928062449816,YNR001C,non_ess,non_ess
1.0062508768545764,0.18403267376905866,1,0.6,1.6118037974423538,0.01060070671378092,0.4694475566663794,406,0.0002523977788995457,YOL098C,non_ess,non_ess
-0.9032575498897693,-0.45694182140343703,0,5.0,-0.5340609812741222,0.0,0.0,746,0.0006025041355313445,YML092C,ess,ess
-0.09316306581641036,-0.13500440527607493,3,0.75,-0.5367876201289079,0.018691588785046728,0.552923277548359,280,0.0013732595842075148,YHR163W,non_ess,non_ess
1.064114768574102,0.3551525616205394,6,0.6,-0.17687129129717385,0.029694323144104806,0.8382627168653369,89,0.00214906039939159,YLL039C,non_ess,non_ess
-0.4403464161335641,-0.11180170861824704,0,6.0,0.6438470039933716,0.00390625,0.14715998427672955,900,0.0001318359375,YJL034W,ess,ess
-0.32461863269451285,-0.32642665270315513,0,1.25,0.6874732256699454,0.004770992366412214,0.14246598075008302,1181,0.00019390993529871822,YBR156C,non_ess,ess
-0.2667547409749872,-0.3757323831010394,2,0.6,0.04125981708569538,0.007942238267148016,0.1918213101948614,211,0.002306363029753452,YPL201C,non_ess,non_ess
-0.2667547409749872,-0.2742205852230423,3,0.6904761904761905,0.10669914960055617,0.007549759780370624,0.2436442989634479,276,0.0004351804879989655,YLR108C,non_ess,non_ess
1.0062508768545764,0.3609532357849964,0,0.7692307692307693,0.2621175643233505,0.020270270270270268,0.6131084665567426,304,0.00044048234837708517,YIL166C,non_ess,non_ess
-0.6718019830116665,-0.3728320460188109,0,1.5,0.4039027847722155,0.002242152466367713,0.06370805628575847,1151,0.0004947929856276273,YJL069C,ess,ess
-0.9032575498897693,-0.45694182140343703,0,0.0,-0.8857973935414988,0.0,0.0,365,0.0027247138299868645,YDL152W,ess,ess
-0.3824825244140385,-0.3409283381142976,3,0.35714285714285715,-0.22867742953810524,0.008272058823529412,0.4053308823529413,158,0.0016113644825018615,YGR028W,non_ess,non_ess
1.064114768574102,0.21013570750911506,4,1.3333333333333333,0.9955834162607482,0.013963039014373716,0.3027009951034592,324,0.0004309579942707937,YJR126C,non_ess,non_ess
-0.2667547409749872,-0.1959114840028732,7,1.1363636363636365,-0.3704626499869703,0.011802575107296138,0.3152541307047745,505,0.0008923639145030383,YGR284C,non_ess,non_ess
-0.8453936581702434,-0.42793845058115215,1,0.6538461538461539,-0.5177011481454069,0.001298701298701299,0.02771103896103896,770,0.0010237814133918026,YOR152C,non_ess,non_ess
-0.035299174096884746,-0.0973000232071046,4,1.25,0.6056740600263695,0.007477567298105683,0.16632624251140382,305,0.000446202376477126,YJL128C,non_ess,non_ess
-0.9032575498897693,-0.45694182140343703,0,0.0,-0.3840958442608995,0.0,0.0,917,0.00026043865480461747,YGR277C,ess,ess
0.7169314182569483,0.9874260455463496,9,1.24,-0.6676662851586296,0.04628099173553719,1.2092950899368011,63,0.002649875377148105,YLR179C,non_ess,non_ess
-0.2088908492554616,-0.1814097985917308,10,2.375,-0.4386286213566168,0.014002333722287048,0.3851562979794878,160,0.0013273045507584595,YER083C,non_ess,non_ess
1.1798425520131532,1.0831371692598897,1,1.3333333333333333,-0.6249489431003177,0.05521472392638037,1.119054850270303,75,0.0013292433537832311,YOR318C,non_ess,non_ess
-0.32461863269451285,-0.3293269897853836,3,1.0,0.9137842506171724,0.004264392324093817,0.12759730757974833,363,0.0005298184402662015,YBR058C,non_ess,non_ess
1.1798425520131532,0.4682657078274504,0,4.5,-0.7712785616404925,0.07331975560081466,2.3593249927262145,47,0.005546648177839407,YDR491C,non_ess,non_ess
-0.2088908492554616,-0.09439968612487612,0,0.9545454545454546,0.29756386943556673,0.007198560287942413,0.2115891428455882,600,0.0005398920215956809,YNL219C,non_ess,non_ess
2.68430373672082,5.639566725440845,37,0.5,-0.5095212315810493,0.07958921694480102,1.4329255404158356,86,0.0016717915037167508,YCL010C,non_ess,non_ess
-0.5560741995726153,-0.2626192368941284,3,4.666666666666667,-0.8803441158319271,0.016172506738544475,0.2924389362825465,166,0.006024096385542169,YDL050C,non_ess,non_ess
0.5433397430983714,0.03901581965763429,4,1.0833333333333333,-0.4249954270826876,0.028669724770642207,1.2846863289830728,175,0.0007929226736566186,YNR064C,non_ess,non_ess
-0.15102695753593598,-0.0015888994935645325,3,0.9565217391304348,0.28665731401642325,0.00785498489425982,0.18783955219000534,655,0.0004926085653006158,YKR017C,non_ess,non_ess
-0.7296658747311922,-0.4047357539233243,0,0.4,-1.0139494197164345,0.013392857142857142,0.3749004248539564,99,0.004599567099567099,YOR008C-A,non_ess,non_ess
-0.15102695753593598,2.5768107666075606,1,0.7142857142857143,-0.01872623771959364,0.00985595147839272,0.20245640636846096,307,0.001123642676689724,YDR527W,ess,non_ess
0.7747953099764741,0.6074818877744178,6,0.492063492063492,-0.8994305878154281,0.08285714285714285,1.184964749536178,116,0.0066256157635467975,YDR008C,non_ess,non_ess
0.2540202845007433,-0.11180170861824704,0,0.8333333333333334,0.003086873118693281,0.014892032762472078,0.32378588566228184,148,0.0010967780885874708,YKL027W,non_ess,non_ess
0.8905230934155252,0.12312559504226042,2,0.875,0.9928567774059625,0.012746710526315793,0.421187734962406,236,0.0011690873104371095,YIL095W,non_ess,non_ess
-0.15102695753593598,-0.2075128323317872,0,0.6842105263157895,0.311197063709496,0.0077288941736028535,0.4036673626260451,813,0.0002047582901512725,YGR166W,non_ess,non_ess
0.8326592016959995,0.28264413456482723,0,0.0,0.6056740600263695,0.014955134596211362,0.4046335569562499,413,0.0024213075060532693,YBL051C,non_ess,non_ess
-0.32461863269451285,-0.29742328188087025,0,1.0625,1.4100325221881995,0.003459010722933241,0.0971183779900487,753,0.00019477032490354505,YBR038W,ess,ess
-0.4982103078530897,-0.33802800103206904,0,0.6071428571428571,1.0119432493894631,0.0028536485935589076,0.047875261528302335,1102,0.0003614226958655759,YGR198W,ess,ess
-0.09316306581641036,-0.31772564145646964,0,1.0,-0.557691851348933,0.01928374655647383,0.6830358925220585,257,0.002267099720230248,YGL033W,non_ess,non_ess
0.7747953099764741,0.5262724494720201,2,0.4736842105263158,1.8926475994852976,0.00847457627118644,0.1899131872674659,927,0.00046087975703881925,YMR317W,non_ess,non_ess
-0.15102695753593598,-0.17850946150950225,12,1.2222222222222223,-0.940330170637216,0.04262295081967213,1.373716742811072,43,0.00709111704155547,YKL102C,non_ess,non_ess
-0.2667547409749872,-0.2858219335519563,0,1.5,-0.4904347595975483,0.01375,0.3721034482758621,302,0.0005629139072847682,YFR050C,ess,non_ess
-0.4403464161335641,-0.3206259785386981,4,0.8947368421052632,-0.5913203972246254,0.011611030478955007,0.3041315916787615,117,0.002691873519159441,YFL034C-A,non_ess,non_ess
-0.4982103078530897,-0.34382867519652605,2,0.4444444444444444,-0.05689918168659575,0.005481597494126861,0.1593737433596478,339,0.0004989570411847458,YNL136W,non_ess,non_ess
0.2540202845007433,-0.05089462989144882,4,0.7142857142857143,-0.558600730967195,0.027586206896551724,0.8681541582150102,227,0.0005347106182591523,YNL010W,non_ess,non_ess
-0.9032575498897693,-0.45694182140343703,1,4.666666666666667,-0.5095212315810493,0.0,0.0,280,0.0010086191087474783,YLR323C,ess,ess
-0.32461863269451285,-0.2655195739763569,1,0.8947368421052632,-0.9321502540728585,0.03184713375796178,0.5523927625274787,50,0.0036305732484076415,YCR001W,non_ess,non_ess
-0.6139380912921409,-0.3989350797588673,1,0.6,-0.3077499563268953,0.004995004995004995,0.15559782683070353,287,0.0006857254244013826,YFR045W,non_ess,non_ess
0.2540202845007433,-0.15240642776944588,5,0.8,-0.5222455462367167,0.026143790849673203,0.3837402007336648,407,0.0013939072762602176,YMR194W,non_ess,non_ess
1.1798425520131532,0.5291727865542486,0,0.7857142857142857,0.6602068371220868,0.017424975798644726,0.33394371289611496,243,0.0005119134408152371,YJR110W,non_ess,non_ess
1.5848897940498323,0.566877168623219,0,0.6875,3.0351092796405754,0.009189997862791194,0.3678417565606686,409,0.00025395684092321155,YLL015W,non_ess,non_ess
-0.15102695753593598,-0.236516203154072,0,0.6521739130434783,-0.5722339252411243,0.01830985915492957,0.4082746478873239,133,0.003335804299481097,YKL033W-A,non_ess,non_ess
-0.6718019830116665,-0.4250381134989237,0,1.1875,0.008540150828265012,0.0029651593773165306,0.07830504659258944,270,0.0010021140488153091,YER043C,ess,ess
-0.5560741995726153,-0.3931344055944103,0,1.125,-0.335016344874754,0.006179196704428424,0.29138108597606444,340,0.0010207790634276367,YOL094C,ess,non_ess
-0.4403464161335641,-0.1640077760983598,3,0.2727272727272727,-0.7194724233995609,0.0145985401459854,0.5479384493983034,187,0.0014930325149303252,YCR101C,non_ess,non_ess
-0.2667547409749872,-0.2945229447986418,0,0.9090909090909092,0.8674313900858125,0.004795117698343504,0.13180668353082148,817,0.0002192937992677401,YDL028C,ess,non_ess
-0.9032575498897693,-0.45694182140343703,0,1.3846153846153846,-0.8830707546867129,0.0,0.0,368,0.0019715855387523627,YKL058W,ess,ess
-0.4982103078530897,-0.3032239560453272,1,3.0,-0.3968201589165669,0.007751937984496123,0.28047011752938233,293,0.0016176642893048956,YLR128W,non_ess,non_ess
3.031487087037973,0.7931034610370409,0,0.7272727272727273,6.069858325017242,0.008480917934647045,0.27355287338182965,789,0.00014163316315223573,YGL195W,non_ess,non_ess
0.6012036348178971,0.007112111753120929,3,0.75,0.3548232853860699,0.015028901734104047,0.5188549408202587,570,0.00046445593753169053,YER087W,non_ess,non_ess
0.311884176220269,0.28264413456482723,6,0.7647058823529411,-0.2777569289242508,0.020309477756286262,0.6528899761064967,133,0.001497942147438228,YBR149W,non_ess,non_ess
0.6012036348178971,-0.030592270315849407,1,0.4166666666666667,0.251211008904207,0.01608910891089109,0.3786728043307928,219,0.0004577512545775126,YHR135C,non_ess,non_ess
0.2540202845007433,-0.024791596151392432,2,0.8888888888888888,1.2164411634984034,0.007468259895444362,0.1868010323214944,478,0.0005218407542005055,YNL233W,non_ess,non_ess
0.08042860934216649,-0.15530676485167436,0,1.3333333333333333,1.200081330369688,0.006390977443609023,0.1628309905197777,606,0.0004243281471004243,YLR451W,non_ess,non_ess
-0.6718019830116665,-0.3989350797588673,4,0.6,0.30301714714513844,0.002390914524805738,0.14657030556612144,375,0.000733213787607093,YPL120W,non_ess,non_ess
-0.6718019830116665,-0.3322273268676121,2,2.25,-0.9076105043797856,0.011730205278592377,0.3406084030433666,114,0.003164068529093996,YGL217C,non_ess,non_ess
-0.32461863269451285,-0.10890137153601856,1,0.8461538461538461,0.04671309479526712,0.007189072609633356,0.25482866043613706,356,0.0005714908844174832,YKL133C,non_ess,non_ess
-0.7875297664507178,-0.4482408101567516,0,2.333333333333333,-0.6922060348517023,0.0034602076124567475,0.1099086276145836,155,0.0017747516463891058,YFR054C,non_ess,ess
-0.6718019830116665,-0.4018354168410958,3,0.8846153846153846,-0.6594863685942719,0.0065146579804560255,0.20505087063176106,543,0.0016586583163868242,YKL083W,ess,non_ess
-0.6718019830116665,-0.3409283381142976,6,0.5,-0.5858671195150535,0.005755395683453238,0.2013273102448274,413,0.0024213075060532693,YDL010W,non_ess,non_ess
0.7747953099764741,0.6509869440078451,1,0.84,-0.29957003976253777,0.028712871287128718,0.5397543898036212,109,0.0014896902534290127,YMR316W,non_ess,non_ess
0.1382925010616921,-0.0044892365757930215,2,0.8571428571428571,0.11760570501969962,0.012253233492171544,0.3397635008723328,259,0.0014666032365147409,YLR183C,non_ess,non_ess
-0.6718019830116665,-0.4047357539233243,2,0.75,0.0248999839569802,0.002926115581565472,0.08103089302796693,366,0.0005436498894711805,YOL072W,non_ess,non_ess
-0.7875297664507178,-0.4511411472389801,0,0.8461538461538461,-0.5504208144028373,0.0027247956403269754,0.07375027441662255,612,0.0016339869281045752,YBR153W,ess,ess
-0.7296658747311922,-0.4250381134989237,0,0.0,-0.8176314221718521,0.006818181818181818,0.16118181818181818,171,0.001634768740031898,YGR243W,non_ess,ess
2.568575953281768,1.2484563829469133,6,0.5483870967741935,0.7283728084917334,0.02802428771602055,0.3397494623875396,204,0.0004739401599032887,YHL024W,non_ess,non_ess
0.8326592016959995,-0.17850946150950225,7,1.0,0.6002207823167978,0.015,0.3815254237288136,257,0.0007003891050583657,YBR260C,non_ess,non_ess
-0.15102695753593598,-0.2162138435784726,1,1.6666666666666667,-0.5204277870001929,0.01694915254237288,0.6390827517447657,150,0.0009821816601477617,YNL314W,non_ess,non_ess
-0.035299174096884746,-0.123403056947161,4,0.8571428571428571,0.016720067392622606,0.011045655375552285,0.2707778690381783,275,0.0007417324943098137,YBR182C,non_ess,non_ess
1.4112981188912557,0.21013570750911506,0,1.4545454545454546,2.1925778735117434,0.010660980810234541,0.38310303768725945,418,0.0005024433539751686,YDR293C,non_ess,non_ess
-0.7296658747311922,-0.3206259785386981,6,0.8,-0.9348768929276444,0.00964630225080386,0.4110013780431787,116,0.007872269652954874,YDL032W,non_ess,non_ess
-0.3824825244140385,-0.29162260771641324,0,1.7142857142857142,0.36572984080521337,0.005166475315729047,0.20866233979240376,603,0.0004493415052559629,YBR170C,non_ess,ess
-0.3824825244140385,-0.17850946150950225,0,2.5,-0.8967039489606422,0.025495750708215296,0.570922703358964,99,0.003147623544224111,YGR182C,non_ess,non_ess
0.1382925010616921,-0.15530676485167436,1,0.9333333333333332,0.916510889471958,0.007666098807495741,0.17909069441867526,712,0.00020995635778956034,YNL212W,non_ess,non_ess
0.022564717622640867,0.053517505068776734,0,2.2857142857142856,-0.6049535914985547,0.02373887240356083,1.0471286437423637,124,0.0020580070833732173,YMR095C,non_ess,non_ess
1.4691620106107812,0.6248839102677887,7,0.6896551724137931,1.8408414612443664,0.012184249628528977,0.3962957959986192,365,0.0007067109039467528,YPR030W,non_ess,non_ess
-0.5560741995726153,-0.3206259785386981,0,2.1818181818181817,0.17759175982498865,0.003908794788273616,0.07212314664516903,523,0.00027777604773263743,YJR121W,non_ess,ess
-0.7296658747311922,-0.4134367651700097,0,1.625,-0.9376035317824302,0.00974025974025974,0.2775166822128148,256,0.002067268668831169,YGR063C,non_ess,non_ess
-0.4982103078530897,-0.3467290122787545,0,1.5789473684210529,0.1039725107457703,0.004814305364511692,0.1602971114167813,422,0.0010968271869723658,YOR119C,ess,ess
-0.2088908492554616,-0.36413103477212544,3,1.4,-0.8803441158319271,0.03234501347708895,0.7776810917503236,99,0.0021508889433417733,YGL226W,non_ess,non_ess
-0.7875297664507178,-0.4424401359922946,0,1.375,0.8456182792475256,0.000881057268722467,0.0189442145389282,839,0.00046520663890828713,YNL161W,ess,ess
1.2955703354522043,0.453764022416308,6,0.6666666666666666,1.9962598759671608,0.010746606334841629,0.2766115926327194,536,0.00025853481461470934,YKL201C,non_ess,non_ess
1.6427536857693583,1.12084155132886,1,1.3333333333333333,0.3820896739339285,0.025,1.0574468085106383,188,0.0006256044487427466,YNR055C,non_ess,non_ess
-0.15102695753593598,-0.22491485482515805,0,0.8421052631578947,0.6302138097194423,0.006394490900147565,0.2147093285984508,563,0.00030316823915168807,YMR232W,non_ess,non_ess
0.3697480679397946,-0.0044892365757930215,1,1.0769230769230769,0.4393490898844317,0.012068019747668678,0.4585097937670143,548,0.00030630507985954014,YML071C,non_ess,non_ess
-0.5560741995726153,-0.3844333943477248,0,4.333333333333333,-0.005093043445664315,0.004497751124437782,0.2190840063839048,436,0.00031979423132470465,YHR190W,ess,ess
0.08042860934216649,-0.236516203154072,4,0.4761904761904762,0.8401650015379539,0.0075088339222614845,0.188295687017093,532,0.0002266598474986052,YPL074W,non_ess,non_ess
-0.6718019830116665,-0.38733373142995337,0,0.8636363636363636,-0.5640540086767667,0.005563282336578581,0.12947275256037424,266,0.0015215368044589918,YGR033C,non_ess,ess
0.9483869851350506,0.16373031419345924,1,1.0833333333333333,1.6581566579737137,0.010113780025284451,0.2891522433128087,321,0.000584850597256519,YMR261C,non_ess,non_ess
-0.8453936581702434,-0.4366394618278376,0,0.4,-0.981229753459004,0.003846153846153847,0.12056655918931368,234,0.004273504273504274,YDR378C,non_ess,non_ess
0.022564717622640867,-0.06539631530259125,9,1.2,-0.65857748897601,0.026016260162601626,1.1168408826945413,109,0.002222719474901171,YBL091C-A,non_ess,non_ess
-0.7875297664507178,-0.43083878766338063,1,1.5,-0.9185170597989292,0.0060790273556231,0.2520033158331031,106,0.003240236279176464,YLR364W,non_ess,non_ess
-0.035299174096884746,-0.32642665270315513,0,1.4444444444444444,0.6247605320098706,0.007400098667982241,0.2062966281727293,379,0.0002720528797903761,YOR069W,non_ess,non_ess
-0.4982103078530897,-0.32642665270315513,0,3.0,-0.8121781444622804,0.01569506726457399,0.3845811184034687,221,0.004494450419008583,YLL044W,non_ess,non_ess
-0.2667547409749872,-0.2945229447986418,0,0.8571428571428571,2.1216852632873104,0.0029940119760479052,0.07033369159117663,1405,0.0001154597953881948,YOR151C,ess,ess
-0.6139380912921409,-0.3757323831010394,2,1.3636363636363635,-0.9021572266702141,0.01440922190201729,0.2946226010178429,98,0.007292830676939362,YDR509W,non_ess,non_ess
6.50332059020951,12.249434935839565,6,0.6226415094339622,-0.3077499563268953,0.12787212787212787,3.4009626736899463,73,0.0019706321076184093,YPL111W,non_ess,non_ess
-0.3824825244140385,-0.3409283381142976,0,0.951219512195122,0.2730241197424939,0.005487804878048779,0.15249765478424013,787,0.00026885052840363216,YDR188W,ess,ess
0.1961563927812177,-0.1872104727561877,10,0.8125,-0.08961884794402614,0.015310233682514104,0.5425832348046119,109,0.002055164154388663,YAL034C,non_ess,non_ess
-0.09316306581641036,0.4943687415675068,2,8.0,-0.8639842827032118,0.03598971722365039,0.6973130964538509,128,0.0038560411311053984,YNL153C,non_ess,non_ess
0.1961563927812177,0.18983334793351564,0,0.6666666666666666,-0.9294236152180726,0.05993690851735016,2.378725129090813,46,0.011521053353449459,YNL028W,non_ess,non_ess
-0.7875297664507178,-0.4511411472389801,1,1.3571428571428572,0.08488603876226923,0.001395673412421493,0.030926854025249,660,0.00029076529425447784,YPR034W,ess,ess
-0.6139380912921409,-0.2887222706341848,0,1.0,-0.5476941755480514,0.0067842605156038,0.2047749221805412,503,0.0009926870257424246,YPL027W,non_ess,non_ess
-0.9032575498897693,-0.45694182140343703,0,5.0,-0.18777784671631728,0.0,0.0,717,0.0008333733401775813,YBR192W,ess,ess
-0.2667547409749872,-0.1002003602893331,9,1.75,-0.2859368454886084,0.010731707317073172,0.2653440349099977,179,0.0015914974792206019,YGR283C,non_ess,non_ess
0.7747953099764741,-0.08569867487819066,0,1.3333333333333333,1.303693606851551,0.010454217736121124,0.44228677316940507,966,0.00025786622601769456,YDL220C,ess,non_ess
0.3697480679397946,-0.016090584904706967,10,1.3888888888888888,0.16941184326063105,0.01441677588466579,0.5511185429565689,362,0.0009250342135942014,YLR121C,non_ess,non_ess
-0.2667547409749872,-0.29162260771641324,0,1.0,0.06852620563355405,0.007773851590106007,0.2389351690803567,329,0.001016035314208384,YMR239C,ess,non_ess
0.08042860934216649,-0.25101788856521445,5,1.3636363636363635,-0.23685734610246284,0.015755329008341055,0.4451825764596848,314,0.0009002201850026269,YLR246W,non_ess,non_ess
-0.8453936581702434,-0.4395397989100661,0,0.2,-0.9975895865877192,0.004132231404958678,0.11270568088749908,242,0.0035858206406666213,YDR086C,ess,non_ess
-0.2667547409749872,-0.13790474235830344,0,2.1,0.311197063709496,0.006539833531510107,0.16963585666886474,602,0.0006083566075823358,YPR072W,non_ess,non_ess
-0.7296658747311922,-0.4250381134989237,0,1.2727272727272727,-0.8530777272840684,0.007481296758104737,0.20469659185369907,401,0.002493765586034913,YPL192C,non_ess,non_ess
-0.7296658747311922,-0.3786327201832679,0,2.0,-0.9185170597989292,0.00911854103343465,0.20333437679871552,153,0.004291078133381011,YOR314W,non_ess,non_ess
-0.3824825244140385,-0.26841991105858537,0,4.0,0.06852620563355405,0.006360424028268552,0.15131304208159332,200,0.00111660777385159,YML032C,non_ess,non_ess
2.2213926029646145,1.2165526750423998,11,1.0333333333333334,1.2191678023531891,0.02014173815740396,0.4791890646598064,344,0.00042070383317575015,YLR092W,non_ess,non_ess
0.2540202845007433,0.07381986464437612,3,0.8,-0.17959793015195968,0.017513134851138354,0.3540155116337253,152,0.0016591390911604757,YJL137C,non_ess,non_ess
-0.4982103078530897,-0.1814097985917308,0,2.2857142857142856,-0.3541028168582551,0.00736842105263158,0.3233802816901408,536,0.00032992930086410047,YNR054C,ess,ess
-0.7875297664507178,-0.36413103477212544,0,1.1666666666666667,-0.3377429837295399,0.002066115702479339,0.0693905661438129,224,0.0012959341794569071,YGL115W,non_ess,ess
-0.6718019830116665,-0.3786327201832679,0,1.0,-0.9430568094920021,0.01324503311258278,0.6611070231379282,70,0.014285714285714284,YOR248W,non_ess,non_ess
0.022564717622640867,-0.15530676485167436,1,1.0571428571428572,-0.8639842827032118,0.04113110539845758,1.0985911447487469,77,0.002737622274897339,YGL191W,non_ess,non_ess
-0.6139380912921409,-0.3815330572654964,7,0.5714285714285714,-0.476801565323619,0.006134969325153374,0.3255449680198408,513,0.0004281323622621653,YGR042W,non_ess,non_ess
1.0062508768545764,0.05641784215100521,4,0.5263157894736842,0.7474592804752345,0.015263644773358002,0.8314704581104452,558,0.0002901203253326437,YPR159W,non_ess,non_ess
0.3697480679397946,-0.07409732654927671,4,0.6944444444444444,0.035806539376123665,0.015953589557650468,0.34620453835689674,191,0.0008542497978275478,YLR090W,non_ess,non_ess
0.022564717622640867,0.021613797164263367,3,0.3333333333333333,0.1039725107457703,0.011004126547455296,0.2947533896639811,392,0.000643895797658816,YKL211C,non_ess,non_ess
-0.2667547409749872,-0.23071552898961506,3,5.0,-0.9376035317824302,0.03571428571428571,1.7528483786152496,128,0.0032721185064935065,YPL261C,non_ess,non_ess
-0.32461863269451285,-0.11180170861824704,3,0.5454545454545454,0.5293281720923653,0.005202913631633715,0.1109216906148294,736,0.0002707494457765914,YJL127C,non_ess,non_ess
-0.32461863269451285,-0.25101788856521445,0,1.0,1.0828358596138958,0.003951007506914264,0.09946862980672318,357,0.0006585012511523771,YLL054C,non_ess,non_ess
-0.6718019830116665,-0.4018354168410958,1,2.0,-0.7958183113335652,0.008620689655172414,0.1989144316730524,346,0.002391867649990034,YOR169C,ess,non_ess
0.6590675265374226,0.12312559504226042,0,0.7222222222222222,0.6329404485742282,0.013261296660117878,0.4912010938780346,314,0.0005568555804437327,YNL027W,non_ess,non_ess
0.08042860934216649,-0.1002003602893331,1,0.92,-0.12779179191102824,0.014178482068390326,0.3163320624329799,233,0.0017682832975977835,YGR234W,non_ess,non_ess
-0.3824825244140385,-0.3902340685121817,2,1.3636363636363635,-0.032359431993522966,0.006901840490797546,0.2467287313913081,401,0.0010805042608203418,YOR237W,non_ess,non_ess
-0.32461863269451285,-0.3119249672920127,0,1.0,1.1128288870165404,0.0039001560062402493,0.07320970258165166,2246,0.0001700023477341587,YAL041W,ess,ess
-0.6139380912921409,-0.4163371022522382,0,2.6666666666666665,-0.6240400634820557,0.007656967840735069,0.13326297915559118,355,0.0009015810020921855,YMR197C,ess,ess
0.2540202845007433,-0.0798980007137337,1,0.8235294117647058,0.8265318072640245,0.008892841262783458,0.241094807568796,229,0.0007786090275930496,YOR081C,non_ess,non_ess
0.7169314182569483,0.20433503334465805,1,1.0,-0.294116762052966,0.02755905511811024,0.6783839520059993,145,0.001350800977464024,YBR050C,non_ess,non_ess
-0.7875297664507178,-0.4105364280877813,0,0.7619047619047619,-0.8803441158319271,0.005390835579514825,0.1441085868309588,371,0.0020415428542367464,YNL114C,ess,non_ess
-0.7875297664507178,-0.4424401359922946,5,0.9393939393939394,-0.7985449501883509,0.0043383947939262466,0.15119731189655905,327,0.0016186060087431259,YOR382W,non_ess,non_ess
-0.6139380912921409,-0.2800212593874993,2,1.8,-0.8776174769771412,0.013368983957219251,0.7865309133057612,170,0.001855929537590437,YLR037C,non_ess,non_ess
-0.7296658747311922,-0.4395397989100661,0,1.0,1.4918316878317757,0.0010063737001006373,0.03284906974943875,1179,0.0001647414114668558,YHR027C,ess,ess
0.1961563927812177,-0.05089462989144882,1,0.5882352941176471,-0.14142498618495758,0.016047297297297296,0.4499567301291439,545,0.00028669724770642203,YBR025C,non_ess,non_ess
0.3697480679397946,0.012912785917577904,8,2.2,0.2212179815015625,0.013897662665824385,0.6021042542531639,348,0.0007152140922589874,YKL074C,non_ess,non_ess
1.5848897940498323,0.4334616628407086,7,0.9642857142857144,0.4157182198096209,0.023928770172509738,0.7091617342034704,381,0.00038559453857917183,YDL079C,non_ess,non_ess
-0.15102695753593598,-0.2423168773185289,7,1.4285714285714286,-0.1632380970232445,0.011206896551724138,0.4777411855869818,170,0.0008975659229208926,YDL168W,non_ess,non_ess
-0.6139380912921409,-0.2655195739763569,2,4.0,-0.9103371432345716,0.014792899408284025,0.24543774543774546,207,0.0027156047222936853,YGR139W,non_ess,non_ess
-0.5560741995726153,-0.3989350797588673,0,2.25,-0.05144590397702402,0.004676539360872954,0.20666020122208809,877,0.0001706376961778045,YMR113W,ess,ess
-0.2667547409749872,-0.15820710193390286,4,2.6666666666666665,1.1646350252574718,0.004196871423120946,0.1683113315528424,522,0.0004728972153882361,YNL082W,non_ess,non_ess
-0.4403464161335641,-0.21911418066070107,1,2.333333333333333,-0.9266969763632869,0.025,0.7037921348314607,199,0.0045540201005025115,YNL043C,non_ess,non_ess
-0.7296658747311922,-0.4395397989100661,3,0.9090909090909092,0.019446706247408473,0.002204261572373255,0.07210516909267828,452,0.0011769066212376374,YDR125C,non_ess,non_ess
-0.4982103078530897,-0.23071552898961506,0,2.0,-0.7821851170596359,0.014613778705636744,0.5718790603968057,128,0.0020224425887265134,YHR126C,non_ess,non_ess
-0.7296658747311922,-0.34382867519652605,0,2.2,0.04671309479526712,0.002156721782890007,0.05978377833845421,639,0.0005962767579195116,YDR190C,ess,ess
-0.15102695753593598,-0.3728320460188109,9,0.4444444444444444,-0.5558740921124091,0.017857142857142856,0.28903747597693785,98,0.003574231890558421,YIR014W,non_ess,non_ess
-0.7875297664507178,-0.3815330572654964,0,2.0,-0.4931613984523342,0.002509410288582183,0.12547051442910914,609,0.0006963716564374204,YLR192C,non_ess,ess
0.1961563927812177,-0.07119698946704822,1,0.7692307692307693,0.3002905082903526,0.011377245508982036,0.6182650741298154,348,0.000550622892146741,YOL105C,non_ess,non_ess
-0.035299174096884746,-0.17270878734504527,1,1.5,1.6008972420232102,0.004837149306675266,0.09964909955095448,1319,0.0001914322925007194,YPR032W,non_ess,non_ess
1.1219786602936277,0.2478400895780853,2,1.0,0.7174662530725899,0.016439643024894316,0.5112537822102308,412,0.0005460880033928137,YPL240C,non_ess,non_ess
-0.6139380912921409,-0.42793845058115215,0,16.0,0.33301017454778303,0.0029308323563892145,0.05570712991580518,1351,0.00011541101507024882,YKR002W,ess,ess
0.311884176220269,-0.12630339402938948,3,0.90625,-0.3895491219704713,0.02305159165751921,0.6714653326375267,239,0.001019616128306289,YER185W,non_ess,non_ess
-0.4982103078530897,-0.4192374393344667,0,1.2105263157894737,-0.08416557023445441,0.005613472333600642,0.12096637563956313,424,0.0004917462286846923,YJR076C,ess,ess
0.311884176220269,-0.13500440527607493,2,0.9444444444444444,0.21849134264677664,0.013291139240506329,0.3393196202531646,174,0.0011239633347883019,YML086C,non_ess,non_ess
-0.2667547409749872,-0.11470204570047556,5,0.6,0.6493002817029433,0.0053554040895813036,0.1425059966276391,1516,0.0002524195019435659,YDR350C,non_ess,non_ess
-0.6718019830116665,-0.4395397989100661,0,0.0,-0.1005254033631696,0.0032546786004882017,0.07123573470196741,830,0.0004087954748203555,YIR008C,ess,ess
0.7747953099764741,0.9265189668195511,3,1.0,0.5865875880428684,0.0146095717884131,0.4675062972292192,330,0.0008167315472101366,YMR137C,non_ess,non_ess
-0.4403464161335641,-0.32642665270315513,0,2.0,2.7869851438550617,0.0018157058556513843,0.03542674207079205,1351,7.408644359199302e-05,YNL102W,ess,ess
-0.09316306581641036,0.1956340220979726,15,1.2857142857142858,-0.9157904209441432,0.042168674698795185,1.3952425084955205,108,0.003095716198125837,YLR111W,non_ess,non_ess
-0.7875297664507178,-0.4105364280877813,2,0.6470588235294118,0.12033234387448548,0.001358695652173913,0.04354001976284585,633,0.0005269506834260593,YJL091C,ess,non_ess
-0.7875297664507178,-0.4337391247456092,2,0.9583333333333334,-0.5940470360794112,0.002915451895043732,0.12329482057373213,298,0.0020936466628837533,YLR407W,non_ess,non_ess
-0.2667547409749872,-0.2800212593874993,1,0.9130434782608696,0.08488603876226923,0.007676203768318212,0.2220110565049764,491,0.0006992579622315426,YLR341W,non_ess,non_ess
-0.4403464161335641,-0.27132024814081385,0,1.5,1.0910157761782535,0.0031496062992125984,0.1138920134983127,689,0.000193707644309338,YNL126W,ess,ess
-0.15102695753593598,0.04481649382209126,3,1.5454545454545454,-0.5395142589836939,0.01742627345844504,0.5167220959038925,207,0.0020528163085570712,YPL107W,non_ess,non_ess
-0.4982103078530897,-0.17270878734504527,2,1.8571428571428568,-0.4440818990661886,0.008225616921269096,0.35314069009721183,138,0.001626390095199169,YDL142C,non_ess,non_ess
-0.3824825244140385,-0.3525296864432115,0,1.181818181818182,0.7638191136039496,0.004128440366972477,0.12746559633027524,617,0.0005746955526147532,YDL116W,non_ess,ess
0.2540202845007433,0.2710427862359133,1,0.5714285714285714,1.6227103528614972,0.0064,0.1916609271523179,416,0.0006315384615384616,YNL327W,non_ess,non_ess
0.022564717622640867,-0.1959114840028732,4,0.6842105263157895,-0.6758462017229871,0.026845637583892617,0.5346418216103327,139,0.003416059099029501,YPL051W,non_ess,non_ess
0.8905230934155252,0.6509869440078451,2,0.9642857142857144,0.35209664653128403,0.017950202663578458,0.34681681041050805,106,0.001791742688269548,YHR037W,non_ess,non_ess
-0.3824825244140385,-0.2945229447986418,0,0.5,0.9901301385511764,0.00370522848909016,0.08522025524907369,695,0.00029144243271500537,YOR168W,ess,ess
-0.4403464161335641,-0.3148253043742412,1,1.4,-0.7194724233995609,0.0145985401459854,0.4774939172749392,184,0.0019041574103459212,YHR157W,non_ess,non_ess
1.8742092526474603,2.075052451382032,19,1.0,0.3166503414190678,0.02843601895734597,0.7310808744840238,322,0.0009346207058962057,YDL042C,non_ess,non_ess
0.08042860934216649,-0.2075128323317872,2,1.263157894736842,-0.5885937583698394,0.024566473988439308,0.8933422791081751,210,0.0010803743462703,YLR168C,non_ess,non_ess
0.8326592016959995,0.2594414379069993,2,1.0416666666666667,1.1155555258713263,0.011686793922867159,0.31368838926299,832,0.00024581597794492223,YJL165C,non_ess,non_ess
0.6590675265374226,0.08542121297329007,1,0.875,0.5347814498019371,0.014004149377593363,0.34757435063154624,321,0.0005380618140923721,YGR054W,non_ess,non_ess
-0.6718019830116665,-0.4047357539233243,0,5.0,1.2028079692244742,0.0015020653398422831,0.05668615241479422,1180,0.0008375923674713747,YPR112C,ess,ess
0.022564717622640867,-0.17270878734504527,2,0.8928571428571429,-0.09779876450838372,0.012987012987012988,0.3021145521145521,399,0.0007628649545942777,YGR193C,non_ess,non_ess
-0.8453936581702434,-0.4540414843212086,1,2.75,-0.9239703375085008,0.0030959752321981426,0.10392238121937544,272,0.0036764705882352936,YDL009C,non_ess,non_ess
-0.7875297664507178,-0.4192374393344667,1,2.0,-0.6922060348517023,0.0034602076124567475,0.07547039887069841,284,0.0013158535991032699,YOR297C,non_ess,ess
3.4943982207941784,3.4556129025227924,3,0.5609756097560976,0.42026261790093067,0.042175360710321866,0.9409609603137832,109,0.0006414890692299077,YGL125W,non_ess,non_ess
-0.6139380912921409,-0.4221377764166952,4,0.8,-0.4686216487592614,0.006067961165048544,0.2182803564303764,206,0.0011252238665284194,YLR271W,non_ess,non_ess
1.2377064437326788,0.6277842473500173,3,2.4,-0.1386983473301717,0.031171019376579606,0.7516833598552217,188,0.005319148936170214,YOL053W,non_ess,non_ess
-0.4403464161335641,-0.3844333943477248,3,2.0,1.1537284698383283,0.003066308930624761,0.07939322708339629,832,0.00038927750095822146,YPL268W,non_ess,non_ess
-0.8453936581702434,-0.4511411472389801,0,1.6666666666666667,-0.5885937583698394,0.0014450867052023119,0.10034852091125468,385,0.0005555138503115382,YOL102C,ess,ess
-0.2667547409749872,-0.2597188998118999,4,4.0,-0.9321502540728585,0.03503184713375796,1.0475690021231423,89,0.0027910971158663137,YDR048C,non_ess,non_ess
-0.7875297664507178,-0.4134367651700097,6,1.4117647058823528,-1.0466690859738648,0.010638297872340424,0.3016123670212766,114,0.0050858529301978355,YPL271W,non_ess,non_ess
-0.3824825244140385,-0.3119249672920127,0,0.8,-0.08689220908924028,0.007234726688102894,0.5127009646302251,281,0.0009039832477028527,YDR317W,non_ess,non_ess
-0.32461863269451285,-0.32642665270315513,0,0.6153846153846154,1.221894441207975,0.003725782414307005,0.31555416111067536,451,0.0002792271521143609,YDR096W,non_ess,non_ess
0.1961563927812177,0.01581312299980639,2,0.6875,-0.092345486798812,0.015347334410339256,0.3708939149165321,223,0.0021914414251251475,YOL083W,non_ess,non_ess
-0.035299174096884746,-0.05959564113813427,2,0.631578947368421,-0.435901982501831,0.017441860465116282,0.4561276009791922,205,0.001366988088485536,YDL201W,non_ess,non_ess
3.783717679391806,2.391189193344937,11,0.4848484848484849,-0.06235245939616747,0.06372934697088907,1.183111482201063,101,0.0012308075811515065,YHR033W,non_ess,non_ess
-0.6718019830116665,-0.1466057536049889,0,0.5,-0.9348768929276444,0.012861736334405145,0.29727848311068383,140,0.00482315112540193,YBL048W,non_ess,non_ess
-0.6718019830116665,-0.3931344055944103,2,1.7333333333333334,-1.0303092528451496,0.019417475728155338,0.6059717897050741,135,0.004890327220424308,YMR174C,non_ess,non_ess
0.022564717622640867,-0.16690811318058832,1,1.25,-0.4140888716635441,0.01809954751131222,0.9281447963800904,284,0.0007687527882225477,YOR114W,non_ess,non_ess
-0.09316306581641036,-0.1930111469206447,3,1.3125,-0.02690615428395124,0.010687022900763359,0.3333773468124613,547,0.0002916672481404469,YMR240C,ess,non_ess
-0.09316306581641036,0.14632829170008832,4,0.7,-0.7058392291256317,0.02486678507992895,0.5812762639171685,97,0.002710076724469429,YDR401W,non_ess,non_ess
-0.4403464161335641,-0.3844333943477248,8,3.0,-0.17687129129717385,0.006986899563318778,0.5888301539875891,472,0.0006642735548812079,YDR321W,non_ess,non_ess
-0.9032575498897693,-0.45694182140343703,0,2.1666666666666665,1.1073756093069689,0.0,0.0,196,0.0006861227681064608,YDR160W,ess,ess
0.4276119596593202,-0.10890137153601856,1,0.6129032258064516,0.9137842506171724,0.009808102345415778,0.2142832521654348,180,0.005555555555555557,YGR250C,non_ess,non_ess
-0.4403464161335641,-0.2336158660718435,0,0.8571428571428571,-0.9048838655249998,0.02325581395348837,0.8476343223736968,187,0.0019431662728516352,YLR124W,non_ess,non_ess
-0.2667547409749872,-0.2133135064962441,0,1.6666666666666667,-0.6104068692081264,0.016467065868263474,0.6621354066061426,136,0.0017171539274392392,YGL210W,non_ess,non_ess
2.3371203864036656,0.8221068318593258,3,0.59375,0.35209664653128403,0.03242617255356109,0.7210291785201782,159,0.000812111015211604,YPR006C,non_ess,non_ess
-0.5560741995726153,-0.4134367651700097,0,0.8965517241379308,-0.5776872029506961,0.008522727272727272,0.17475895316804407,159,0.0008665666094911378,YLR250W,non_ess,ess
-0.4982103078530897,-0.38733373142995337,0,1.75,0.4448023675940033,0.0038272279934390375,0.1040834964919622,428,0.0003845112236399034,YGR216C,ess,ess
-0.2088908492554616,-0.17560912442727378,0,1.8,-0.476801565323619,0.014723926380368096,0.3213780084945729,278,0.0009356931632608024,YGR280C,ess,non_ess
-0.6139380912921409,-0.3583303606076685,3,0.3333333333333333,-0.3022966786173236,0.004965243296921549,0.08585065829515967,352,0.0005896226415094339,YPL069C,non_ess,non_ess
0.7747953099764741,0.4189599774295661,6,0.8333333333333334,0.7556391970395919,0.013357899585444496,0.3659065764947461,226,0.0006012481503976393,YDR333C,non_ess,non_ess
0.2540202845007433,0.14342795461785984,3,0.5,-0.4004556773896147,0.02224694104560623,0.3573797593656561,266,0.0017605192068045532,YJL079C,non_ess,non_ess
3.6101260042332286,2.3563851483581955,3,0.4666666666666667,0.5838609491880825,0.039354187689202826,0.9058575371111084,114,0.000734682316285163,YLR299W,non_ess,non_ess
1.8742092526474603,0.8250071689415542,0,0.9,4.008519350799129,0.008347826086956521,0.2613232514177693,618,0.00023610524834670043,YBR275C,non_ess,non_ess
0.8326592016959995,0.674189640665673,1,0.5,-0.01872623771959364,0.022744503411675512,0.4996919299386838,96,0.0006791761435430883,YOR316C,non_ess,non_ess
-0.7875297664507178,-0.4366394618278376,1,1.75,-0.7221990622543468,0.0036697247706422025,0.14929514432759008,545,0.0015453244676374045,YHR060W,non_ess,ess
0.08042860934216649,-0.1959114840028732,1,1.0434782608695652,0.3384634522573547,0.009929906542056074,0.19394583205819346,415,0.00043491723904965664,YGL160W,non_ess,non_ess
-0.9032575498897693,-0.45694182140343703,0,0.3333333333333333,-0.13597170847538584,0.0,0.0,783,0.0006922309153546476,YNR043W,ess,ess
-0.7296658747311922,-0.3786327201832679,10,0.15789473684210525,-0.8748908381223552,0.007957559681697613,0.17979783497024876,320,0.003125,YML012C-A,non_ess,non_ess
-0.7875297664507178,-0.4163371022522382,0,1.0,-0.19050448557110314,0.001769911504424779,0.0696165191740413,649,0.00034498275086245687,YGL105W,non_ess,ess
-0.5560741995726153,-0.3815330572654964,0,0.0,1.2491608297558336,0.002210759027266028,0.08323005292423126,1371,0.00017657046935494534,YNL313C,ess,ess
-0.9032575498897693,-0.45694182140343703,0,2.0,-0.8585310049936401,0.0,0.0,349,0.0010663378187225707,YMR112C,ess,ess
-0.7296658747311922,-0.4366394618278376,0,0.5,-0.8176314221718521,0.006818181818181818,0.2878059440559441,152,0.006578947368421052,YDR433W,non_ess,non_ess
0.311884176220269,0.13182660628894588,4,0.6,-0.3431962614391116,0.02182952182952183,0.4744710774122539,155,0.0007846556233653009,YMR180C,non_ess,non_ess
-0.4982103078530897,-0.36413103477212544,0,1.0588235294117647,-0.11415859763709893,0.005766062602965404,0.10098655223937784,315,0.0014382469077691485,YBR063C,non_ess,ess
1.5270259023303068,0.6190832361033317,4,1.09375,0.7174662530725899,0.01972757162987318,0.2732194506934316,185,0.000784532771381057,YHL032C,non_ess,non_ess
-0.4982103078530897,-0.3003236189630987,0,1.2,0.8756113066501702,0.00303951367781155,0.07649987471538604,1017,0.00019127716359876028,YGL120C,ess,ess
-0.4982103078530897,-0.3786327201832679,0,0.3684210526315789,-0.3022966786173236,0.0069513406156901675,0.1619550245058782,334,0.0007165410985377804,YOL120C,ess,ess
-0.8453936581702434,-0.4482408101567516,0,0.6,0.2948372305807809,0.0006009615384615385,0.016584298853320596,1545,0.00028044871794871804,YER082C,ess,ess
0.1961563927812177,-0.08279833779596217,5,0.6,0.6493002817029433,0.009250243427458615,0.3234782095541589,315,0.0006599588878069887,YBL024W,non_ess,non_ess
-0.6139380912921409,-0.3293269897853836,2,0.8,-0.3977290385348289,0.005543237250554324,0.1832679515606345,349,0.0011785335357912055,YNL204C,non_ess,non_ess
0.1382925010616921,0.4943687415675068,1,0.5744680851063829,-0.5340609812741222,0.02393617021276596,0.3708785402282655,147,0.0013569257490230135,YIL053W,non_ess,non_ess
0.2540202845007433,0.3000461570581981,4,1.0285714285714285,-0.8230846998814239,0.04608294930875576,1.2882867877038109,68,0.0020330712930333424,YOR186W,non_ess,non_ess
-0.6718019830116665,-0.4192374393344667,2,8.0,-0.9376035317824302,0.012987012987012988,0.31239669421487604,85,0.003475935828877005,YDR455C,non_ess,non_ess
3.089350978757498,2.7537313286234983,3,0.7142857142857143,-0.23413070724767696,0.06377079482439926,1.471318466706898,81,0.0014833070902078912,YMR318C,non_ess,non_ess
4.53594827174564,6.7387944796054375,8,0.5285714285714286,-0.4468085379209745,0.1108490566037736,1.8348000563221627,46,0.002999384741591469,YNR002C,non_ess,non_ess
-0.4982103078530897,-0.2800212593874993,0,0.75,-0.7712785616404925,0.014256619144602854,0.6970948776082696,170,0.005882352941176471,YOL099C,non_ess,non_ess
-0.2667547409749872,-0.29742328188087025,1,0.8888888888888888,-0.2668503735051074,0.010516252390057362,0.36601487810707456,602,0.0007416324171182103,YMR234W,non_ess,non_ess
1.4112981188912557,0.5088704269786493,8,0.4871794871794872,0.5156949778184359,0.02097535395909806,0.4862203577463148,172,0.0006219436348337215,YEL060C,non_ess,non_ess
0.311884176220269,-0.11470204570047556,3,0.3181818181818182,0.20213150951806144,0.013444302176696545,0.3085787451984635,265,0.001053318193897519,YER073W,non_ess,non_ess
0.1382925010616921,-0.06829665238481973,4,1.25,-0.06689685748747726,0.014218009478672985,0.7280147446024223,210,0.0012525389302640488,YHR123W,non_ess,non_ess
-0.7875297664507178,-0.4337391247456092,0,0.8421052631578947,-0.032359431993522966,0.0015337423312883436,0.0561125243154272,544,0.0006047568567304223,YOR117W,ess,ess
-0.32461863269451285,-0.25101788856521445,2,0.7916666666666666,-0.4522618156305462,0.011876484560570073,0.3388015866515334,454,0.0007089267215670683,YBR187W,non_ess,non_ess
-0.2088908492554616,-0.2423168773185289,3,12.0,0.05216637250483885,0.008589835361488905,0.30286839145106864,244,0.0012438832627292675,YPR178W,ess,non_ess
-0.4403464161335641,-0.32642665270315513,0,0.8,-0.6949326737064881,0.01391304347826087,0.2951686488594268,226,0.0019084263178145442,YDR253C,non_ess,non_ess
-0.09316306581641036,-0.2887222706341848,3,1.6666666666666667,2.1598582072543127,0.003767491926803014,0.14709778918605615,1006,0.00024396141985546363,YNL273W,non_ess,non_ess
1.0062508768545764,0.6219835731855602,0,0.26666666666666666,-0.16596473587803034,0.028522039757994805,1.2064143721447091,144,0.00108038029386344,YFL030W,non_ess,non_ess
0.022564717622640867,-0.2423168773185289,0,2.25,-0.6294933411916275,0.02472952086553323,0.8449599314223369,92,0.003074390161951482,YCR020C,non_ess,non_ess
-0.6139380912921409,-0.4105364280877813,1,0.0,-0.3241097894556105,0.00508646998982706,0.197343274981036,712,0.001053013590590602,YNR062C,non_ess,ess
3.4365343290746524,10.433823922364533,4,0.5,-0.8067248667527087,0.16592920353982302,3.9776399522720496,32,0.03125,YHL006C,non_ess,non_ess
-0.4982103078530897,-0.36123069768989696,6,1.2608695652173914,-0.4931613984523342,0.00878293601003764,0.3078311962542461,283,0.0013256425376079026,YDR152W,non_ess,non_ess
-0.4982103078530897,-0.349629349360983,2,0.8125,0.1830450375345604,0.004542504866969501,0.19599676038412592,594,0.0005385894418989812,YDR169C,non_ess,non_ess
-0.32461863269451285,-0.0769976636315052,0,0.6923076923076923,-0.457715093340118,0.011961722488038276,0.357231054175027,230,0.0011493655086332432,YBR146W,non_ess,non_ess
-0.8453936581702434,-0.4482408101567516,0,7.0,-0.21231759640939007,0.0009041591320072332,0.03824377852406785,442,0.0006627772822858451,YFL029C,ess,ess
-0.7875297664507178,-0.4395397989100661,2,1.0,-0.8149047833170663,0.004514672686230248,0.140009083575675,197,0.005076142131979695,YGR290W,non_ess,non_ess
-0.4403464161335641,-0.2133135064962441,0,0.6666666666666666,1.3963993279142703,0.0027816411682892906,0.061237622734726924,658,0.00034347772784727184,YOR335C,ess,ess
-0.9032575498897693,-0.45694182140343703,0,0.0,3.987615119579104,0.0,0.0,5727,0.00017461148943600488,YNL339C,non_ess,ess
2.394984278123191,1.144044247986688,0,0.3,0.2784773974520657,0.03462940461725395,0.7117447842610068,193,0.001155257839699318,YKR005C,non_ess,non_ess
-0.6139380912921409,-0.3409283381142976,2,0.72,-0.435901982501831,0.005813953488372093,0.20493733246395712,263,0.0009284640551772924,YMR043W,ess,non_ess
0.1382925010616921,0.14052761753563134,1,1.2,-0.3541028168582551,0.01894736842105264,0.4452251109701966,238,0.0006811145510835912,YBR151W,non_ess,non_ess
0.022564717622640867,-0.2597188998118999,5,1.0,-0.4222687882279017,0.018285714285714287,0.7123361344537815,191,0.0011488406881077038,YKR055W,non_ess,non_ess
1.5270259023303068,0.1753316625223732,1,0.0,1.4809251324126322,0.01414617716402829,0.4597507578309194,344,0.00033779285171579187,YDR430C,non_ess,non_ess
0.4276119596593202,0.7234953710635573,0,0.8888888888888888,0.1585052878414876,0.015191545574636724,0.4880284015852048,265,0.0006704718227362233,YHR159W,non_ess,non_ess
-0.15102695753593598,-0.2336158660718435,8,0.7666666666666667,-0.03508607084830883,0.009992313604919293,0.29376279266596994,416,0.0003178028735292377,YLR446W,non_ess,non_ess
-0.8453936581702434,-0.4540414843212086,0,1.7142857142857142,1.5327312706535636,0.00033046926635822867,0.010356223078150284,2984,7.065663268651136e-05,YKL173W,ess,ess
0.6012036348178971,-0.11180170861824704,4,1.75,2.6888261450827704,0.00604932526756631,0.1262004476057524,856,0.00021228086960681561,YPR189W,non_ess,non_ess
0.7169314182569483,0.6625882923367591,5,0.72,0.14759873242234414,0.018641810918774968,0.3833584849829856,258,0.0007922253532757357,YDR516C,non_ess,non_ess
-0.2088908492554616,-0.08859901196041915,4,2.5,-0.4958880373071201,0.015113350125944584,0.42742443324937024,304,0.0008078682221927615,YKR006C,non_ess,non_ess
0.08042860934216649,-0.05669530405590579,2,0.7647058823529411,-0.043265987412666435,0.013157894736842105,0.3677911534154535,388,0.00038899173342695734,YKL132C,non_ess,non_ess
0.022564717622640867,0.10282323546666099,0,5.0,-0.4113622328087582,0.01803833145434048,0.5400519582373413,240,0.0010945133408493046,YFR041C,non_ess,non_ess
-0.32461863269451285,-0.2539182256474429,5,2.6,-0.7576453673665631,0.01976284584980237,0.4027667984189723,84,0.0036231884057971015,YPL223C,non_ess,non_ess
0.8905230934155252,-0.0044892365757930215,3,0.9285714285714286,2.6233868125679103,0.007335541883577852,1.1562647893989588,470,0.00023562344553976905,YJR031C,non_ess,non_ess
-0.4403464161335641,-0.3786327201832679,6,0.8571428571428571,-0.7521920896569914,0.015625,0.4111842105263158,121,0.002227530991735537,YGR174C,non_ess,non_ess
-0.32461863269451285,-0.38733373142995337,0,0.0,0.14487209356755826,0.0066711140760507,0.26391695182879715,1109,0.00036814443774057967,YHR070W,ess,ess
-0.2667547409749872,-0.3525296864432115,0,0.6818181818181818,0.5756810326237249,0.005575266092245312,0.16512966542094204,305,0.00048523925452626844,YPR161C,ess,non_ess
4.0730371379894335,2.9451535760505783,0,0.5333333333333333,1.36367966165684,0.030281690140845068,0.5917674396547636,532,0.00022834374669067041,YIL002C,non_ess,non_ess
0.311884176220269,0.04191615673986278,10,0.75,-0.4386286213566168,0.024504084014002333,1.6870797411079304,207,0.0009977508328682801,YDR098C,non_ess,non_ess
-0.6718019830116665,-0.3960347426766388,0,0.6470588235294118,-0.5722339252411243,0.0056338028169014105,0.12920843840334584,652,0.0005054869091851722,YKL009W,non_ess,ess
0.08042860934216649,-0.29742328188087025,12,0.6862745098039216,-0.5749605640959101,0.024045261669024046,0.5584877351192105,114,0.002134047991265292,YDR275W,non_ess,non_ess
0.4854758513788458,0.3261491907982545,9,3.0,-0.00781968230045018,0.018031555221637862,0.4493068349062915,230,0.00043772253617744097,YKL090W,non_ess,non_ess
-0.2088908492554616,-0.3032239560453272,2,0.5555555555555556,0.21576470379199075,0.007609384908053266,0.2423691922740749,319,0.0012205230756386375,YBR028C,non_ess,non_ess
1.064114768574102,0.3522522245383109,4,0.5789473684210527,-0.00781968230045018,0.025544703230653644,0.4642648444301337,173,0.0057803468208092465,YER152C,non_ess,non_ess
2.1635287112450885,0.9671236859707502,6,0.6521739130434783,1.2955136902871929,0.019168173598553342,0.5502693239967681,276,0.0007587074455538957,YIL017C,non_ess,non_ess
-0.2667547409749872,-0.36413103477212544,0,2.6666666666666665,0.21849134264677664,0.006962025316455696,0.16363840035846308,389,0.0004295336956168039,YGL190C,non_ess,non_ess
0.2540202845007433,0.01871346008203488,3,0.9642857142857144,-0.3268364283103964,0.020408163265306117,0.6179691388750621,96,0.0014987244897959186,YNL217W,non_ess,non_ess
-0.5560741995726153,-0.36123069768989696,0,2.0,1.2764272183036922,0.002186588921282799,0.100124947938359,1588,0.00014434975141549962,YML065W,ess,ess
0.5433397430983714,-0.09149934904264764,0,1.4285714285714286,0.16123192669627345,0.016479894528675015,0.2967653593889585,171,0.0014417498371285275,YML118W,non_ess,non_ess
0.1382925010616921,-0.05669530405590579,0,0.72,-0.4113622328087582,0.020293122886133032,0.5888430636621808,163,0.0011827280209709436,YHR046C,non_ess,non_ess
0.08042860934216649,-0.09439968612487612,1,0.7894736842105263,0.6029474211715836,0.008487269096355467,0.1399272772257543,399,0.0006368892776124034,YLR083C,non_ess,non_ess
-0.3824825244140385,-0.34382867519652605,5,1.1538461538461535,-0.7303789788187044,0.016791044776119403,0.9673507462686568,264,0.0006501582994120307,YOR252W,non_ess,non_ess
-0.7875297664507178,-0.4250381134989237,1,1.6,-0.2177708741189618,0.0018181818181818184,0.06006493506493505,724,0.0008136614766449023,YMR028W,ess,ess
0.8905230934155252,1.4978853720185632,6,1.8333333333333333,-0.8803441158319271,0.08355795148247977,3.278683178099011,85,0.0026954177897574125,YNL285W,non_ess,non_ess
-0.8453936581702434,-0.4482408101567516,0,1.6666666666666667,-0.26957701235989323,0.0009587727708533076,0.02691305129434324,337,0.0005974548423714974,YLR100W,ess,ess
-0.4403464161335641,-0.26841991105858537,2,0.5,-0.12506515305624238,0.006655574043261232,0.1269942253107566,464,0.0011062740260485398,YGL243W,non_ess,non_ess
0.9483869851350506,0.6103822248566463,2,3.5,-0.8912506712510705,0.08913649025069638,3.1012641954146134,77,0.009333285099301812,YGL072C,non_ess,non_ess
0.3697480679397946,0.036115482575405804,8,1.4117647058823528,0.7229195307821616,0.010304449648711944,0.2491673172001041,510,0.0004132800661248106,YOL057W,non_ess,non_ess
-0.7875297664507178,-0.42793845058115215,0,4.0,-0.7003859514160601,0.0035149384885764497,0.0824748274087524,358,0.0015807404934659456,YPL010W,ess,ess
-0.5560741995726153,-0.3670313718543539,3,1.1111111111111112,-0.6104068692081264,0.008982035928143712,0.22424642240941844,337,0.0007507240711455427,YMR202W,non_ess,non_ess
1.1798425520131532,0.4914684044852783,1,0.6666666666666666,0.8183518906996671,0.01607142857142857,0.3911003861003861,165,0.0009280303030303034,YOR299W,non_ess,non_ess
-0.5560741995726153,-0.29742328188087025,0,0.8571428571428571,-0.9594166426207172,0.02112676056338028,0.4105780516431925,102,0.00479839823253245,YJR010C-A,non_ess,non_ess
-0.7875297664507178,-0.29162260771641324,0,1.5,0.8401650015379539,0.00088339222614841,0.029031480886604562,1074,0.0001501108764172112,YNL258C,ess,ess
0.022564717622640867,-0.12920373111161798,2,0.4545454545454545,-0.3922757608252572,0.01762114537444934,0.5826953509259656,414,0.00039370916597501537,YMR130W,non_ess,non_ess
-0.7875297664507178,-0.42793845058115215,3,0.5909090909090909,-1.043942447119079,0.010471204188481676,0.2913157295697701,191,0.002384803048162057,YLR402W,non_ess,non_ess
0.7747953099764741,0.2681424491536848,0,1.2857142857142858,1.0555694710660373,0.011595361855257898,0.22374085385301126,288,0.00030126838153627435,YLR207W,non_ess,non_ess
-0.4982103078530897,-0.4221377764166952,0,1.75,-0.08689220908924028,0.005627009646302251,0.2324109855747957,465,0.0002852401203194689,YDR432W,non_ess,ess
0.022564717622640867,-0.22491485482515805,3,0.8,0.3275568968382112,0.009411764705882352,0.4103292637809841,204,0.0008391003460207613,YLR417W,non_ess,non_ess
-0.6139380912921409,-0.4192374393344667,2,0.0,-0.3241097894556105,0.00508646998982706,0.097760189110838,369,0.0007664166163533457,YMR060C,non_ess,non_ess
-0.4403464161335641,-0.30902463020978416,2,2.6666666666666665,-0.2404928645755107,0.007441860465116278,0.12358344864527072,577,0.0006803433960743219,YBR084C-A,non_ess,non_ess
0.4276119596593202,-0.021891259069163945,5,0.9473684210526316,-0.013272960010021907,0.017358490566037738,0.3587619539932799,669,0.0004354570324618552,YBL046W,non_ess,non_ess
0.08042860934216649,-0.3032239560453272,1,0.9166666666666666,-0.4277220659374734,0.01956271576524741,0.7967360602573491,162,0.0011294378382985981,YFL028C,non_ess,non_ess
-0.7296658747311922,-0.4453404730745231,3,0.6470588235294118,0.9083309729076005,0.0012825994014536127,0.03004391931283765,444,0.000638410963336145,YJR040W,non_ess,non_ess
-0.6139380912921409,-0.3061242931275557,0,1.5833333333333333,0.3275568968382112,0.002941176470588236,0.06647934608086413,595,0.0002600098863074641,YDL003W,ess,ess
-0.5560741995726153,-0.34382867519652605,0,1.6666666666666667,-0.3077499563268953,0.005994005994005994,0.2536410957463589,249,0.0009909768945913524,YDL108W,ess,non_ess
0.4854758513788458,-0.04799429280922033,2,1.0,-0.17687129129717385,0.02096069868995633,0.5162796392278497,203,0.000649643986490847,YPR079W,non_ess,non_ess
-0.9032575498897693,-0.45694182140343703,0,0.8947368421052632,-0.5776872029506961,0.0,0.0,704,0.0004600335743801652,YMR314W,ess,ess
-0.6139380912921409,-0.4105364280877813,0,0.6666666666666666,-0.5858671195150535,0.007194244604316547,0.3559334350701257,222,0.0009851578196901935,YHR122W,ess,ess
-0.6718019830116665,-0.4250381134989237,2,0.8333333333333334,-0.22867742953810524,0.0036764705882352936,0.14532019704433494,723,0.0008288585143601009,YCR095C,non_ess,non_ess
0.2540202845007433,-0.14950609068721735,2,2.0,0.9928567774059625,0.008223684210526315,0.4382476076555024,359,0.00046387076674974336,YDL148C,ess,non_ess
0.6590675265374226,0.22173705583802894,4,0.6666666666666666,0.2948372305807809,0.01622596153846154,0.4814852700490999,303,0.0011265549631886266,YIR031C,non_ess,non_ess
-0.7296658747311922,-0.36413103477212544,3,0.6153846153846154,-0.7821851170596359,0.006263048016701462,0.19610891484919826,153,0.00319292643988702,YIL016W,non_ess,non_ess
-0.7875297664507178,-0.3032239560453272,3,2.25,-0.6322199800464133,0.003105590062111801,0.1295425688891939,585,0.0015448319796145882,YHR147C,non_ess,non_ess
-0.7296658747311922,-0.4163371022522382,0,0.5,-0.5340609812741222,0.003989361702127659,0.08564852700490998,436,0.0007868924458325201,YGL240W,non_ess,non_ess
-0.2088908492554616,-0.2887222706341848,2,0.75,1.5763574923301376,0.003903708523096942,0.10650393736118276,676,0.000259381027360608,YKL210W,ess,non_ess
-0.8453936581702434,-0.4482408101567516,2,9.5,0.6602068371220868,0.00048402710551790896,0.012715522880092095,992,0.00019809980326640232,YHR020W,ess,ess
0.2540202845007433,-0.2742205852230423,0,0.5510204081632653,2.026252903369805,0.005603810591202018,0.10916093463786587,812,0.00021117808385564253,YJL076W,ess,ess
-0.7875297664507178,-0.4221377764166952,6,1.2727272727272727,-0.5040679538714776,0.0025477707006369425,0.0680744250258856,740,0.0003632294715097263,YDL087C,ess,non_ess
0.022564717622640867,-0.007389573658021506,1,0.5,-0.7276523399639185,0.029684601113172542,1.0199777830767531,239,0.0010091522344959282,YAR023C,non_ess,non_ess
1.816345360927935,0.674189640665673,1,1.3846153846153846,1.8871943217757257,0.013758782201405152,0.4375124950019992,343,0.00032005107161633484,YGR170W,non_ess,non_ess
1.6427536857693583,1.0135290792864058,4,1.4,1.914460710323585,0.012768427161926872,0.2641832949848423,511,0.0003327832377196739,YBL066C,non_ess,non_ess
2.27925649468414,0.6161828990211032,4,1.28,3.0269293630762166,0.01177730192719486,0.31004432050196706,923,0.00012295814087291001,YLR247C,non_ess,non_ess
-0.5560741995726153,-0.3931344055944103,1,2.0,0.5075150612540783,0.0031612223393045306,0.16277069310337414,486,0.00048459066723906914,YKL204W,non_ess,ess
-0.5560741995726153,-0.3699317089365824,0,1.1,3.1169084452841522,0.0012581253931641856,0.06882459421176733,2444,6.134476651066508e-05,YLR310C,ess,ess
-0.4403464161335641,-0.1640077760983598,0,0.0,-0.7876383947692076,0.016913319238900642,0.3749435826781006,329,0.0020948868054261427,YGR275W,non_ess,non_ess
0.2540202845007433,-0.25101788856521445,0,1.0909090909090908,0.6711133925412303,0.009624639076034648,0.27410711963166245,210,0.0006508089279985334,YML016C,non_ess,non_ess
1.35343422717173,0.4740663819919074,2,0.825,0.9928567774059625,0.016036184210526317,0.3323577786377709,563,0.0017761989342806395,YOR162C,non_ess,non_ess
0.6012036348178971,0.21303604459134354,0,0.5555555555555556,0.7092863365082324,0.012264150943396229,0.2579132638693326,343,0.0005940920842730622,YKR090W,non_ess,non_ess
-0.15102695753593598,0.053517505068776734,2,0.8947368421052632,-0.4222687882279017,0.014857142857142857,0.2457786357786358,193,0.001142857142857143,YDL129W,non_ess,non_ess
-0.2088908492554616,-0.2075128323317872,7,1.0625,-0.4195421493731158,0.013667425968109341,0.2449106821724014,137,0.002244650250236936,YOR223W,non_ess,non_ess
0.1382925010616921,0.11732492087780345,2,0.6428571428571429,-0.5258810647097646,0.02365308804204994,0.6501566764378854,132,0.0020905507107872416,YKL207W,non_ess,non_ess
-0.2667547409749872,-0.3525296864432115,0,1.4285714285714286,0.7719990301683073,0.005025125628140704,0.1634014667934266,1030,0.00028873404977225047,YPR141C,non_ess,non_ess
0.5433397430983714,0.03901581965763429,7,0.6363636363636364,0.20394926875458536,0.0159846547314578,0.4697190043963024,253,0.0011195576357368863,YKL081W,non_ess,non_ess
2.4528481698427167,0.769900764379213,7,0.5357142857142857,3.125088361848509,0.012138970280452072,0.1896940579646764,581,0.0003868850994482025,YHL035C,non_ess,non_ess
1.9320731443669856,0.3638535728672249,0,2.6666666666666665,1.8981008771948693,0.014294049008168028,0.37392492858005066,282,0.0006682555839684863,YER129W,non_ess,non_ess
1.5270259023303068,1.2194530121246283,1,3.0,-0.6922060348517023,0.0726643598615917,1.1792982847788072,90,0.008073817762399078,YGL165C,non_ess,non_ess
0.4276119596593202,0.4160596403473376,2,0.7241379310344828,-0.6458531743203426,0.03656597774244833,0.9382543897824872,63,0.0027254144901203725,YIL113W,non_ess,non_ess
0.3697480679397946,0.04771683090431975,1,1.0,0.3384634522573547,0.012850467289719626,0.3670348343245539,342,0.0009393616439853528,YHR094C,non_ess,non_ess
0.3697480679397946,-0.0015888994935645325,5,0.9545454545454546,-0.12506515305624238,0.018302828618968387,0.5713620156881388,137,0.0011355769581111773,YDR019C,non_ess,non_ess
-0.7875297664507178,-0.3902340685121817,0,0.3,-0.032359431993522966,0.0015337423312883436,0.05959171958526172,866,0.0006641493928789018,YPL145C,non_ess,ess
-0.4403464161335641,-0.2945229447986418,2,1.4285714285714286,-0.08689220908924028,0.006430868167202572,0.22096852772093928,618,0.0008064600047867304,YGR159C,non_ess,non_ess
0.7169314182569483,-0.07409732654927671,1,2.333333333333333,0.7138307345995422,0.013176470588235295,0.3520097531240476,153,0.00140561322568243,YPL109C,non_ess,non_ess
-0.4403464161335641,-0.3322273268676121,1,0.7142857142857143,-0.9348768929276444,0.02572347266881029,1.0209306558272158,161,0.0029957460406223164,YNL030W,non_ess,non_ess
0.4276119596593202,0.07091952756214764,2,3.6666666666666665,0.251211008904207,0.014232673267326731,0.4094810095763675,621,0.00030591827298671897,YLR020C,non_ess,non_ess
-0.035299174096884746,-0.1959114840028732,0,0.8888888888888888,-0.3704626499869703,0.016094420600858368,0.5018367643849567,216,0.001117668097281831,YMR267W,non_ess,non_ess
-0.4403464161335641,-0.32642665270315513,3,1.0,0.2539376477589929,0.00494132180358246,0.15529529149047372,537,0.0006176652254478072,YER014W,non_ess,non_ess
0.08042860934216649,-0.2452172144007575,3,0.8571428571428571,-0.6049535914985547,0.025222551928783383,1.1941731858645803,135,0.0016375425870974831,YJL037W,non_ess,non_ess
0.8905230934155252,-0.010289910740249994,2,0.5769230769230769,0.4802486727062197,0.016595289079229122,0.5726594974178107,241,0.0011950562875954044,YGR221C,non_ess,non_ess
0.3697480679397946,-0.013190247822478482,1,1.5,-0.17959793015195968,0.01926444833625219,0.4182339653290693,140,0.0018451338503877907,YPL203W,non_ess,non_ess
1.4691620106107812,0.6828906519123584,9,0.8333333333333334,1.6390701859902124,0.013044861597200128,0.20255955140017864,321,0.00030825560038973024,YAL051W,non_ess,non_ess
-0.3824825244140385,-0.33512766394984056,0,0.4166666666666667,0.22394462035634835,0.005674653215636823,0.14674987913681714,373,0.0005865667756407442,YDR534C,non_ess,ess
-0.6718019830116665,-0.4192374393344667,4,1.0,-0.8803441158319271,0.01078167115902965,0.2360836136090769,141,0.0070348492668845936,YDR271C,non_ess,non_ess
-0.8453936581702434,-0.4366394618278376,0,4.333333333333333,-0.6731195628682013,0.001669449081803005,0.06958669855164012,465,0.0011345073330102141,YLR009W,ess,ess
-0.15102695753593598,-0.2597188998118999,0,1.2,-0.9076105043797856,0.03812316715542522,1.0942873900293255,138,0.0034425602448042844,YLR282C,non_ess,non_ess
-0.7296658747311922,-0.4395397989100661,3,0.5,-0.5858671195150535,0.004316546762589928,0.08564615729512706,197,0.001234342475258372,YIL118W,ess,non_ess
-0.9032575498897693,-0.45694182140343703,0,0.7272727272727273,0.6029474211715836,0.0,0.0,1596,0.0002446205378648819,YBR121C,ess,ess
-0.2088908492554616,-0.2829215964697278,7,0.375,-0.4140888716635441,0.013574660633484163,0.3796129971122581,218,0.0011312217194570135,YJL145W,non_ess,non_ess
-0.3824825244140385,-0.3032239560453272,1,0.6666666666666666,-0.2804835677790367,0.008729388942774006,0.124753237861585,161,0.003174870926736992,YOR352W,non_ess,non_ess
0.4276119596593202,0.8250071689415542,4,0.9090909090909092,0.04943973365005299,0.016499282639885218,0.5734397417503586,152,0.0009863701578192252,YBR199W,non_ess,non_ess
-0.8453936581702434,-0.4540414843212086,0,0.0,-0.9294236152180726,0.003154574132492113,0.12677676748933012,197,0.005076142131979695,YPL142C,ess,non_ess
0.311884176220269,-0.02769193323362092,2,0.75,-0.4059089550991865,0.02351623740201568,0.3768908244806055,84,0.002719564869620861,YER055C,non_ess,non_ess
1.2955703354522043,0.3087471683048836,5,0.6153846153846154,0.2348511757754918,0.023779724655819776,0.5635241726576826,149,0.0011507673182081628,YMR297W,non_ess,non_ess
-0.5560741995726153,-0.4105364280877813,0,1.5,0.30301714714513844,0.003586371787208608,0.06564047445395571,1074,0.0003662061818720149,YFR037C,ess,ess
-0.7875297664507178,-0.4076360910055528,1,0.4,-1.0139494197164345,0.008928571428571428,0.2692448680351906,148,0.006756756756756757,YAR029W,non_ess,non_ess
-0.7296658747311922,-0.4337391247456092,0,2.25,-0.4877081207427624,0.003735990037359901,0.19122521314302127,803,0.00024658464754679293,YPR183W,ess,ess
-0.5560741995726153,-0.32642665270315513,0,3.333333333333333,-0.17414465244238794,0.005226480836236934,0.1491289198606272,920,0.0003276018785032572,YDR088C,ess,ess
-0.32461863269451285,-0.06829665238481973,0,1.0,-0.7903650336239935,0.02127659574468085,0.7753279682504685,132,0.005061250805931657,YOR013W,non_ess,non_ess
-0.3824825244140385,-0.3467290122787545,2,0.0,-0.6840261182873447,0.015332197614991482,0.5139352640545145,145,0.001362862010221465,YKR085C,non_ess,non_ess
2.394984278123191,2.681222901567786,8,1.0869565217391304,-0.8803441158319271,0.15363881401617252,3.4512312120243047,31,0.006434223111033823,YDR274C,non_ess,non_ess
1.4691620106107812,0.7321963823102428,0,0.6666666666666666,0.9928567774059625,0.016858552631578948,1.3752208211500974,285,0.0006853070175438597,YML035C,non_ess,non_ess
0.3697480679397946,0.06801919047991918,8,0.4814814814814815,1.3664063005116258,0.007738304607808653,0.17517250932657194,548,0.00019127527978823644,YBR108W,non_ess,non_ess
-0.15102695753593598,-0.2104131694140156,5,0.65,-0.12506515305624238,0.010815307820299502,0.8094968944888291,225,0.0011425402107598447,YGR111W,non_ess,non_ess
0.022564717622640867,1.0715358209309758,1,0.6363636363636364,-0.9321502540728585,0.050955414012738856,1.2712210149452563,167,0.0031847133757961785,YKR032W,non_ess,non_ess
0.7169314182569483,0.22463739292025747,6,1.2352941176470589,0.654753559412515,0.013592233009708738,0.3943375385152026,282,0.0035460992907801405,YLR214W,non_ess,non_ess
1.6427536857693583,1.5210880686763912,5,0.46875,0.3166503414190678,0.026066350710900472,0.755514751495,256,0.0010043320497630332,YKR072C,non_ess,non_ess
5.288178864099471,2.4172922270849937,4,0.8775510204081632,1.7781287675842914,0.03246359223300972,0.7660401143975315,156,0.0003384055265123227,YML100W,non_ess,non_ess
0.6012036348178971,0.7263957081457858,5,0.8636363636363636,-0.3186565117460388,0.0262891809908999,2.268733850129199,124,0.0010437391956684824,YOR142W,non_ess,non_ess
0.1961563927812177,0.09702256130220403,4,0.9230769230769232,-0.9185170597989292,0.05775075987841945,1.1191060712337308,47,0.00679040289723857,YDR525W,non_ess,non_ess
-0.7296658747311922,-0.4250381134989237,0,6.0,0.2375778146302777,0.0018738288569643974,0.07295299988069255,975,0.00022229696183475068,YDR195W,non_ess,ess
-0.6718019830116665,-0.4366394618278376,1,1.1428571428571428,-0.8639842827032118,0.010282776349614395,0.3144018652478029,53,0.018867924528301886,YLR171W,non_ess,non_ess
-0.2667547409749872,-0.13210406819384646,7,1.7777777777777777,-0.10325204221795546,0.00897226753670473,0.19711381603714392,371,0.0009167938159289076,YJR125C,non_ess,non_ess
-0.2088908492554616,-0.4134367651700097,3,0.6521739130434783,0.6329404485742282,0.005893909626719057,0.142413924917103,138,0.0011353606104609775,YFR029W,ess,non_ess
0.6012036348178971,0.0013114375886639548,0,2.0,1.4154857998977717,0.008974801518812565,0.26439280150015393,1435,9.669981802633748e-05,YLR067C,non_ess,non_ess
-0.7296658747311922,-0.4366394618278376,0,2.75,1.1355508774730894,0.0011587485515643105,0.03792075290393692,2114,0.0002881341005703118,YJL041W,ess,ess
-0.4982103078530897,-0.3902340685121817,0,0.5,2.7488121998880595,0.0016040329972502293,0.03736906567829682,1014,0.00020903501302570613,YLR320W,non_ess,ess
-0.4982103078530897,-0.29742328188087025,2,1.2222222222222223,-0.981229753459004,0.026923076923076925,0.6515703231679564,101,0.0047220106626047215,YNL211C,non_ess,non_ess
-0.035299174096884746,-0.2423168773185289,1,1.125,-0.3650093722773985,0.015991471215351813,0.5530383795309168,187,0.00135685210312076,YBR176W,non_ess,non_ess
-0.6718019830116665,-0.34382867519652605,0,0.6,0.11487906616491375,0.002728512960436562,0.0795658479693236,1286,0.0001787536678979629,YPL254W,non_ess,ess
-0.4982103078530897,-0.3786327201832679,0,3.333333333333333,0.7065596976534465,0.0033065658951346244,0.045213837428898514,824,0.00014388835639368773,YMR001C,ess,ess
-0.15102695753593598,0.1869330108512872,1,8.0,-0.820358061026638,0.029748283752860413,0.4775079353362368,85,0.003769013326154261,YMR151W,non_ess,non_ess
-0.5560741995726153,-0.3931344055944103,0,0.0,-0.26957701235989323,0.005752636625119847,0.1741441543060177,374,0.0007511241226203722,YOR262W,ess,ess
-0.5560741995726153,-0.3815330572654964,0,1.3043478260869563,0.14759873242234414,0.0039946737683089215,0.13221715308550347,850,0.0004770110440980653,YNL169C,non_ess,ess
0.08042860934216649,-0.15820710193390286,0,3.0,-0.4004556773896147,0.01890989988876529,0.5650015752891779,191,0.0020208608750851734,YLR018C,non_ess,non_ess
-0.6718019830116665,-0.43083878766338063,3,1.5,-0.8857973935414988,0.010958904109589041,0.3470319634703196,299,0.002419022311815641,YDR199W,non_ess,non_ess
0.311884176220269,0.07381986464437612,0,4.0,2.0616992084820214,0.00582039911308204,0.16977590648232688,1024,0.00014724223946784923,YML091C,ess,non_ess
-0.3824825244140385,-0.12630339402938948,3,2.0,-0.9594166426207172,0.03169014084507042,0.8156338028169015,124,0.003748296228986824,YJL166W,non_ess,non_ess
