hits_count,reads_count,hits_count_pro,ratio_hits_prom,orf_len,insertion_index,NI,NI_ratio,HFI_normalized,orf,label,predictions
-0.15102695753593598,-0.11470204570047556,3,1.5,-0.5831404806602677,0.01862464183381089,1.2210780802292265,2.474631751227496,129,YER163C,non_ess,non_ess
0.2540202845007433,-0.02769193323362092,1,1.0,0.4448023675940033,0.010934937124111536,0.3489807076466453,1.421875,260,YBR148W,non_ess,non_ess
-0.035299174096884746,0.053517505068776734,1,0.7241379310344828,-0.03781270970309469,0.011556240369799691,0.288605847157465,1.1691577698695137,198,YGR149W,non_ess,non_ess
0.6590675265374226,0.08252087589106159,3,0.7222222222222222,0.79653877986138,0.012184115523465705,0.5353099066997984,0.6535493827160495,187,YPR185W,non_ess,non_ess
-0.2088908492554616,-0.2423168773185289,2,0.8461538461538461,0.5675011160593674,0.006109979633401222,0.10536484515847183,2.414702581369248,635,YPR190C,ess,non_ess
-0.5560741995726153,-0.349629349360983,0,1.0,-0.7685519227857065,0.012145748987854251,0.3459649122807017,0.9191176470588236,115,YHR095W,non_ess,non_ess
3.262942653916076,1.204951326713486,0,1.0,3.0678289458980057,0.015270413573700957,0.4750092553665439,1.0125272331154684,639,YER166W,non_ess,non_ess
1.2377064437326788,0.4595646965807649,2,0.6666666666666666,0.057619650214410574,0.02637205987170349,0.5248710390567428,1.1008368774866235,176,YEL040W,non_ess,non_ess
0.5433397430983714,0.3058468312226551,0,1.5,-0.940330170637216,0.08196721311475409,3.2157641993707564,0.7615384615384617,77,YLR366W,non_ess,non_ess
-0.4982103078530897,-0.3844333943477248,1,0.4,-0.8421711718649251,0.01694915254237288,0.3875119923249121,0.6700379266750948,134,YGR183C,non_ess,non_ess
1.1798425520131532,0.3899566066072813,7,0.8181818181818182,1.0555694710660373,0.014394242303078768,0.4877151180344189,0.8737997256515776,385,YGL027C,non_ess,non_ess
-0.9032575498897693,-0.45694182140343703,1,1.0769230769230769,-0.7876383947692076,0.0,0.0,0.0,267,YPL037C,non_ess,non_ess
-0.9032575498897693,-0.45694182140343703,0,0.6666666666666666,-0.7058392291256317,0.0,0.0,0.0,563,YDR454C,ess,ess
0.022564717622640867,-0.17270878734504527,2,0.8928571428571429,-0.09779876450838372,0.012987012987012988,0.3021145521145521,0.8313953488372091,399,YGR193C,non_ess,non_ess
1.4112981188912557,0.16082997711123076,6,0.4166666666666667,1.5927173254588527,0.0129366106080207,0.6610190710678964,0.9850467289719628,472,YNL329C,non_ess,non_ess
-0.7875297664507178,-0.4105364280877813,2,0.6470588235294118,0.12033234387448548,0.001358695652173913,0.04354001976284585,4.934579439252337,633,YJL091C,ess,non_ess
-0.7875297664507178,-0.3815330572654964,0,4.0,-0.5476941755480514,0.0027137042062415195,0.1502289687924016,5.77777777777778,269,YML064C,ess,ess
2.4528481698427167,2.1852652605067147,10,0.4571428571428571,-0.9157904209441432,0.1746987951807229,2.669755946864381,0.6529798684472793,33,YDR010C,non_ess,non_ess
-0.32461863269451285,-0.25101788856521445,2,0.7916666666666666,-0.4522618156305462,0.011876484560570073,0.3388015866515334,0.647872340425532,454,YBR187W,non_ess,non_ess
-0.09316306581641036,-0.2568185627296714,6,0.9166666666666666,-0.9076105043797856,0.04105571847507331,1.0674486803519059,2.6390977443609023,72,YIL012W,non_ess,non_ess
-0.09316306581641036,-0.2597188998118999,2,1.25,-0.17414465244238794,0.012195121951219513,0.3478474382059257,1.7003381234150468,114,YLR180W,non_ess,non_ess
-0.4982103078530897,-0.3902340685121817,0,2.8,0.3411900911121405,0.004081632653061225,0.13836218031516406,3.2061688311688297,975,YIL150C,ess,ess
-0.6718019830116665,-0.3293269897853836,4,1.1666666666666667,-0.040539348557880564,0.0030888030888030892,0.07269338303821063,3.38622754491018,751,YDL090C,non_ess,non_ess
-0.5560741995726153,-0.18431013567395926,0,0.6153846153846154,-0.5695072863863384,0.008415147265077139,0.2344877714192115,0.3903133903133903,246,YGL053W,non_ess,non_ess
4.4202204883065885,2.840741441090353,11,0.625,-0.12233851420145653,0.07634854771784233,1.73577266440337,0.8768115942028984,190,YBL013W,non_ess,non_ess
-0.6718019830116665,-0.36413103477212544,0,0.0,-0.5040679538714776,0.005095541401273885,0.13293368302735106,0.5619834710743801,322,YLR285W,non_ess,non_ess
-0.8453936581702434,-0.42793845058115215,0,0.875,-0.7467388119474196,0.0019305019305019305,0.03531126855869124,4.446991404011461,518,YJL124C,non_ess,ess
-0.7875297664507178,-0.4250381134989237,1,1.6,-0.2177708741189618,0.0018181818181818184,0.06006493506493505,2.174757281553398,724,YMR028W,ess,ess
1.4112981188912557,0.2768434604003702,0,0.5333333333333333,-0.3268364283103964,0.040816326530612235,1.1210208688441514,0.985905044510386,143,YKL218C,non_ess,non_ess
-0.32461863269451285,-0.13790474235830344,8,0.8636363636363636,-0.5476941755480514,0.0135685210312076,0.34240979775089336,1.0437158469945356,291,YBR107C,non_ess,non_ess
-0.32461863269451285,-0.24811755148298595,5,1.375,-1.0166760585712202,0.045248868778280535,2.503393665158371,0.4155844155844157,106,YNL259C,non_ess,non_ess
-0.15102695753593598,2.5768107666075606,1,0.7142857142857143,-0.01872623771959364,0.00985595147839272,0.20245640636846096,2.4038461538461537,307,YDR527W,ess,non_ess
0.7169314182569483,0.1521289658645453,1,0.8148148148148148,0.36572984080521337,0.016073478760045924,0.6726190158331776,0.8242534301856335,385,YNR059W,non_ess,non_ess
1.2955703354522043,0.4392623370051656,3,0.4666666666666667,1.603623880877996,0.012242268041237113,0.2635526468203405,1.1186174391201886,495,YMR189W,non_ess,non_ess
-0.6718019830116665,-0.4076360910055528,1,1.1538461538461535,-0.839444533010139,0.009615384615384616,0.2242811799850635,0.6242424242424243,133,YBL049W,non_ess,non_ess
-0.5560741995726153,-0.32642665270315513,0,3.333333333333333,-0.17414465244238794,0.005226480836236934,0.1491289198606272,2.6086956521739126,920,YDR088C,ess,non_ess
-0.15102695753593598,-0.2887222706341848,3,0.7647058823529411,-0.8448978107197108,0.03170731707317073,1.4052618546490032,0.8631937682570595,96,YNL031C,non_ess,non_ess
0.8326592016959995,0.16373031419345924,1,0.625,0.28120403630685153,0.018192844147968467,0.4123892905517044,1.0391111111111109,189,YPL179W,non_ess,non_ess
0.7169314182569483,0.1289262692067174,6,3.6666666666666665,0.6901998645247313,0.01333968556455455,0.4017565300246494,1.0430839002267571,284,YLR233C,non_ess,non_ess
-0.6139380912921409,-0.3989350797588673,1,0.6,-0.3077499563268953,0.004995004995004995,0.15559782683070353,3.4865671641791054,287,YFR045W,non_ess,non_ess
-0.2667547409749872,-0.24811755148298595,3,0.9333333333333332,-0.4222687882279017,0.012571428571428572,0.5621040293040294,0.6531100478468899,331,YHR209W,non_ess,non_ess
-0.09316306581641036,0.1956340220979726,15,1.2857142857142858,-0.9157904209441432,0.042168674698795185,1.3952425084955205,0.8418367346938778,108,YLR111W,non_ess,non_ess
-0.4982103078530897,-0.29742328188087025,0,1.2,0.29756386943556673,0.004199160167966407,0.12812321256678896,2.996515679442509,358,YPL042C,non_ess,non_ess
-0.7296658747311922,-0.4192374393344667,0,1.1428571428571428,-0.5249721850915026,0.003937007874015748,0.10209424083769633,0.0,762,YDL075W,non_ess,non_ess
-0.8453936581702434,-0.4540414843212086,0,7.333333333333332,-0.22049751297374767,0.0009115770282588881,0.06084607853067287,6.217105263157895,970,YIL083C,ess,ess
-0.8453936581702434,-0.4424401359922946,0,1.75,-0.8612576438484258,0.0025510204081632647,0.12651360544217685,4.511278195488722,126,YOR139C,non_ess,ess
-0.5560741995726153,-0.36123069768989696,0,2.0,1.2764272183036922,0.002186588921282799,0.100124947938359,3.5679611650485437,1588,YML065W,ess,ess
-0.7296658747311922,-0.4076360910055528,4,1.1,-0.1168852364918848,0.002477291494632535,0.043038918142138616,7.1111111111111125,418,YJR013W,ess,non_ess
-0.6139380912921409,-0.3757323831010394,0,0.0,1.3064202457063367,0.0018005041411595247,0.035584509117098234,2.2,1480,YDR081C,ess,ess
0.4276119596593202,0.03321514549317731,8,1.0,0.3602765630956416,0.01324884792626728,0.3675706014415692,1.5896739130434785,340,YLR361C,non_ess,non_ess
-0.2667547409749872,-0.13210406819384646,5,1.75,-0.9239703375085008,0.034055727554179564,1.1540754029107954,0.8532695374800641,152,YGL109W,non_ess,non_ess
0.7169314182569483,0.4044582920184237,1,1.3888888888888888,0.35209664653128403,0.016213086276780544,0.348331153002066,1.0186116700201209,338,YOL122C,non_ess,non_ess
1.064114768574102,0.5088704269786493,2,0.35714285714285715,0.9846768608416048,0.0140321914981428,0.42151602696381896,1.734375,360,YBR276C,non_ess,non_ess
-0.8453936581702434,-0.4540414843212086,15,0.8571428571428571,-0.9730498368946464,0.0037174721189591076,0.3077810537110627,3.283018867924528,240,YDR363W-A,non_ess,non_ess
-0.4982103078530897,-0.31772564145646964,0,1.25,0.06034628906919645,0.004978662873399714,0.1377430061640588,2.9010989010989015,852,YKL021C,ess,ess
0.8905230934155252,-0.0044892365757930215,3,0.9285714285714286,2.6233868125679103,0.007335541883577852,1.1562647893989588,0.9884357881923312,470,YJR031C,non_ess,non_ess
-0.7296658747311922,-0.4337391247456092,3,1.4545454545454546,-0.1386983473301717,0.002527379949452401,0.2772734587241937,3.8034188034188032,1019,YLR226W,non_ess,non_ess
-0.4982103078530897,-0.2771209223052708,1,1.1,-0.6949326737064881,0.012173913043478259,0.25104582843713275,2.9221835075493616,163,YNL067W,non_ess,non_ess
0.1382925010616921,0.0013114375886639548,4,1.9,-0.08416557023445441,0.01443464314354451,0.3932771986099973,1.2307692307692308,281,YPL048W,non_ess,non_ess
-0.7875297664507178,-0.4424401359922946,0,1.375,0.8456182792475256,0.000881057268722467,0.0189442145389282,8.796167247386759,839,YNL161W,ess,ess
0.022564717622640867,0.3000461570581981,14,0.5217391304347826,-0.36228273342261264,0.01700318809776833,0.4297169355617815,0.7674418604651162,350,YNL322C,non_ess,non_ess
2.1635287112450885,0.9787250342996641,1,1.0,1.300966967996765,0.01912666907253699,0.4575300575509506,1.388439652590596,317,YER024W,non_ess,non_ess
-0.5560741995726153,-0.3409283381142976,6,1.2,0.8292584461188104,0.002664298401420959,0.0699983852736961,1.6336633663366336,1118,YOR208W,non_ess,non_ess
0.3697480679397946,-0.123403056947161,3,1.0588235294117647,2.7297257279045586,0.005065622841353903,0.07812225333561112,2.3685886098337465,283,YMR190C,non_ess,non_ess
0.4854758513788458,0.2652421120714563,1,0.5,-0.37864256655132783,0.02600216684723727,0.4475209297744509,0.9060077519379846,124,YDL119C,non_ess,non_ess
-0.9032575498897693,-0.45694182140343703,0,0.6363636363636364,0.1585052878414876,0.0,0.0,0.0,948,YLR197W,ess,ess
0.1961563927812177,-0.2336158660718435,10,0.8148148148148148,-0.294116762052966,0.018700787401574805,0.4695413917854863,1.146581406787998,106,YJL088W,non_ess,non_ess
0.2540202845007433,-0.2829215964697278,2,1.1111111111111112,0.6874732256699454,0.009541984732824428,0.33797474319102816,1.7819999999999998,315,YDL039C,non_ess,non_ess
-0.15102695753593598,-0.07119698946704822,2,5.0,-0.9103371432345716,0.038461538461538464,1.0004690431519698,0.3881656804733728,78,YLR390W,non_ess,non_ess
-0.6718019830116665,-0.4250381134989237,2,1.0,-0.7385588953830621,0.007590132827324478,0.1985356209702256,0.5106951871657754,224,YBR254C,ess,non_ess
0.4854758513788458,0.15502930294677378,3,0.7647058823529411,-0.3022966786173236,0.02383316782522344,0.3664546847563743,1.4913580246913585,135,YEL006W,non_ess,non_ess
-0.6718019830116665,-0.4337391247456092,0,2.0,-0.24503726266682044,0.003738317757009346,0.07632679408380344,3.821311475409836,415,YMR079W,ess,ess
-0.4403464161335641,-0.33512766394984056,0,0.0,-0.4222687882279017,0.009142857142857144,0.3589865229110513,1.2145833333333331,210,YOL077C,ess,non_ess
0.5433397430983714,-0.03929328156253487,1,0.6363636363636364,1.300966967996765,0.009022013713460843,0.5015627962737554,0.5446153846153846,386,YCR037C,non_ess,non_ess
-0.7875297664507178,-0.3670313718543539,1,1.2857142857142858,-0.4686216487592614,0.0024271844660194173,0.08339556883246202,1.9180327868852456,773,YDR429C,ess,non_ess
-0.6718019830116665,-0.349629349360983,3,2.5,-0.6431265354655568,0.006329113924050633,0.17222157705260713,1.7771739130434785,343,YML095C,non_ess,non_ess
-0.8453936581702434,-0.4395397989100661,1,4.0,-0.8830707546867129,0.002717391304347826,0.06872196342305037,3.1898734177215182,329,YPL136W,non_ess,non_ess
0.7747953099764741,0.4653653707452219,5,1.0,0.37936303507914265,0.016505406943653957,0.7085701459754543,0.3744421906693712,787,YBR163W,non_ess,non_ess
-0.7875297664507178,-0.43083878766338063,0,1.75,0.09033931647184096,0.001389854065323141,0.058161859106488724,5.186813186813186,1366,YNL261W,ess,ess
-0.9032575498897693,-0.45694182140343703,0,0.0,-0.678572840577773,0.0,0.0,0.0,274,YDL166C,ess,ess
-0.035299174096884746,-0.07409732654927671,4,0.6363636363636364,-0.29957003976253777,0.01485148514851485,0.5162916291629163,1.3189448441247005,297,YDR126W,non_ess,non_ess
-0.035299174096884746,-0.2742205852230423,0,0.8235294117647058,1.0692026653399664,0.005961844197138315,0.1979488138657689,1.935766423357664,797,YKR079C,ess,non_ess
-0.8453936581702434,-0.4482408101567516,0,2.0,0.1666852044058452,0.0006565988181221272,0.11276303035987867,6.3,1444,YML043C,ess,ess
2.105664819525563,0.3899566066072813,4,0.7857142857142857,2.290736872284034,0.013471502590673576,0.2475711744755129,1.5213160333642262,221,YKL215C,non_ess,non_ess
-0.2667547409749872,-0.35543002352543995,2,8.0,0.4311691733200741,0.006063947078280044,0.20189049492732367,2.7582005623242734,512,YDR200C,non_ess,non_ess
1.1219786602936277,0.7379970564746997,6,1.4,-0.8639842827032118,0.08997429305912596,2.8838312206364685,0.5617433414043583,62,YLR279W,non_ess,non_ess
-0.6718019830116665,-0.3989350797588673,1,1.0,-0.8448978107197108,0.00975609756097561,0.279233449477352,0.4761904761904762,275,YBR226C,non_ess,non_ess
1.1798425520131532,0.38415593244282426,1,1.0,0.6383937262837999,0.01762977473065622,0.4868971118702372,0.6473684210526317,577,YPR007C,non_ess,non_ess
-0.5560741995726153,-0.1872104727561877,2,0.5714285714285714,-0.9185170597989292,0.0182370820668693,0.6015065415620456,0.5897435897435899,214,YDL068W,non_ess,non_ess
-0.9032575498897693,-0.45694182140343703,6,0.6052631578947368,-1.1475547236009418,0.0,0.0,0.0,77,YDL133C-A,non_ess,non_ess
-0.4403464161335641,-0.3293269897853836,5,0.5,-0.7003859514160601,0.0140597539543058,0.4815666582977655,1.0008169934640525,131,YIL024C,non_ess,non_ess
-0.2667547409749872,-0.2626192368941284,0,0.5882352941176471,-0.2477639015216063,0.010309278350515464,0.3754892772479188,1.2439024390243902,267,YKR100C,non_ess,non_ess
-0.3824825244140385,-0.30902463020978416,3,0.9444444444444444,0.6574801982673009,0.004362578768783325,0.1120969934856886,1.5688005886681384,402,YDL199C,non_ess,non_ess
-0.4403464161335641,-0.32642665270315513,0,2.0,2.7869851438550617,0.0018157058556513843,0.03542674207079205,6.536324786324786,1351,YNL102W,ess,ess
1.6427536857693583,2.533305710374133,1,0.9090909090909092,-0.5695072863863384,0.06171107994389901,2.43873045556075,0.7663114397564159,82,YNR057C,non_ess,non_ess
1.4691620106107812,0.6364852585967027,0,0.9230769230769232,0.7447326416204486,0.0189902732746642,0.7834456617292587,0.8211880891815052,226,YNR060W,non_ess,non_ess
-0.4403464161335641,-0.3467290122787545,1,3.6666666666666665,1.0419362767921079,0.0032180209171359607,0.16699106393653926,2.989285714285714,470,YKL176C,non_ess,non_ess
1.1798425520131532,0.036115482575405804,1,0.5714285714285714,0.10942578845534202,0.024657534246575345,0.436696576748896,1.5471652003910068,166,YDL054C,non_ess,non_ess
-0.9032575498897693,-0.45694182140343703,0,1.25,-0.8403534126284009,0.0,0.0,0.0,415,YBL026W,ess,ess
-0.5560741995726153,-0.13210406819384646,2,0.4545454545454545,-0.32229203021908664,0.006091370558375634,0.11785109983079525,2.0204081632653064,282,YBR119W,non_ess,non_ess
0.08042860934216649,-0.2075128323317872,2,1.263157894736842,-0.5885937583698394,0.024566473988439308,0.8933422791081751,0.9745910198398884,210,YLR168C,non_ess,non_ess
-0.32461863269451285,-0.3293269897853836,3,1.0,0.9137842506171724,0.004264392324093817,0.12759730757974833,2.5888324873096447,363,YBR058C,non_ess,non_ess
0.2540202845007433,0.11732492087780345,0,0.4705882352941176,0.06579956677876818,0.0141643059490085,0.4685403309974653,0.9095744680851064,258,YMR027W,non_ess,non_ess
-0.2667547409749872,-0.2945229447986418,0,0.9090909090909092,0.8674313900858125,0.004795117698343504,0.13180668353082148,1.318181818181818,817,YDL028C,ess,non_ess
-0.6718019830116665,-0.4076360910055528,0,1.5,0.34664336882171226,0.002324230098779779,0.18702673786927126,1.7339449541284406,843,YPR137W,ess,ess
-0.9032575498897693,-0.45694182140343703,0,3.333333333333333,-0.7576453673665631,0.0,0.0,0.0,506,YLR008C,ess,ess
2.6264398450012933,4.293810319286825,14,0.7096774193548387,0.5047884223992924,0.032189973614775734,0.636631116826678,1.0376700383676316,132,YCR061W,non_ess,non_ess
-0.3824825244140385,-0.2655195739763569,6,0.625,-0.9076105043797856,0.026392961876832845,0.8096955856019517,0.6251728907330566,121,YAR030C,non_ess,non_ess
-0.6139380912921409,-0.4047357539233243,10,0.8333333333333334,-0.6294933411916275,0.0077279752704791345,0.2380469759545949,2.0333333333333337,455,YCR013C,ess,non_ess
-0.5560741995726153,-0.31772564145646964,9,0.6666666666666666,-0.15233154160410106,0.005119453924914676,0.15548939986547422,1.3173076923076923,777,YMR024W,non_ess,non_ess
1.7006175774888836,0.4595646965807649,0,1.2941176470588236,2.699732700501914,0.010440835266821344,0.4170780470948314,0.8007407407407409,391,YDL112W,non_ess,non_ess
-0.3824825244140385,-0.2829215964697278,1,5.0,-0.4031823162444006,0.010044642857142858,0.5412778598281418,0.25047080979284364,547,YNL333W,non_ess,non_ess
-0.8453936581702434,-0.3757323831010394,0,6.0,-0.3213831506008247,0.0010141987829614604,0.023664638269100743,15.248120300751884,790,YGL091C,ess,ess
0.1382925010616921,-0.2104131694140156,4,6.0,-0.4849814818879766,0.022332506203473945,0.6726373391615861,0.8803155006858709,241,YHR200W,non_ess,non_ess
0.2540202845007433,-0.11180170861824704,0,0.8333333333333334,0.003086873118693281,0.014892032762472078,0.32378588566228184,1.8298192771084327,148,YKL027W,non_ess,non_ess
-0.5560741995726153,-0.34382867519652605,1,0.9,-0.21231759640939007,0.0054249547920434,0.11715998857904256,1.705128205128205,431,YOL048C,non_ess,non_ess
-0.4982103078530897,-0.33802800103206904,0,2.375,0.3493700076764982,0.004060324825986079,0.08452858046825562,2.793650793650794,425,YBL020W,ess,ess
-0.3824825244140385,-0.3525296864432115,0,0.7333333333333333,0.3166503414190678,0.00533175355450237,0.2220018545229755,3.675799086757992,461,YJR064W,ess,ess
0.3697480679397946,0.012912785917577904,8,2.2,0.2212179815015625,0.013897662665824385,0.6021042542531639,0.875715193897012,348,YKL074C,non_ess,non_ess
-0.6139380912921409,-0.3467290122787545,0,1.0,0.8210785295544528,0.002229157378510923,0.051982549549150006,3.515337423312884,706,YDR499W,ess,ess
-0.6139380912921409,-0.4337391247456092,0,2.0,-0.314112113654729,0.005030181086519115,0.12940802711002858,3.5849056603773586,610,YBL050W,ess,ess
-0.15102695753593598,-0.14370541652276042,1,1.9090909090909087,0.8565248346666691,0.0056967572304995615,0.20034740187744848,1.6370808678500988,447,YAL031C,non_ess,non_ess
-0.6139380912921409,-0.4395397989100661,5,0.9807692307692308,-0.2886634843433943,0.004892367906066536,0.11666073652375022,5.2799999999999985,179,YJR105W,non_ess,non_ess
-0.5560741995726153,-0.29742328188087025,0,0.8571428571428571,-0.9594166426207172,0.02112676056338028,0.4105780516431925,1.1214953271028036,102,YJR010C-A,non_ess,non_ess
-0.6718019830116665,-0.3583303606076685,1,1.1666666666666667,-0.9348768929276444,0.012861736334405145,0.3453772420414197,0.8157216494845362,116,YDL026W,non_ess,non_ess
1.1219786602936277,0.2478400895780853,2,1.0,0.7174662530725899,0.016439643024894316,0.5112537822102308,0.567032967032967,412,YPL240C,non_ess,non_ess
-0.2088908492554616,0.036115482575405804,4,0.7083333333333334,-0.4686216487592614,0.014563106796116504,1.0821775312066575,1.3252427184466018,396,YLR412W,non_ess,non_ess
2.5107120615622422,0.5117707640608777,2,9.0,5.519077276350498,0.007960064759848893,0.2613443110649548,1.1890968884391604,993,YJR066W,non_ess,non_ess
1.1219786602936277,1.1527452592333731,11,2.333333333333333,-0.4249954270826876,0.040137614678899085,1.3820223128327105,0.6311688311688312,111,YGR021W,non_ess,non_ess
0.7747953099764741,0.09412222421997554,0,0.6551724137931034,-0.3813692054061137,0.03152173913043478,1.082602554654876,1.293103448275862,126,YMR055C,non_ess,non_ess
0.311884176220269,0.01581312299980639,6,0.8235294117647058,0.7092863365082324,0.00990566037735849,0.3331429990069513,1.2932773109243698,374,YER113C,non_ess,non_ess
0.7747953099764741,1.0048280680397206,7,0.5151515151515151,0.10942578845534202,0.019863013698630142,0.3172618887423635,1.393813387423935,273,YBR083W,non_ess,non_ess
-0.5560741995726153,-0.3989350797588673,0,1.5555555555555556,-0.05417254283180989,0.0046875,0.0991311659192825,4.274166666666667,553,YLR321C,ess,ess
-0.7875297664507178,-0.4047357539233243,0,1.2,-0.5040679538714776,0.0025477707006369425,0.05109756430934091,8.371257485029941,332,YGR262C,non_ess,ess
-0.3824825244140385,-0.38733373142995337,3,0.8,-0.6076802303533405,0.013412816691505215,0.2553453572188936,1.9660493827160488,251,YMR147W,non_ess,non_ess
-0.5560741995726153,-0.3699317089365824,0,1.5714285714285714,-0.5449675366932656,0.008108108108108109,0.2455071955071955,1.1666666666666663,167,YOL032W,non_ess,non_ess
0.1961563927812177,0.2478400895780853,11,0.7777777777777778,-0.8503510884292825,0.04702970297029703,1.1645116004137728,0.919908466819222,66,YMR252C,non_ess,non_ess
-0.4982103078530897,-0.17270878734504527,2,1.8571428571428568,-0.4440818990661886,0.008225616921269096,0.35314069009721183,2.274829931972789,138,YDL142C,non_ess,non_ess
1.9899370360865118,0.8598112139282961,3,0.8085106382978723,0.7283728084917334,0.023353573096683792,0.34423534517316584,1.597319587628866,150,YAL054C,non_ess,non_ess
-0.4982103078530897,-0.33512766394984056,0,0.5833333333333334,-0.16869137473281626,0.00606585788561525,0.25731544972747594,1.3861607142857144,495,YHR129C,non_ess,non_ess
1.6427536857693583,0.8221068318593258,2,2.2222222222222223,1.584537408894495,0.01427181316899124,0.3702176297051419,1.2599999999999998,240,YLR389C,non_ess,non_ess
0.6012036348178971,2.1736639121778007,0,0.0,-0.9430568094920021,0.08609271523178808,4.306113748116989,0.9304329550231192,68,YGR025W,non_ess,non_ess
1.2377064437326788,0.6857909889945869,3,0.7368421052631579,-0.5340609812741222,0.04920212765957447,0.8050014775413712,0.9287469287469288,104,YIR001C,non_ess,non_ess
-0.09316306581641036,0.18983334793351564,0,6.0,0.3929962293530721,0.007900677200902935,0.32121190744921,1.0694626474442988,712,YMR213W,ess,non_ess
-0.9032575498897693,-0.45694182140343703,1,1.0740740740740742,-0.8639842827032118,0.0,0.0,0.0,389,YHR162W,non_ess,non_ess
-0.9032575498897693,-0.45694182140343703,0,2.5,-0.7767318393500642,0.0,0.0,0.0,485,YOR257W,ess,ess
-0.2667547409749872,-0.2858219335519563,1,0.8333333333333334,0.4802486727062197,0.005888650963597432,0.10280081097088706,2.6092990978487163,280,YNR006W,non_ess,non_ess
-0.2667547409749872,-0.13790474235830344,0,2.1,0.311197063709496,0.006539833531510107,0.16963585666886474,1.7908113391984362,602,YPR072W,non_ess,non_ess
-0.15102695753593598,-0.05089462989144882,5,0.5,-0.6622130074490578,0.02127659574468085,0.550644869793806,0.8920780711825488,136,YER128W,non_ess,non_ess
-0.4403464161335641,-0.123403056947161,0,4.0,-0.9048838655249998,0.02325581395348837,0.5351421188630491,1.5789473684210529,290,YPL205C,non_ess,non_ess
-0.8453936581702434,-0.4540414843212086,1,1.1666666666666667,-0.9076105043797856,0.0029325513196480947,0.08545212685551895,4.485549132947977,341,YOR135C,non_ess,ess
0.08042860934216649,-0.0015888994935645325,0,2.6,0.7256461696369475,0.007951356407857811,0.32590432155773896,2.052287581699346,400,YLR006C,non_ess,non_ess
-0.7296658747311922,-0.4076360910055528,0,1.75,-0.8694375604127835,0.007832898172323759,0.2373422921725793,0.6620370370370371,218,YMR172C-A,non_ess,non_ess
-0.3824825244140385,-0.38733373142995337,0,0.6923076923076923,-0.032359431993522966,0.006901840490797546,0.21280674846625766,0.7826086956521741,631,YKL082C,ess,non_ess
-0.5560741995726153,-0.29742328188087025,0,2.0,-0.8039982278979227,0.013186813186813187,0.3972323972323973,1.3670886075949369,175,YLR068W,non_ess,non_ess
-0.8453936581702434,-0.4511411472389801,1,1.4,0.0248999839569802,0.000731528895391368,0.028914869948013837,2.560606060606061,864,YPL146C,ess,ess
0.7169314182569483,-0.04509395572699184,0,1.25,0.8837912232145277,0.012110726643598616,0.3640040937667528,1.1759834368530022,449,YLR131C,non_ess,non_ess
0.08042860934216649,-0.14950609068721735,2,0.9473684210526316,0.12305898272927135,0.01152542372881356,0.22681732580037664,1.3153846153846154,307,YOR320C,non_ess,non_ess
-0.6139380912921409,-0.21911418066070107,0,0.6,-0.8612576438484258,0.012755102040816329,0.4852413068231585,0.7281249999999999,160,YPR200C,non_ess,non_ess
-0.4403464161335641,-0.14370541652276042,6,0.9583333333333334,-0.4122711124270202,0.009029345372460496,0.3574694680789489,0.4687500000000001,566,YPL241C,non_ess,non_ess
0.311884176220269,-0.17270878734504527,6,0.8461538461538461,-0.16596473587803034,0.01815038893690579,0.7258057263902559,0.5846390168970814,172,YHR017W,non_ess,non_ess
0.4276119596593202,-0.053794966973677305,1,0.8181818181818182,0.6165806154455129,0.011397423191278492,0.4216320630251305,1.1716417910447758,246,YBR212W,non_ess,non_ess
-0.8453936581702434,-0.4511411472389801,0,2.0,0.3575499242408557,0.0005770340450086555,0.016250526348622136,5.0598290598290605,1363,YER165W,ess,ess
-0.3824825244140385,0.03321514549317731,4,0.8125,-0.9321502540728585,0.028662420382165606,0.4935310509554141,1.205020920502092,92,YGR209C,non_ess,non_ess
0.2540202845007433,0.08832155005551857,7,1.0,-0.3077499563268953,0.01998001998001998,0.5572688181383834,1.5972222222222223,152,YAL020C,non_ess,non_ess
1.7584814692084092,0.3406508762093969,8,0.35064935064935066,0.8156252518448811,0.02056325435851587,0.3915338720054987,1.4301898346601347,200,YCL039W,non_ess,non_ess
1.816345360927935,1.6777062711167294,11,0.6849315068493149,0.4448023675940033,0.02569710224166211,0.3952847163852688,1.2369694922886416,144,YBR068C,non_ess,non_ess
-0.4403464161335641,-0.3467290122787545,3,2.0,1.7345025459077177,0.0024630541871921183,0.08930557762593358,3.75,670,YLR071C,ess,non_ess
-0.7296658747311922,-0.3003236189630987,0,0.625,-0.8612576438484258,0.007653061224489796,0.16564625850340134,1.6091954022988504,182,YKL115C,non_ess,non_ess
-0.09316306581641036,-0.24811755148298595,1,0.85,0.9955834162607482,0.0057494866529774116,0.14058516348930047,1.8633398564905408,542,YLR176C,non_ess,non_ess
0.311884176220269,-0.2423168773185289,3,1.375,-0.2886634843433943,0.02054794520547945,0.9183929168058804,1.1081081081081083,169,YHR156C,non_ess,non_ess
-0.6718019830116665,-0.3670313718543539,5,0.9047619047619048,1.08010922075911,0.0015822784810126582,0.04557715491259795,0.5384615384615385,892,YOR133W,non_ess,non_ess
0.6012036348178971,0.6074818877744178,4,0.8965517241379308,-0.09507212565359786,0.021052631578947368,0.3842386715451731,1.455932731236375,241,YHL003C,non_ess,non_ess
0.4276119596593202,-0.14950609068721735,3,0.6666666666666666,0.9301440837458874,0.00973338975878121,0.3108226549510322,1.0193236714975846,331,YFR013W,non_ess,non_ess
-0.5560741995726153,-0.21911418066070107,0,0.0,-0.8367178941553531,0.014319809069212413,0.6148377596100137,0.2385786802030457,311,YBR012C,non_ess,non_ess
0.3697480679397946,0.08252087589106159,5,0.8125,0.6602068371220868,0.010648596321393998,0.2973532205007272,1.3024691358024694,466,YER077C,non_ess,non_ess
0.1961563927812177,-0.10600103445379007,1,1.625,-0.06507909825095334,0.01498422712933754,0.4463587201442091,1.425438596491228,380,YJL183W,non_ess,non_ess
-0.4982103078530897,-0.2829215964697278,1,1.6666666666666667,0.4611622007227186,0.003789929615592853,0.15288305360043314,4.8888888888888875,656,YKR019C,non_ess,non_ess
-0.2667547409749872,-0.13210406819384646,7,1.7777777777777777,-0.10325204221795546,0.00897226753670473,0.19711381603714392,1.5813060179257363,371,YJR125C,non_ess,non_ess
-0.035299174096884746,-0.13210406819384646,4,1.4117647058823528,-0.12779179191102824,0.012510425354462052,0.31237988178554593,1.5840220385674928,165,YMR201C,non_ess,non_ess
-0.2667547409749872,-0.236516203154072,3,1.0,-0.8094515056074946,0.024498886414253896,0.6318433728699435,0.7590467784642542,158,YOR286W,non_ess,non_ess
3.783717679391806,3.5658257116474754,2,0.75,-0.05144590397702402,0.06313328137178488,1.5368231445738028,0.7805860223599851,99,YGR244C,non_ess,non_ess
-0.6139380912921409,-0.4076360910055528,0,2.0,-0.2886634843433943,0.004892367906066536,0.3556591062205255,0.8714285714285713,662,YML037C,non_ess,ess
-0.3824825244140385,-0.3931344055944103,2,0.6923076923076923,-0.5995003137889829,0.013235294117647059,0.4646341463414634,1.6353276353276351,168,YMR233W,non_ess,non_ess
0.311884176220269,-0.19881182108510168,0,2.0,2.3670827602180378,0.005324543610547667,0.10676020710175926,1.9288302277432712,1155,YPL016W,ess,ess
-0.035299174096884746,-0.22491485482515805,8,1.5,-0.22595079068331936,0.013748854262144821,0.5747784906813321,1.3655172413793104,244,YPL096W,non_ess,non_ess
2.742167628440345,2.295478069631397,2,1.25,-0.05417254283180989,0.04921875,3.516975,1.0127314814814816,94,YAR003W,non_ess,non_ess
-0.5560741995726153,-0.3931344055944103,0,5.0,1.1264620812904698,0.0023264831329972853,0.11714665068678252,5.273195876288659,935,YDR416W,ess,ess
-0.7875297664507178,-0.4395397989100661,0,5.0,-0.8312646164457814,0.004705882352941176,0.1475743555849306,1.5344827586206895,270,YJR067C,ess,ess
-0.15102695753593598,-0.16690811318058832,1,0.7,-0.5449675366932656,0.01756756756756757,0.5729857819905213,0.8882510524301569,187,YHR044C,non_ess,non_ess
-0.4403464161335641,-0.29162260771641324,1,1.0,-0.6485798131751285,0.012779552715654952,0.36963334854708657,0.5048076923076923,189,YMR132C,non_ess,non_ess
-0.035299174096884746,-0.2452172144007575,8,0.9333333333333332,0.09851923303619856,0.010359116022099449,0.19815781445954647,1.0634046890927626,190,YDR524C,non_ess,non_ess
-0.09316306581641036,0.23043806708471445,9,3.25,-0.940330170637216,0.045901639344262286,1.5037100949094049,0.6597222222222222,65,YOR121C,non_ess,non_ess
-0.4403464161335641,-0.1959114840028732,5,0.967741935483871,-0.8694375604127835,0.020887728459530026,0.4689159404564105,1.3556338028169008,174,YDR529C,non_ess,non_ess
3.089350978757498,1.7299123385968422,2,0.7948717948717948,1.243707552046262,0.025480059084194977,1.0819399310684392,1.3729977116704806,189,YPR160W,non_ess,non_ess
-0.5560741995726153,-0.2771209223052708,1,1.2,-0.37864256655132783,0.006500541711809318,0.17839924160346696,1.2962962962962965,160,YPR058W,non_ess,non_ess
0.022564717622640867,0.021613797164263367,3,0.3333333333333333,0.1039725107457703,0.011004126547455296,0.2947533896639811,1.3257575757575757,392,YKL211C,non_ess,non_ess
-0.5560741995726153,-0.3960347426766388,1,0.6153846153846154,-0.9185170597989292,0.0182370820668693,0.3656859562664148,1.3493449781659388,143,YDL187C,non_ess,non_ess
-0.2667547409749872,-0.2162138435784726,5,0.5853658536585366,-0.3541028168582551,0.011578947368421052,0.5861482063367374,0.4655471916618413,457,YNL058C,non_ess,non_ess
0.8905230934155252,0.3377505391271685,1,0.75,0.3848163127887144,0.017583664208735108,0.7262242389865758,0.8461538461538461,368,YIL036W,non_ess,non_ess
0.1961563927812177,-0.25101788856521445,0,1.1428571428571428,2.86060439293428,0.0042344550924894135,0.16352891403791742,2.1161793372319693,1213,YPL242C,non_ess,ess
-0.4982103078530897,-0.23071552898961506,1,0.3636363636363637,-0.8039982278979227,0.015384615384615384,0.5518847686178364,1.1032967032967032,455,YFR057W,non_ess,non_ess
2.394984278123191,0.7960037981192694,3,0.7073170731707317,2.631566729132268,0.01345926800472255,0.3752242659634333,1.4373934837092732,783,YMR176W,non_ess,non_ess
-0.7296658747311922,-0.4221377764166952,0,0.7142857142857143,0.21031142608241904,0.0019096117122851689,0.05547265498638227,3.8786127167630062,537,YGL078C,non_ess,ess
-0.7875297664507178,-0.4221377764166952,6,1.2727272727272727,-0.5040679538714776,0.0025477707006369425,0.0680744250258856,4.833333333333334,740,YDL087C,ess,non_ess
-0.5560741995726153,-0.14950609068721735,4,1.1428571428571428,-0.7903650336239935,0.01276595744680851,0.6313127258129265,1.3706896551724137,213,YLR421C,non_ess,non_ess
-0.7875297664507178,-0.4482408101567516,0,2.0,0.251211008904207,0.0012376237623762374,0.05933632425742575,3.027027027027027,755,YDL207W,ess,ess
-0.5560741995726153,-0.23071552898961506,0,2.0,-0.9130637820893576,0.01791044776119403,0.3779722079258878,0.9863945578231292,128,YKL111C,ess,non_ess
-0.8453936581702434,-0.4511411472389801,0,1.6666666666666667,-0.5885937583698394,0.0014450867052023119,0.10034852091125468,12.252252252252251,385,YOL102C,ess,ess
-0.4982103078530897,-0.2626192368941284,1,1.1428571428571428,0.2784773974520657,0.0042527339003645215,0.1480808063148509,1.1478117258464078,241,YKL140W,non_ess,non_ess
-0.8453936581702434,-0.43083878766338063,6,0.6666666666666666,-0.8830707546867129,0.002717391304347826,0.08365683229813664,1.1606217616580312,365,YMR123W,non_ess,non_ess
-0.2088908492554616,-0.4134367651700097,3,0.6521739130434783,0.6329404485742282,0.005893909626719057,0.142413924917103,3.820478723404256,138,YFR029W,ess,non_ess
1.9899370360865118,8.296275492762136,2,4.0,-0.8585310049936401,0.12658227848101267,2.197651364953485,0.7794782608695652,36,YJL077C,non_ess,non_ess
-0.035299174096884746,-0.2742205852230423,7,0.3157894736842105,0.21849134264677664,0.00949367088607595,0.4054400241109102,1.535483870967742,235,YHR151C,non_ess,non_ess
0.5433397430983714,-0.030592270315849407,0,1.5,0.15577864898670174,0.01654533421575116,0.750909261287432,0.8873619631901841,515,YNL283C,non_ess,non_ess
1.1219786602936277,0.8598112139282961,0,0.0,-0.8639842827032118,0.08997429305912596,1.6736083646430693,0.9779385171790234,173,YOR183W,non_ess,non_ess
0.6590675265374226,0.13182660628894588,4,0.7037037037037037,0.4966085058349349,0.014316012725344643,0.3211097047856874,0.9426900584795322,298,YLR177W,non_ess,non_ess
1.6427536857693583,0.9033162701617234,9,0.5454545454545454,1.9090074326140127,0.012790697674418604,0.16216126681242962,1.0909090909090908,816,YHL023C,non_ess,non_ess
-0.5560741995726153,-0.36123069768989696,4,0.5,-0.7194724233995609,0.010948905109489052,0.3732317033783348,2.7228915662650603,172,YCR090C,non_ess,non_ess
1.0062508768545764,0.4943687415675068,17,0.8709677419354839,-0.23140406839289115,0.030414746543778806,0.9724442772500708,0.5345454545454545,181,YKR066C,non_ess,non_ess
-0.8453936581702434,-0.4540414843212086,6,2.25,-0.8585310049936401,0.002531645569620253,0.06600361663652803,3.7024793388429753,110,YLR104W,non_ess,non_ess
-0.4403464161335641,-0.3061242931275557,0,0.4375,-0.16596473587803034,0.006914433880726016,0.24455502689106035,3.1030927835051547,219,YPL255W,ess,non_ess
-0.5560741995726153,-0.4105364280877813,3,1.1428571428571428,-0.4140888716635441,0.006787330316742082,0.19343891402714933,0.8060109289617484,179,YDR184C,non_ess,non_ess
-0.7875297664507178,-0.3699317089365824,3,0.9333333333333332,-0.6758462017229871,0.003355704697986577,0.1871450696954053,0.7597402597402597,596,YNL260C,ess,non_ess
-0.2667547409749872,0.0013114375886639548,2,0.0,-0.07053237596052507,0.008716323296354992,0.24101259487863874,1.4843750000000002,208,YDL027C,non_ess,non_ess
0.3697480679397946,-0.17560912442727378,2,0.625,0.1339655381484148,0.014794889038332213,0.3498906229467647,1.166083916083916,209,YDR132C,non_ess,non_ess
0.1961563927812177,-0.16110743901613134,4,1.0,0.20213150951806144,0.012163892445582587,0.2694770018713681,0.8796992481203008,230,YBL019W,non_ess,non_ess
0.4276119596593202,0.32904952788048303,5,2.5,0.022173345102194337,0.016862170087976542,0.5119223870398314,1.0809595202398803,172,YPL245W,non_ess,non_ess
-0.09316306581641036,0.5581761573765335,3,1.0909090909090908,0.03035326166655193,0.010196649672250544,0.4344990270787361,0.9203296703296704,264,YMR209C,non_ess,non_ess
-0.8453936581702434,-0.4540414843212086,0,0.8,-0.3868224831156855,0.0010940919037199122,0.0180819274840592,1.5,780,YJR007W,ess,ess
-0.9032575498897693,-0.45694182140343703,0,1.625,-0.6867527571421306,0.0,0.0,0.0,469,YDR328C,ess,ess
-0.3824825244140385,-0.3061242931275557,5,1.1875,0.6683867536864444,0.004337349397590362,0.16048192771084338,1.4222222222222218,518,YJL093C,non_ess,non_ess
-0.9032575498897693,-0.45694182140343703,0,0.7272727272727273,0.6029474211715836,0.0,0.0,0.0,1596,YBR121C,ess,ess
-0.8453936581702434,-0.4511411472389801,0,1.2,-0.6249489431003177,0.0015337423312883436,0.07427989765880767,21.72077922077921,202,YGR029W,ess,ess
-0.3824825244140385,-0.33512766394984056,0,3.0,-0.00781968230045018,0.0067618332081142,0.20865085327895244,2.169270833333333,342,YMR208W,ess,non_ess
-0.035299174096884746,-0.12920373111161798,0,0.4,-0.6513064520299143,0.024077046548956663,1.1346308186195828,1.1313131313131308,206,YOR016C,non_ess,non_ess
-0.15102695753593598,-0.1814097985917308,3,0.7692307692307693,0.06579956677876818,0.009206798866855524,0.23078581106047544,2.782258064516129,193,YEL047C,non_ess,non_ess
0.4276119596593202,0.07091952756214764,2,3.6666666666666665,0.251211008904207,0.014232673267326731,0.4094810095763675,0.6844319775596073,621,YLR020C,non_ess,non_ess
-0.8453936581702434,-0.4540414843212086,0,0.9565217391304348,-0.6185867857724839,0.0015174506828528073,0.029146936760699863,6.868965517241379,659,YLR293C,ess,ess
-0.32461863269451285,-0.12920373111161798,1,0.7619047619047619,-0.19050448557110314,0.008849557522123894,0.1826045266585429,0.8495890410958904,215,YLR332W,non_ess,non_ess
0.7747953099764741,0.062218516315462186,7,1.1,1.7426824624720751,0.008903899293828677,0.2211916035098493,1.1343283582089552,356,YJR035W,non_ess,non_ess
-0.7875297664507178,-0.4221377764166952,0,2.0,-0.6185867857724839,0.0030349013657056147,0.0990382201067674,2.878698224852072,337,YDR302W,ess,ess
0.7169314182569483,1.103439528835489,3,0.8461538461538461,0.2793862770703276,0.01700060716454159,1.0879247604960005,0.8947534766118838,274,YDR099W,non_ess,non_ess
0.8326592016959995,0.28264413456482723,0,0.0,0.6056740600263695,0.014955134596211362,0.4046335569562499,0.7515923566878979,413,YBL051C,non_ess,non_ess
1.5270259023303068,0.5320731236364771,1,0.5294117647058824,3.245060471459087,0.008553971486761711,0.3199637528374171,1.6323106423777562,779,YCL014W,non_ess,non_ess
-0.6718019830116665,-0.3003236189630987,6,0.9285714285714286,-0.3404696225843257,0.004145077720207254,0.12343120322394932,3.2065868263473054,216,YHR198C,non_ess,non_ess
-0.8453936581702434,-0.4540414843212086,1,0.8,-0.8285379775909956,0.002336448598130841,0.08497381851925498,4.240601503759399,409,YIL029C,non_ess,ess
-0.7875297664507178,-0.4366394618278376,0,0.6,-0.26957701235989323,0.001917545541706616,0.07810310494874254,0.9397590361445785,819,YPR180W,ess,ess
-0.035299174096884746,-0.11470204570047556,3,0.85,-0.4168155105183299,0.0170261066969353,0.43324764639113306,1.1590909090909092,233,YJL185C,non_ess,non_ess
0.7169314182569483,0.07381986464437612,4,8.0,0.919237528326744,0.011909825606125057,0.2424866105935246,1.418862690707351,220,YPL176C,non_ess,non_ess
-0.15102695753593598,-0.20461249524955866,0,1.0,-0.21231759640939007,0.011754068716094027,0.2984538400451601,1.3524150268336317,192,YGR173W,non_ess,non_ess
0.1961563927812177,-0.05959564113813427,1,2.0,-0.05689918168659575,0.014878621769772903,0.5490858329644888,0.816624895572264,249,YIL103W,non_ess,non_ess
-0.5560741995726153,-0.33802800103206904,0,1.4285714285714286,-0.2859368454886084,0.005853658536585366,0.4628358825961141,1.3766666666666667,504,YGR163W,non_ess,non_ess
0.1382925010616921,0.22463739292025747,5,1.0,0.3739097573695709,0.010279840091376356,0.1967223069638326,1.3017890772128058,432,YJL162C,non_ess,non_ess
1.0062508768545764,0.2884448087292842,6,0.4,0.06579956677876818,0.023371104815864026,0.6913172804532578,1.044932079414838,120,YPR068C,non_ess,non_ess
0.022564717622640867,-0.17270878734504527,2,1.4444444444444444,0.6438470039933716,0.0078125,0.22671875,2.0325203252032518,219,YEL023C,non_ess,non_ess
-0.035299174096884746,-0.2539182256474429,6,0.6428571428571429,-0.07598565367009681,0.01194267515923567,0.2921443736730361,1.4634146341463417,459,YLR027C,non_ess,non_ess
-0.3824825244140385,-0.236516203154072,11,0.6,-0.9021572266702141,0.025936599423631124,0.5359107751038586,0.4387464387464388,119,YJL202C,ess,non_ess
0.6590675265374226,0.28264413456482723,0,0.0,2.697006061647128,0.006268864638959833,0.2115040077069956,1.5270655270655271,550,YLR419W,non_ess,non_ess
1.2377064437326788,0.2971458199759697,2,2.1,0.7719990301683073,0.016902695294655094,0.5717445034027949,0.9798994974874372,277,YGL203C,non_ess,non_ess
0.5433397430983714,0.23623874124917146,12,0.5625,-0.6185867857724839,0.03793626707132018,1.1273159856872554,1.475121951219512,114,YJL118W,non_ess,non_ess
-0.6718019830116665,-0.4018354168410958,1,0.5,-0.9048838655249998,0.011627906976744186,0.2610123119015048,1.80668016194332,233,YGR228W,non_ess,non_ess
0.3697480679397946,-0.11760238278270405,5,0.5925925925925926,-0.09507212565359786,0.017813765182186234,0.4871226012599626,1.5412014885699097,140,YOR042W,non_ess,non_ess
-0.15102695753593598,-0.17850946150950225,0,0.7727272727272727,0.8510715569570974,0.005711775043936732,0.2386920728887245,1.5098537825810554,648,YMR164C,non_ess,non_ess
1.816345360927935,2.855243126501496,5,0.3076923076923077,-0.8612576438484258,0.11989795918367345,2.7013880971382958,0.8172769610081273,111,YHL005C,non_ess,non_ess
-0.5560741995726153,-0.3931344055944103,6,0.8888888888888888,-0.4031823162444006,0.006696428571428571,0.18512450851900392,1.79014598540146,289,YJR150C,non_ess,non_ess
-0.09316306581641036,-0.24811755148298595,0,0.9333333333333332,0.13941881585798654,0.009377093101138649,0.2621522661308328,0.7763975155279501,514,YJR054W,non_ess,non_ess
0.4854758513788458,-0.07409732654927671,0,0.8333333333333334,0.3411900911121405,0.013994169096209912,0.6924489795918367,0.3846153846153847,331,YDL210W,non_ess,non_ess
-0.15102695753593598,-0.31772564145646964,2,2.0,-0.6431265354655568,0.02056962025316456,0.6668887408394404,0.9843014128728412,219,YNR049C,non_ess,non_ess
0.1382925010616921,-0.2858219335519563,0,2.1666666666666665,0.9928567774059625,0.007401315789473685,0.1858207767402377,1.8159486016628883,674,YBR049C,ess,non_ess
-0.7875297664507178,-0.4105364280877813,3,0.75,-0.8094515056074946,0.004454342984409799,0.06344022845587331,9.87878787878788,227,YNR010W,non_ess,non_ess
-0.9032575498897693,-0.45694182140343703,1,1.0,-0.6294933411916275,0.0,0.0,0.0,640,YBR154C,ess,ess
-0.035299174096884746,-0.1640077760983598,5,3.333333333333333,0.9355973614554592,0.006331785563528915,0.1674869775205542,1.6223529411764708,1006,YOR035C,non_ess,non_ess
0.5433397430983714,-0.04799429280922033,4,0.5405405405405406,0.18577167638934625,0.016191709844559584,0.2411308513489369,0.9149295774647888,229,YMR018W,non_ess,non_ess
-0.4403464161335641,-0.349629349360983,0,1.2,0.6084006988811553,0.0039820806371329035,0.12885082820737334,2.1055327868852456,390,YMR032W,non_ess,ess
-0.5560741995726153,-0.36413103477212544,0,0.7857142857142857,0.3002905082903526,0.003592814371257485,0.08712574850299401,5.612903225806453,738,YML023C,ess,ess
-0.2667547409749872,-0.3206259785386981,0,0.7222222222222222,1.7099627962146449,0.0034150884818379386,0.08564314106707517,2.130457113507961,1902,YJL050W,ess,ess
1.2377064437326788,0.7960037981192694,3,1.3636363636363635,0.5865875880428684,0.018639798488664986,0.5071240827948746,1.391401764458759,176,YNL279W,non_ess,non_ess
-0.6718019830116665,-0.4192374393344667,2,0.5714285714285714,-0.558600730967195,0.0055172413793103435,0.21480046493607127,2.25,487,YDR196C,ess,non_ess
6.214001131611883,4.528737622947333,18,0.8888888888888888,0.4257158956105024,0.06803097345132743,1.1364900290944355,1.3418168964298338,141,YJR001W,non_ess,non_ess
-0.32461863269451285,-0.3670313718543539,0,1.0833333333333333,-0.2777569289242508,0.009671179883945842,0.25020066053500706,0.6,228,YLR097C,non_ess,non_ess
-0.32461863269451285,-0.3670313718543539,7,0.4857142857142857,-0.7512832100387294,0.019493177387914232,0.3176352044900227,0.4224489795918367,240,YFR032C-A,non_ess,non_ess
-0.4403464161335641,-0.3960347426766388,0,0.8,-0.5231544258549787,0.010471204188481676,0.2232210477789852,3.212121212121212,232,YOR004W,ess,ess
0.08042860934216649,0.16082997711123076,0,0.4615384615384616,0.3848163127887144,0.009642654566080544,0.20346462505461813,1.750618694079574,572,YER068W,non_ess,non_ess
-0.2667547409749872,-0.34382867519652605,2,1.2727272727272727,-0.4531706952488082,0.013079667063020214,0.3108687206413864,0.8491854965843404,389,YML026C,non_ess,non_ess
-0.7296658747311922,-0.3206259785386981,9,0.5245901639344263,-0.978503114604218,0.01140684410646388,0.5563904079499493,0.0,263,YGR037C,non_ess,non_ess
-0.2088908492554616,-0.2742205852230423,0,0.8,-0.07053237596052507,0.009508716323296357,0.19122004207181392,0.6171085858585859,280,YER059W,non_ess,non_ess
-0.8453936581702434,-0.36413103477212544,18,0.5777777777777777,-0.8857973935414988,0.0027397260273972607,0.059609796596097976,16.25,146,YGL088W,non_ess,non_ess
0.5433397430983714,0.062218516315462186,0,0.5,0.5266015332375794,0.013027618551328815,0.5613567429617455,1.0816,340,YKR056W,non_ess,non_ess
1.4112981188912557,0.07962053880883313,12,0.8333333333333334,0.3984495070626437,0.02249718785151856,0.7191007598870285,0.8230263157894736,230,YCR088W,non_ess,non_ess
0.9483869851350506,0.13762728045340286,5,1.5,0.7310994473465192,0.01492537313432836,0.6887900920927279,0.6332335329341316,193,YFL047W,non_ess,non_ess
0.9483869851350506,0.2478400895780853,5,0.6,0.28120403630685153,0.019405700424499697,0.6104442186514806,0.94375,291,YIL099W,non_ess,non_ess
-0.9032575498897693,-0.45694182140343703,0,0.25,-0.8967039489606422,0.0,0.0,0.0,277,YFL019C,non_ess,ess
-0.4403464161335641,-0.2858219335519563,0,1.3333333333333333,-0.6622130074490578,0.01309328968903437,0.25023817084788824,0.5583333333333333,363,YJR118C,non_ess,non_ess
0.3697480679397946,0.027414471328720345,2,1.1666666666666667,0.28120403630685153,0.013341419041843541,0.4141176470588235,0.974025974025974,186,YDR242W,non_ess,non_ess
-0.4403464161335641,-0.36123069768989696,2,1.8,-0.3650093722773985,0.008528784648187633,0.2928737700749203,2.25,160,YOL096C,non_ess,non_ess
-0.2667547409749872,-0.2858219335519563,0,0.5666666666666667,0.7747256690230931,0.005018248175182482,0.08637681528014446,1.581267217630854,1231,YER040W,non_ess,non_ess
0.5433397430983714,0.06511885339769068,2,0.3333333333333333,-0.31592987289125296,0.0252016129032258,0.5806823249591199,1.1729729729729732,178,YNL301C,non_ess,non_ess
2.394984278123191,1.776317731912498,6,1.3333333333333333,1.9090074326140127,0.016569767441860464,0.8209891238973537,1.237014103887169,433,YLR410W,non_ess,non_ess
3.2050787621965497,0.6857909889945869,2,0.543859649122807,0.005813511973479146,0.05274888558692422,0.9619034232704368,1.0550262358464513,96,YKR003W,non_ess,non_ess
0.2540202845007433,-0.2597188998118999,0,0.0,0.7283728084917334,0.009341429238673515,0.2448396453396865,1.944059405940594,753,YCR084C,non_ess,non_ess
-0.6718019830116665,-0.38733373142995337,0,3.6,2.697006061647128,0.0009287206872533086,0.030839331321105175,4.467005076142132,1716,YDR464W,ess,ess
0.1961563927812177,-0.19881182108510168,1,0.7777777777777778,0.06307292792398231,0.0134847409510291,0.4183954050270121,0.9786096256684492,406,YJL146W,non_ess,non_ess
0.1382925010616921,0.3580528987027679,8,0.7692307692307693,-0.8967039489606422,0.05099150141643058,1.310975052545006,0.9504716981132076,64,YDL041W,non_ess,non_ess
-0.32461863269451285,-0.3844333943477248,0,0.9333333333333332,1.3991259667690563,0.003473428273706148,0.10794200323807028,3.550746268656717,834,YMR205C,non_ess,ess
-0.9032575498897693,-0.45694182140343703,0,5.0,-0.5340609812741222,0.0,0.0,0.0,746,YML092C,ess,ess
-0.7875297664507178,-0.4366394618278376,0,4.5,-0.5913203972246254,0.002902757619738752,0.06764687322521612,2.090909090909091,632,YKL049C,ess,ess
-0.7296658747311922,-0.4250381134989237,0,2.0,-0.4740749264688331,0.0036674816625916866,0.12444752680082752,1.118279569892473,818,YLR243W,ess,ess
0.4854758513788458,-0.05089462989144882,4,1.0833333333333333,-0.5422408978384797,0.032301480484522214,0.8913130740714504,0.8475836431226768,128,YPR015C,non_ess,non_ess
-0.8453936581702434,-0.4511411472389801,0,1.5,-0.8885240323962846,0.0027624309392265192,0.09325340320100244,6.339869281045751,362,YGL029W,non_ess,ess
2.394984278123191,1.8227231252281544,5,0.6086956521739131,2.0780590416107367,0.015719801434087147,0.5125590274289158,1.6433270676691731,273,YPR122W,non_ess,non_ess
-0.15102695753593598,-0.11470204570047556,0,1.5,4.867410590056676,0.001941747572815534,0.09320388349514563,3.1462621885157103,1808,YLR430W,ess,ess
0.022564717622640867,-0.22491485482515805,0,0.7142857142857143,-0.8149047833170663,0.03611738148984198,0.7906406480961601,1.925081433224756,51,YKL066W,non_ess,non_ess
-0.7296658747311922,-0.4424401359922946,0,1.3333333333333333,-0.193231124425889,0.0026619343389529732,0.07760155602696017,2.5166666666666666,546,YDL193W,ess,ess
-0.32461863269451285,-0.2278151919073865,0,11.0,-0.08961884794402614,0.008058017727639,0.4020195406929895,0.4571428571428572,352,YGL170C,non_ess,non_ess
-0.4982103078530897,-0.4105364280877813,3,1.75,-0.4822548430331907,0.00865265760197775,0.20773164642865802,1.8381389252948883,327,YHR134W,non_ess,non_ess
0.311884176220269,-0.11470204570047556,2,0.4166666666666667,0.1285122604388431,0.014179608372721137,1.5556145634971816,0.7606837606837606,168,YLR227C,non_ess,non_ess
-0.4982103078530897,-0.3525296864432115,4,0.6666666666666666,-0.7167457845447751,0.012704174228675136,0.29186343725354186,0.34981684981684985,522,YMR072W,non_ess,non_ess
-0.8453936581702434,-0.4366394618278376,0,0.4,-0.981229753459004,0.003846153846153847,0.12056655918931368,0.0,234,YDR378C,non_ess,non_ess
-0.2667547409749872,0.1724313254401447,1,0.6226415094339622,-0.6840261182873447,0.018739352640545142,0.7065706509566505,2.2818181818181813,266,YNL282W,ess,non_ess
-0.2667547409749872,-0.3206259785386981,1,0.5555555555555556,0.4011761459174296,0.006176305446378439,0.40657736424159785,1.212121212121212,544,YDR101C,non_ess,non_ess
0.1382925010616921,0.2884448087292842,0,1.4,1.8053951561321504,0.005411906193625977,0.16668268704160305,2.5990338164251208,428,YBR059C,non_ess,non_ess
-0.7296658747311922,-0.4250381134989237,2,0.8333333333333334,-0.7549187285117772,0.005893909626719057,0.17088631056084813,1.3417721518987342,214,YKL070W,non_ess,non_ess
-0.09316306581641036,-0.016090584904706967,1,1.5,-0.5885937583698394,0.02023121387283237,0.4665231828803345,0.5490654205607477,170,YOR283W,non_ess,non_ess
0.7169314182569483,-0.07409732654927671,1,2.333333333333333,0.7138307345995422,0.013176470588235295,0.3520097531240476,1.6448863636363635,153,YPL109C,non_ess,non_ess
-0.6139380912921409,-0.06829665238481973,3,1.0,-0.7331056176734903,0.009380863039399627,0.23907539299440794,1.0299999999999998,254,YOL067C,non_ess,non_ess
1.5270259023303068,0.6248839102677887,4,0.53125,4.69290570335038,0.006458557588805167,0.14234237413753553,2.1125541125541116,576,YER155C,non_ess,non_ess
-0.4982103078530897,-0.4047357539233243,6,1.0,-0.6294933411916275,0.010819165378670788,0.2275270479134467,1.5527950310559009,211,YAL007C,non_ess,non_ess
0.022564717622640867,-0.17850946150950225,0,1.1666666666666667,-0.28321020663382257,0.01556420233463035,0.29381596639655394,1.5040584415584417,205,YMR144W,non_ess,non_ess
-0.6718019830116665,-0.3960347426766388,2,1.5,-0.02690615428395124,0.003053435114503817,0.07195030684029337,3.5454545454545454,1083,YPR163C,non_ess,non_ess
1.4691620106107812,0.5146711011431062,2,0.9090909090909092,4.275729958568143,0.006783587028457975,0.13279909912343496,2.0487804878048776,525,YJL207C,non_ess,non_ess
-0.6139380912921409,-0.4047357539233243,0,1.3125,0.4475290064487893,0.002729257641921397,0.04261093946873328,5.34111111111111,693,YER036C,ess,ess
-0.15102695753593598,-0.31772564145646964,0,1.0,0.6084006988811553,0.006470881035340966,0.2813035783419059,0.9890109890109888,700,YBR041W,non_ess,non_ess
-0.4403464161335641,-0.2104131694140156,3,0.6428571428571429,-0.3813692054061137,0.008695652173913044,0.2476959125227805,1.0614406779661016,175,YDR374C,non_ess,non_ess
-0.6718019830116665,-0.3931344055944103,0,3.6666666666666665,0.3221036191286395,0.002361275088547816,0.11465677179962892,2.888349514563107,806,YGL171W,ess,ess
0.5433397430983714,0.18113233668683013,16,1.0909090909090908,-0.23685734610246284,0.02316960148285449,0.6582754289316579,1.0356571428571428,119,YML021C,non_ess,non_ess
-0.6139380912921409,-0.3293269897853836,2,0.8,-0.3977290385348289,0.005543237250554324,0.1832679515606345,1.6774193548387095,349,YNL204C,non_ess,non_ess
0.9483869851350506,2.3476841371115102,0,1.0588235294117647,-0.7876383947692076,0.06765327695560254,2.535600090856674,0.5440647482014388,119,YLR400W,non_ess,non_ess
-0.4403464161335641,-0.3844333943477248,3,2.0,1.1537284698383283,0.003066308930624761,0.07939322708339629,2.4145992366412217,832,YPL268W,non_ess,non_ess
0.08042860934216649,-0.16110743901613134,0,0.6666666666666666,0.979223583132033,0.00703351261894911,0.19733460756262847,1.7585139318885448,780,YIL068C,ess,non_ess
0.08042860934216649,-0.1930111469206447,0,1.181818181818182,-0.7276523399639185,0.031539888682745834,0.8644067796610171,0.9833333333333332,103,YDR185C,non_ess,non_ess
0.1382925010616921,-0.018990921986935458,11,0.8709677419354839,-0.3404696225843257,0.01865284974093264,0.2836626319523574,1.6831746031746029,129,YER037W,non_ess,non_ess
0.3697480679397946,-0.12630339402938948,1,1.0714285714285714,0.9846768608416048,0.009079653322327692,0.21774837661855656,2.6216522067144474,136,YJL141C,non_ess,non_ess
0.3697480679397946,0.036115482575405804,16,1.625,0.42026261790093067,0.01220865704772475,0.2618953850560309,1.3691571586308426,542,YGR194C,non_ess,non_ess
-0.3824825244140385,-0.31772564145646964,3,1.1578947368421053,-0.032359431993522966,0.006901840490797546,0.12666693574426865,2.297808012093727,303,YCL037C,non_ess,non_ess
-0.2667547409749872,-0.06829665238481973,3,2.333333333333333,-0.7221990622543468,0.020183486238532108,1.0861705742439691,0.405709992486852,183,YDR441C,non_ess,non_ess
-0.4403464161335641,-0.05089462989144882,0,0.5,-0.5722339252411243,0.011267605633802821,0.4230377570587847,0.8192307692307692,427,YJR056C,non_ess,non_ess
0.6012036348178971,0.010012448835349415,3,0.7586206896551724,1.0473895545016796,0.01043338683788122,0.2590599195777002,1.0338276181649677,455,YDR251W,non_ess,non_ess
-0.9032575498897693,-0.45694182140343703,0,0.0,-0.3731892888417561,0.0,0.0,0.0,667,YNL312W,ess,ess
0.2540202845007433,-0.0798980007137337,2,1.0,0.5429613663662946,0.010325245224574084,0.3053110788893198,1.09725,362,YJL106W,non_ess,non_ess
-0.7875297664507178,-0.4511411472389801,1,1.3333333333333333,-0.22049751297374767,0.0018231540565177761,0.06980544810991482,1.8196721311475408,836,YER107C,non_ess,non_ess
0.7747953099764741,0.021613797164263367,0,1.9285714285714288,0.2948372305807809,0.017427884615384616,0.4985400169683258,1.1462146021961088,98,YNL117W,non_ess,non_ess
-0.2667547409749872,-0.2278151919073865,0,1.1428571428571428,-0.7122013864534653,0.019784172661870502,0.3018499486125385,1.6746411483253592,66,YPR153W,non_ess,non_ess
-0.32461863269451285,-0.3902340685121817,0,1.5555555555555556,1.3554997450924824,0.0035323207347227135,0.12538705765945535,1.8105882352941176,1330,YLR129W,ess,ess
-0.6718019830116665,-0.4105364280877813,0,0.0,-0.4031823162444006,0.004464285714285714,0.1447001965923984,1.6615853658536586,310,YBR040W,non_ess,ess
1.2377064437326788,0.2681424491536848,0,0.25,0.29756386943556673,0.02219556088782244,0.4860341800253088,0.6825258438161665,227,YLR343W,non_ess,non_ess
-0.9032575498897693,-0.45694182140343703,0,0.7647058823529411,-0.3513761780034692,0.0,0.0,0.0,953,YBL027W,non_ess,ess
-0.5560741995726153,-0.3525296864432115,1,0.0,0.0248999839569802,0.0043891733723482075,0.349272860277981,3.804347826086957,380,YDR364C,non_ess,non_ess
-0.32461863269451285,-0.2423168773185289,0,0.5217391304347826,1.2709739405941205,0.003652300949598247,0.07355432891793995,3.6213333333333337,792,YER151C,non_ess,ess
0.1961563927812177,0.07381986464437612,2,2.0,-0.8639842827032118,0.048843187660668384,1.4969877744853706,0.5745614035087719,89,YLR374C,non_ess,non_ess
-0.9032575498897693,-0.45694182140343703,0,0.6666666666666666,-0.6758462017229871,0.0,0.0,0.0,222,YKL141W,ess,ess
0.8905230934155252,0.3783552582783673,2,0.4736842105263158,0.8728846677953842,0.013478260869565216,0.8426608695652174,1.2733446519524618,501,YOR140W,non_ess,non_ess
0.6590675265374226,0.15502930294677378,10,0.5,-0.4468085379209745,0.03183962264150944,0.4990469378286421,0.6612466124661248,192,YEL005C,non_ess,non_ess
-0.6718019830116665,-0.3902340685121817,0,0.5555555555555556,0.4393490898844317,0.0021941854086670325,0.0796874065716373,3.8224637681159424,490,YDR341C,ess,ess
-0.6718019830116665,-0.3989350797588673,0,1.0714285714285714,-0.0214528765743795,0.00303951367781155,0.09747089522280207,7.479838709677418,805,YNL280C,non_ess,ess
-0.6139380912921409,-0.32642665270315513,0,1.375,-0.8230846998814239,0.01152073732718894,0.18647579095286312,8.548333333333334,246,YIR015W,ess,non_ess
1.4691620106107812,0.6625882923367591,17,0.7777777777777778,0.3739097573695709,0.023415191319246145,0.7485332221734572,0.6986521181001284,210,YLL061W,non_ess,non_ess
0.4276119596593202,-0.1031006973715616,2,0.9090909090909092,0.3711831185147851,0.013157894736842105,0.6482319078947368,0.7571724341910677,378,YDR440W,non_ess,non_ess
0.08042860934216649,-0.1031006973715616,3,0.6557377049180327,0.28665731401642325,0.01027190332326284,0.4557681548618105,0.7941176470588235,523,YGR023W,non_ess,non_ess
0.1961563927812177,0.053517505068776734,6,0.6,-0.9703231980398606,0.06985294117647059,1.9566334598355481,0.631578947368421,49,YOL086W-A,non_ess,non_ess
-0.6718019830116665,-0.349629349360983,4,0.6,-0.8994305878154281,0.011428571428571429,0.3034229137199434,0.0,93,YOR345C,non_ess,non_ess
0.1961563927812177,0.012912785917577904,2,1.088235294117647,-0.294116762052966,0.018700787401574805,0.3834661459429871,0.8250866687677275,160,YMR081C,non_ess,non_ess
-0.035299174096884746,-0.1872104727561877,2,0.8666666666666667,0.27029748088770805,0.009163103237629807,0.2337919311572069,0.6900000000000001,522,YBR270C,non_ess,non_ess
0.8905230934155252,0.2768434604003702,5,0.6176470588235294,0.8537981958118832,0.013602457218078104,0.3111283349757947,1.2077146270694656,317,YBL011W,non_ess,non_ess
1.7006175774888836,0.7350967193924712,6,0.4375,1.260067385174977,0.016507703595011004,0.5046387238775945,1.0333333333333334,858,YNL321W,non_ess,non_ess
-0.6139380912921409,-0.35543002352543995,0,1.5,0.056710770596148624,0.003566333808844508,0.0910492201935873,2.3464566929133857,583,YMR133W,non_ess,ess
-0.035299174096884746,-0.1959114840028732,8,0.5357142857142857,-0.8176314221718521,0.03409090909090909,1.3025078369905956,0.4734693877551021,88,YNL328C,non_ess,non_ess
-0.4982103078530897,-0.34382867519652605,0,1.75,-0.03781270970309469,0.00539291217257319,0.18978556753980488,2.7874564459930307,517,YOL097C,ess,non_ess
0.7747953099764741,0.3261491907982545,1,1.4,-0.8530777272840684,0.07231920199501247,1.8579880087016505,0.6248442044038222,82,YBR134W,non_ess,non_ess
1.35343422717173,0.764100090214756,3,0.7674418604651163,-0.2014110409902466,0.034883720930232565,0.7345326897762177,0.5682983682983682,197,YDR517W,non_ess,non_ess
-0.9032575498897693,-0.45694182140343703,0,5.0,-0.18777784671631728,0.0,0.0,0.0,717,YBR192W,ess,ess
-0.7296658747311922,-0.42793845058115215,0,0.9090909090909092,-0.2677592531233693,0.002870813397129186,0.0570907117841464,3.1544715447154474,756,YNL069C,non_ess,ess
-0.09316306581641036,-0.3148253043742412,3,0.4,1.5409111872179213,0.004612850082372322,0.1401813448696505,1.1046626984126986,772,YDR495C,non_ess,non_ess
-0.9032575498897693,-0.45694182140343703,0,37.0,-0.23685734610246284,0.0,0.0,0.0,320,YKL060C,ess,ess
0.022564717622640867,-0.12920373111161798,4,0.8888888888888888,-0.2232241518285336,0.014625228519195612,0.7105843787429869,0.5410447761194029,773,YLR420W,non_ess,non_ess
-0.9032575498897693,-0.45694182140343703,0,1.08,-0.16596473587803034,0.0,0.0,0.0,311,YGR046W,non_ess,ess
-0.4403464161335641,-0.35543002352543995,0,1.4705882352941178,1.0637493876303947,0.0031872509960159364,0.3236912813860836,4.637254901960784,915,YDR207C,non_ess,ess
-0.5560741995726153,-0.3728320460188109,0,0.875,0.09306595532662684,0.004160887656033287,0.12366402871828346,4.258585858585859,537,YLR378C,ess,ess
-0.6139380912921409,-0.38733373142995337,2,0.7058823529411765,-0.7740052004952783,0.010245901639344263,0.18188492319607588,0.7055555555555556,231,YBR120C,non_ess,non_ess
-0.5560741995726153,-0.2597188998118999,4,0.7777777777777778,-0.435901982501831,0.0069767441860465115,0.26411162790697673,1.0964912280701753,308,YDR337W,non_ess,non_ess
1.35343422717173,0.3870562695250528,5,1.0588235294117647,0.3275568968382112,0.02294117647058824,0.3835093256814921,1.1084946799232511,202,YCL036W,non_ess,non_ess
2.105664819525563,2.7508309915412696,2,0.8076923076923077,-0.3813692054061137,0.056521739130434775,1.1138447840925954,1.1988543371522091,138,YKL183W,non_ess,non_ess
-0.8453936581702434,-0.4366394618278376,1,1.1,-0.8748908381223552,0.002652519893899204,0.07054127163379467,4.539325842696629,249,YKL192C,ess,non_ess
-0.09316306581641036,0.4508636853340795,3,0.7142857142857143,-0.9157904209441432,0.042168674698795185,2.1750779341140785,0.4601029601029602,105,YDR102C,non_ess,non_ess
1.5270259023303068,0.6190832361033317,4,1.09375,0.7174662530725899,0.01972757162987318,0.2732194506934316,1.5919854280510015,185,YHL032C,non_ess,non_ess
-0.8453936581702434,-0.4221377764166952,5,1.8,-0.3704626499869703,0.001072961373390558,0.02478656977735083,5.843881856540085,853,YDR068W,non_ess,non_ess
0.2540202845007433,-0.0798980007137337,0,1.3333333333333333,1.0555694710660373,0.007996801279488205,0.1927956090291157,2.2602739726027394,218,YDL056W,non_ess,non_ess
-0.4403464161335641,-0.2829215964697278,0,0.5,-0.06235245939616747,0.006294256490952006,0.13565531899902533,0.5982142857142857,301,YML080W,non_ess,non_ess
-0.8453936581702434,-0.4511411472389801,0,0.5555555555555556,-0.314112113654729,0.001006036217303823,0.03213181528193552,9.710526315789474,749,YDR064W,ess,ess
0.5433397430983714,-0.05959564113813427,4,0.8571428571428571,1.2491608297558336,0.009211495946941784,0.4823474241307698,1.2715254237288136,253,YLR014C,non_ess,non_ess
-0.8453936581702434,-0.4453404730745231,2,1.8333333333333333,0.08488603876226923,0.0006978367062107465,0.027517165921445985,7.593750000000001,998,YDL103C,ess,non_ess
1.1798425520131532,0.5146711011431062,4,0.85,0.5211482555280077,0.01881860951385259,0.6444957417576064,1.158036677454153,176,YHR161C,non_ess,non_ess
0.7169314182569483,0.3116475053871121,20,2.8,0.8128986129900952,0.012533572068039392,0.2573299015219337,1.3003174603174603,299,YGR003W,non_ess,non_ess
-0.7875297664507178,-0.4337391247456092,6,1.6363636363636365,-0.4249954270826876,0.002293577981651377,0.05489789878662327,2.052980132450331,750,YBR101C,non_ess,non_ess
0.1961563927812177,-0.11760238278270405,10,1.0,-0.3077499563268953,0.01898101898101898,0.5084074803700972,0.9670388091440724,171,YNL265C,non_ess,non_ess
-0.6718019830116665,-0.4047357539233243,0,5.0,1.2028079692244742,0.0015020653398422831,0.05668615241479422,2.7751479289940826,1180,YPR112C,ess,ess
0.8905230934155252,1.0280307646975484,1,1.0,-0.2014110409902466,0.02772808586762076,0.6798877794677405,0.7644452321871679,290,YPR078C,non_ess,non_ess
0.8326592016959995,0.3174481795515691,0,3.5,0.3739097573695709,0.01713306681896059,0.5103976548865183,0.8723311546840959,275,YPL208W,non_ess,non_ess
-0.4403464161335641,-0.26841991105858537,1,1.0,-0.092345486798812,0.006462035541195477,0.20337461856040207,1.3888888888888886,290,YOR051C,non_ess,non_ess
-0.8453936581702434,-0.4395397989100661,1,1.2,-0.4522618156305462,0.0011876484560570072,0.028468632108425318,12.129729729729734,568,YPL076W,ess,non_ess
2.568575953281768,1.81112177689924,4,0.8863636363636364,5.949886215406664,0.007608419984783158,0.2164755816360144,1.4137499999999996,470,YLR454W,non_ess,non_ess
-0.32461863269451285,-0.1872104727561877,2,0.8636363636363636,-0.032359431993522966,0.007668711656441719,0.18322743207712533,1.4751219512195122,124,YOR032C,non_ess,non_ess
0.08042860934216649,0.004211774670892442,0,1.7142857142857142,0.3929962293530721,0.009593679458239277,0.25874717832957106,1.226993865030675,1143,YNL227C,non_ess,non_ess
-0.4403464161335641,-0.2597188998118999,0,1.25,-0.4304487047922593,0.009237875288683604,0.2565835361222623,2.670250896057348,306,YGR147C,ess,non_ess
-0.2667547409749872,-0.2945229447986418,0,0.5909090909090909,0.20213150951806144,0.007042253521126761,0.15627630323775324,2.7192651907677807,450,YER006W,ess,non_ess
-0.2088908492554616,-0.2336158660718435,0,0.5454545454545454,0.4857019504157914,0.0064034151547492,0.14079197216870645,2.1492718446601944,291,YGR225W,non_ess,non_ess
-0.035299174096884746,-0.2075128323317872,1,0.7142857142857143,-0.5476941755480514,0.0203527815468114,0.6374962153918611,0.8962962962962963,179,YIL139C,non_ess,non_ess
-0.7875297664507178,-0.4453404730745231,0,1.0,-0.5722339252411243,0.0028169014084507052,0.07193057333902404,4.375690607734806,144,YOR214C,non_ess,non_ess
-0.4982103078530897,-0.2887222706341848,1,1.5,-0.8830707546867129,0.019021739130434784,0.6206629714943853,0.4874899112187247,149,YJL169W,non_ess,non_ess
-0.3824825244140385,-0.20171215816733007,14,0.5,-0.3677360111321844,0.009625668449197863,0.19600685483038427,1.8404392764857882,205,YML050W,non_ess,non_ess
-0.3824825244140385,-0.34382867519652605,9,1.0,-0.6349466189011992,0.0140405616224649,0.2895692065306375,1.5334713595583158,281,YPL166W,non_ess,non_ess
1.5848897940498323,0.3986576178539667,4,1.0769230769230769,1.8735611275017967,0.012643340194060573,0.5312048624599464,0.9307551607002872,413,YPR022C,non_ess,non_ess
-0.7296658747311922,-0.4366394618278376,0,0.0,-0.4522618156305462,0.003562945368171021,0.07361878026961162,1.7549857549857548,719,YJL203W,ess,ess
-0.3824825244140385,-0.23071552898961506,6,0.7333333333333333,-0.4277220659374734,0.010356731875719215,0.15185447463928475,0.934131736526946,171,YFR032C,non_ess,non_ess
-0.9032575498897693,-0.45694182140343703,1,2.6666666666666665,-0.8912506712510705,0.0,0.0,0.0,359,YLR198C,ess,non_ess
0.022564717622640867,-0.1640077760983598,5,0.5882352941176471,-0.7167457845447751,0.029038112522686024,0.559365746489636,1.2346570397111916,131,YKR045C,non_ess,non_ess
-0.8453936581702434,-0.4540414843212086,0,10.0,-0.8857973935414988,0.0027397260273972607,0.0846374119650182,2.344370860927152,197,YOL133W,ess,ess
0.1961563927812177,0.01581312299980639,2,0.6875,-0.092345486798812,0.015347334410339256,0.3708939149165321,0.5413533834586467,223,YOL083W,non_ess,non_ess
-0.2088908492554616,-0.04799429280922033,3,1.0,0.2130380649372049,0.0076238881829733185,0.2514278071290042,1.4603559870550158,536,YMR215W,non_ess,non_ess
-0.09316306581641036,-0.14080507944053192,0,1.6,0.938324000310245,0.005902192242833052,0.2561313761218692,0.9502551020408164,562,YDL239C,non_ess,non_ess
-0.8453936581702434,-0.4221377764166952,1,1.125,-0.7385588953830621,0.00189753320683112,0.08768975332068311,6.436781609195402,366,YPR101W,non_ess,ess
-0.09316306581641036,-0.33802800103206904,8,1.6,-0.6485798131751285,0.022364217252396158,0.55634819904591,1.6241217798594851,160,YBL057C,non_ess,non_ess
-0.035299174096884746,0.09992289838443252,0,1.2,0.4666154784322904,0.008094981111710739,0.4519697787371829,1.5683168316831684,251,YPL119C,non_ess,non_ess
-0.4403464161335641,-0.3815330572654964,0,1.1,-0.4386286213566168,0.009334889148191364,0.18391444445633906,1.1657754010695187,291,YDR116C,non_ess,non_ess
-0.5560741995726153,-0.4163371022522382,0,1.181818181818182,-0.3486495391486833,0.006276150627615064,0.14947547146928628,2.389610389610389,559,YPL266W,ess,ess
0.08042860934216649,0.062218516315462186,3,0.6136363636363636,0.4502556453035752,0.009264305177111716,0.28010899182561305,1.6981132075471697,224,YNL268W,non_ess,non_ess
-0.6139380912921409,-0.3815330572654964,2,3.5,0.4666154784322904,0.0026983270372369127,0.08982530004950649,1.1523809523809525,595,YNL121C,non_ess,non_ess
-0.4403464161335641,-0.3757323831010394,0,0.7916666666666666,0.4311691733200741,0.004410143329658214,0.14464331792910928,2.745327102803738,505,YOR204W,ess,ess
1.6427536857693583,0.77570143854367,7,0.6538461538461539,0.057619650214410574,0.03136136849607983,0.780344639637751,0.7874331550802142,214,YGR141W,non_ess,non_ess
0.022564717622640867,-0.12050271986493252,3,0.5384615384615384,-0.040539348557880564,0.012355212355212357,0.2125,1.7391304347826089,296,YMR187C,non_ess,non_ess
0.4854758513788458,0.1927336850157441,0,0.9333333333333332,-0.335016344874754,0.024716786817713696,0.5901674887527779,1.011574074074074,139,YDR480W,non_ess,non_ess
2.6264398450012933,0.9468213263951508,6,0.9047619047619048,2.716092533630629,0.014094269870609981,0.4626150454405422,1.0426229508196725,663,YJR137C,non_ess,non_ess
-0.4403464161335641,-0.32642665270315513,1,0.5555555555555556,0.027626622811766068,0.00583941605839416,0.17543859649122806,1.2127659574468084,234,YPR084W,non_ess,non_ess
0.6012036348178971,0.2855444716470557,1,0.9428571428571428,-0.193231124425889,0.023070097604259092,0.7680654446296016,1.1038461538461541,141,YGR286C,non_ess,non_ess
0.6590675265374226,0.18983334793351564,0,0.5714285714285714,0.14487209356755826,0.01801200800533689,0.581175627758407,1.4684606481481484,233,YFR010W,non_ess,non_ess
-0.9032575498897693,-0.45694182140343703,3,0.0,-0.7985449501883509,0.0,0.0,0.0,461,YER030W,non_ess,non_ess
-0.6139380912921409,-0.3670313718543539,0,0.6428571428571429,-0.17414465244238794,0.004355400696864111,0.08875714623997834,3.2007968127490045,563,YKL113C,non_ess,ess
0.8326592016959995,0.18113233668683013,2,1.0,0.27575075859727977,0.01825928180158248,0.405824242707992,1.5028901734104043,122,YGR197C,non_ess,non_ess
-0.3824825244140385,-0.3815330572654964,0,0.9032258064516128,-0.2177708741189618,0.008181818181818179,0.20825616762419727,2.5405555555555552,670,YBR018C,non_ess,ess
-0.3824825244140385,-0.31772564145646964,9,0.8333333333333334,-0.6594863685942719,0.01465798045602606,0.4232994826595133,2.350230414746544,169,YMR121C,non_ess,non_ess
0.1961563927812177,0.3058468312226551,1,1.3333333333333333,-0.6812994794325589,0.03220338983050846,0.8609670987038883,1.0550654091877092,129,YDR066C,non_ess,non_ess
-0.4403464161335641,-0.24811755148298595,3,0.38461538461538464,-0.5449675366932656,0.010810810810810813,0.17578256222324018,2.039893617021277,181,YAL049C,non_ess,non_ess
0.1382925010616921,-0.12630339402938948,0,0.5121951219512195,0.28665731401642325,0.010876132930513595,0.3008719806417434,1.9673659673659671,186,YOL019W,non_ess,non_ess
0.2540202845007433,0.32034851663379754,1,1.3333333333333333,-0.9130637820893576,0.05970149253731344,2.7307299120834188,0.43405405405405395,81,YHR087W,non_ess,non_ess
0.2540202845007433,0.007112111753120929,0,1.25,-0.3268364283103964,0.020408163265306117,0.4303071744161582,1.4181286549707603,181,YGR144W,non_ess,non_ess
-0.6139380912921409,-0.3235263156209266,2,3.25,0.4693421172870762,0.0026939655172413795,0.10186239427456084,2.332,1345,YKL174C,non_ess,ess
-0.6139380912921409,-0.4134367651700097,22,0.5522388059701493,-0.5622362494402428,0.006934812760055479,0.12686272296229398,7.919424460431652,172,YKL186C,ess,non_ess
1.0062508768545764,0.4798670561563644,3,0.8333333333333334,0.8347117238283821,0.01461470327723649,0.5050031132431223,1.1966279334700387,290,YFR009W,non_ess,non_ess
0.4276119596593202,0.39285694368950974,5,1.0,-0.1986844021354608,0.02051739518287244,0.4762464532946496,1.0360736662236567,203,YIL006W,non_ess,non_ess
-0.4403464161335641,-0.3061242931275557,0,1.1333333333333333,-0.4604417321949038,0.009603841536614643,0.36641810008675,0.6421875000000001,251,YBR165W,non_ess,non_ess
0.022564717622640867,-0.2452172144007575,3,0.6842105263157895,0.12033234387448548,0.010869565217391304,0.5092155009451795,1.0437898089171975,163,YNL022C,non_ess,non_ess
-0.5560741995726153,-0.2858219335519563,0,1.0,0.11760570501969962,0.0040844111640571815,0.17721238938053094,2.456140350877193,598,YLL011W,ess,non_ess
-0.8453936581702434,-0.4540414843212086,1,0.9,-0.24503726266682044,0.0009345794392523364,0.030934579439252336,6.296296296296296,1070,YJL031C,ess,ess
2.27925649468414,1.0889378434243466,2,0.4032258064516129,0.556594560640224,0.028176229508196718,0.5199142476767254,1.0120661157024795,164,YJR004C,non_ess,non_ess
-0.9032575498897693,-0.45694182140343703,0,1.6,-0.9594166426207172,0.0,0.0,0.0,284,YER048W-A,ess,ess
-0.15102695753593598,-0.1872104727561877,3,1.75,0.6738400313960161,0.006246996636232581,0.12490722593598025,2.0864815657715057,1110,YLR072W,non_ess,non_ess
0.5433397430983714,0.07091952756214764,1,1.4,1.2300743577723323,0.00928332714444857,0.1634347828183699,2.2,570,YGL180W,non_ess,non_ess
-0.6139380912921409,-0.4047357539233243,0,1.6,-0.23413070724767696,0.004621072088724585,0.13453832698582044,0.4382352941176471,585,YLR215C,ess,ess
-0.8453936581702434,-0.4076360910055528,1,0.8333333333333334,-0.8748908381223552,0.002652519893899204,0.10344827586206896,0.0,377,YNL013C,non_ess,non_ess
1.2377064437326788,0.2768434604003702,4,0.5,0.3848163127887144,0.02098695405558707,0.5950745332481011,0.9318845872899928,517,YIL015W,non_ess,non_ess
-0.4403464161335641,-0.4047357539233243,1,0.7857142857142857,-0.32956306716518224,0.008188331627430911,0.2061532903847312,1.8140243902439024,230,YJR070C,non_ess,non_ess
-0.035299174096884746,0.215936381673572,2,0.0,-0.9376035317824302,0.048701298701298704,1.2059023066485757,0.7768115942028985,73,YMR254C,non_ess,non_ess
0.3697480679397946,0.08252087589106159,7,0.7391304347826086,-0.4468085379209745,0.025943396226415096,0.5592811586500133,1.0523715415019763,173,YJR096W,non_ess,non_ess
-0.6139380912921409,-0.4221377764166952,4,0.8,-0.4686216487592614,0.006067961165048544,0.2182803564303764,2.4649350649350645,206,YLR271W,non_ess,non_ess
0.3697480679397946,-0.07409732654927671,4,0.6944444444444444,0.035806539376123665,0.015953589557650468,0.34620453835689674,1.2454545454545454,191,YLR090W,non_ess,non_ess
0.3697480679397946,0.14632829170008832,3,0.4897959183673469,-0.5858671195150535,0.031654676258992806,0.8845260633598385,1.0845665961945028,86,YEL072W,non_ess,non_ess
0.8326592016959995,0.28264413456482723,0,0.7333333333333333,0.39572286820785785,0.016901408450704224,0.7347417840375586,1.0956521739130436,211,YFL053W,non_ess,non_ess
0.08042860934216649,-0.10600103445379007,2,1.0,0.7583658358943779,0.0078196872125115,0.2414277250899493,2.202998846597462,252,YKL168C,non_ess,non_ess
-0.6718019830116665,-0.3206259785386981,1,0.9166666666666666,-0.3377429837295399,0.004132231404958678,0.0697635335521373,2.833898305084745,933,YNL002C,ess,non_ess
-0.8453936581702434,-0.4453404730745231,0,0.5,-0.2723036512146791,0.0009615384615384617,0.026079277864992152,13.703389830508476,637,YML015C,ess,ess
-0.2088908492554616,-0.06829665238481973,2,0.3636363636363637,-0.18777784671631728,0.01059135039717564,0.2186258223906081,0.9662447257383966,339,YOL047C,non_ess,non_ess
-0.15102695753593598,-0.1872104727561877,7,1.6923076923076923,0.24030445348506355,0.008104738154613466,0.19480783927278567,1.5423895253682487,271,YKL191W,non_ess,non_ess
-0.6139380912921409,-0.02769193323362092,1,1.0,-0.8558043661388542,0.01256281407035176,0.31684396006004045,2.1000000000000005,151,YDR193W,non_ess,non_ess
0.3697480679397946,0.08542121297329007,4,0.5652173913043478,-0.20413767984503248,0.01973094170403588,0.3832799487508008,0.8789237668161436,610,YNL005C,non_ess,non_ess
-0.15102695753593598,-0.2829215964697278,2,1.1666666666666667,-0.3840958442608995,0.014176663031624863,0.2496459118918421,2.3485642422972117,113,YPR192W,non_ess,non_ess
-0.5560741995726153,-0.3293269897853836,0,5.0,-0.4331753436470451,0.006952491309385863,0.3398899188876013,1.0256410256410258,312,YPR103W,ess,non_ess
-0.4982103078530897,-0.3786327201832679,0,3.333333333333333,0.7065596976534465,0.0033065658951346244,0.045213837428898514,9.442765567765566,824,YMR001C,ess,ess
-0.2088908492554616,-0.2887222706341848,2,0.75,1.5763574923301376,0.003903708523096942,0.10650393736118276,2.27657004830918,676,YKL210W,ess,non_ess
-0.6718019830116665,-0.3061242931275557,0,0.0,0.3575499242408557,0.002308136180034622,0.054041806267616906,3.7394578313253017,1428,YGR278W,ess,ess
-0.4403464161335641,-0.29742328188087025,4,1.2727272727272727,-0.010546321155236044,0.006024096385542169,0.4544138090824839,1.6899999999999995,312,YDR370C,non_ess,non_ess
-0.5560741995726153,-0.36413103477212544,2,0.6666666666666666,-0.940330170637216,0.019672131147540985,0.5556902640872912,0.7566909975669099,136,YGL042C,non_ess,non_ess
1.9899370360865118,1.1411439109044594,5,0.4,0.5266015332375794,0.02605523710265764,0.4982479023193842,1.1411666666666669,512,YIL123W,non_ess,non_ess
-0.035299174096884746,-0.2394165402363005,5,0.37777777777777777,-0.11961187534667066,0.012417218543046357,0.22819806730639275,2.836175710594316,153,YER154W,non_ess,non_ess
-0.09316306581641036,-0.021891259069163945,0,0.8,-0.3922757608252572,0.015418502202643172,0.30307321166352,1.4110671936758894,138,YOR228C,non_ess,non_ess
0.311884176220269,0.01581312299980639,6,0.8974358974358975,0.3275568968382112,0.012352941176470587,0.3453388235294117,1.5211640211640212,336,YOR023C,non_ess,non_ess
-0.7296658747311922,-0.4192374393344667,1,1.0,0.8510715569570974,0.0013181019332161687,0.024011197072092483,9.840579710144926,1549,YBR080C,ess,ess
0.3697480679397946,0.14052761753563134,12,1.75,-0.2913901231981801,0.02158979391560353,0.4607404371879348,0.4718285516764604,333,YGR084C,non_ess,non_ess
-0.8453936581702434,-0.4395397989100661,0,0.0,-0.456806213721856,0.0011947431302270011,0.017648856658609095,0.0,837,YIL052C,non_ess,ess
-0.7875297664507178,-0.4366394618278376,0,2.0,0.03853317823090953,0.0014471780028943561,0.022591599789501367,5.966101694915255,731,YOR272W,ess,ess
