hits_count,reads_count,hits_count_pro,orf_len,insertion_index,NI,NI_ratio,HFI_normalized,HFI_ratio,orf,label,predictions
0.23380337743509194,-0.12188035803675168,0,0.05216637250483885,0.02219040801717967,0.7254457225616353,0.9311978344236408,0.1231209735146743,0.00037084630576709126,YBR207W,non_ess,non_ess
0.3708545399880545,0.03496149865240865,4,0.04943973365005299,0.024390243902439025,0.6665624348551178,0.8602941176470587,0.1018651362984218,0.0006701653703843541,YBR199W,non_ess,non_ess
1.0561103527528672,-0.08497639175694925,2,1.7754021287295056,0.014880048587913756,0.33306186676973193,0.2825040128410915,0.13969025204980262,0.00016395569489413453,YDL102W,ess,ess
-0.04029894767083316,-0.0930952643385058,0,0.1803183986797745,0.016254876462938883,0.4502981329181363,0.04286738351254482,0.15734720416124834,0.0008325248897420547,YCR028C,non_ess,non_ess
-0.8169222021376209,-0.2086046787942874,0,-0.3541028168582551,0.008421052631578947,0.4012631578947369,0.11904761904761905,0.4515789473684211,0.0007732516222062005,YCL059C,ess,ess
-0.1316663893728082,-0.20657496064889827,0,-0.14415162503974344,0.019475021168501267,0.37558302215128825,0.31259370314842577,0.14902624894157493,0.00025301570278705424,YOR176W,ess,ess
-0.36008499362774576,-0.19273597329397235,4,0.30301714714513844,0.010759115361625823,0.3374525639778146,0.4343434343434342,0.2934847579199044,0.000782626021119745,YPL120W,non_ess,non_ess
1.0561103527528672,-0.04290587019797448,0,0.35209664653128403,0.028372900984365963,0.6713135440451868,0.6362545018007203,0.11986103068905615,0.0002550234695511833,YNL251C,ess,non_ess
-0.36008499362774576,-0.13350510741488944,0,-0.3486495391486833,0.018828451882845192,0.438943861666898,0.4973063973063974,0.2322175732217573,0.0011005572190604612,YIL021W,ess,non_ess
1.1931615153058301,0.0026705281575815287,5,0.777452307877879,0.02369020501138952,0.4957713812383516,0.5288461538461539,0.10022779043280182,0.00043016219069872026,YJL082W,non_ess,non_ess
-0.9082896438395959,-0.23203869738196195,7,-0.8476244495744967,0.014742014742014744,0.2264580369843528,1.78125,0.4078624078624079,0.005098280098280098,YDR519W,non_ess,non_ess
-0.8626059229886085,-0.233145816370356,2,-0.6376732577559849,0.0109717868338558,0.2299934938191281,0.8753096614368292,0.322884012539185,0.000506087793948566,YDR298C,non_ess,non_ess
1.55863128211373,0.7344761794860638,0,2.1189586244325245,0.016344320348678838,0.355860429409871,0.9490196078431372,0.20512122037591932,0.0001976119656800765,YPL110C,non_ess,non_ess
-0.36008499362774576,-0.18498614037521385,0,0.28665731401642325,0.010876132930513595,0.5372169895148392,0.5555555555555556,0.28882175226586104,0.0009316830718253582,YJL110C,non_ess,non_ess
-0.1773501102237957,-0.16634963740391362,0,-0.14415162503974344,0.018628281117696863,0.39056949181405776,0.3874458874458875,0.2150719729043184,0.0004822241544939874,YBR267W,non_ess,ess
-1.1823919689455211,-0.2399730501321195,0,-0.9266969763632869,0.0,0.0,0.0,1.0,0.003125,YDL081C,non_ess,ess
1.1931615153058301,-0.07482780103000357,3,2.4843282309738304,0.012767002209673459,0.2644527233068955,0.3355437665782493,0.11367542352074635,7.021335609681679e-05,YDR301W,ess,non_ess
1.0104266319018798,-0.050471183285333975,0,1.017396527099035,0.01952013013420089,0.4115494103294022,0.8210900473933649,0.09109394062627084,0.000261014156522266,YJL187C,non_ess,non_ess
-0.4514524353297208,0.04880048600733457,0,-0.5858671195150535,0.02302158273381295,0.6792753748808182,0.523989898989899,0.3899280575539568,0.0017564326916844901,YHR122W,ess,non_ess
-0.9082896438395959,-0.23480649485294716,0,-0.24231062381203455,0.005591798695246971,0.1328996750711569,0.18407960199004966,0.3811742777260019,0.0003569047544250954,YER127W,ess,ess
-0.26871755192577074,-0.1493738129152045,6,-0.13597170847538584,0.01680672268907563,0.3104731825616152,1.3171270718232049,0.19747899159663865,0.0006269174336401228,YJL171C,non_ess,non_ess
0.3708545399880545,-0.036078636436211016,2,0.1039725107457703,0.0233837689133425,0.3936839217932531,0.8861327663595558,0.2565337001375516,0.0011503753369396929,YOR216C,non_ess,non_ess
0.0967522148821294,-0.17483754964826814,0,1.2764272183036922,0.010204081632653059,0.3185024009603841,0.5204081632653063,0.2423469387755102,0.00036886900879073086,YOR113W,non_ess,ess
-0.8169222021376209,-0.2111879564338736,1,-0.4522618156305462,0.009501187648456056,0.17207706518870414,0.16544117647058826,0.3182897862232779,0.0005603693419423906,YPL076W,ess,ess
-0.8169222021376209,-0.19605733025915456,3,-0.010546321155236044,0.006024096385542169,0.414775380592136,1.0573770491803278,0.6987951807228916,0.0005887069761776678,YML038C,non_ess,non_ess
0.5079057025410171,0.4169175496483639,8,-0.6758462017229871,0.06208053691275168,0.9266484662344064,1.645621621621622,0.2835570469798658,0.0037807606263982095,YGR268C,non_ess,non_ess
-0.36008499362774576,-0.15454036819437686,6,-0.7221990622543468,0.03302752293577982,0.5910787725403354,0.7107843137254903,0.1798165137614679,0.0016055045871559634,YGL242C,non_ess,non_ess
0.5535894233920046,-0.07482780103000357,0,-0.005093043445664315,0.028485757121439283,0.6058238486390607,0.3616298811544992,0.12443778110944527,0.0002854077548381773,YHR190W,ess,non_ess
0.599273144242992,-0.06726248794264407,5,-0.11961187534667066,0.03228476821192053,0.5408824888341289,0.4218995290423862,0.09437086092715233,0.0006168030125957668,YER154W,non_ess,non_ess
0.8733754693489172,2.4363025844791535,4,2.8851441426273525,0.009968985378821444,0.1971768231668766,0.3852813852813853,0.14864864864864866,0.0002659188705700333,YPL167C,non_ess,non_ess
0.14243593573311691,-0.12593979432752994,2,0.1666852044058452,0.01904136572554169,0.4355148388221053,0.32823437905107594,0.17596848325673015,0.0004984942868462611,YIL104C,ess,non_ess
-0.6798710395846584,-0.21838422985843506,2,-1.0194026974260062,0.05045871559633028,1.4615527390359018,0.2382920110192837,0.2889908256880734,0.001325645989394832,YNL024C-A,ess,non_ess
0.4622219816900296,-0.1023212559084564,3,0.15577864898670174,0.02382528127068167,0.5290548439171929,0.859437751004016,0.11647915287888815,0.0007372098283473935,YOL068C,non_ess,non_ess
0.3708545399880545,0.01577143618691139,8,-0.11415859763709893,0.02800658978583196,0.4579844733813275,0.6990424076607387,0.17215815485996705,0.0007485137167824652,YNR021W,non_ess,non_ess
3.5687149995571805,1.8181611492924623,4,4.69290570335038,0.01599261879132708,0.3019729874025299,0.4713745271122321,0.05597416576964478,9.717737112785552e-05,YER155C,non_ess,non_ess
0.0967522148821294,-0.054715139407511264,0,0.7856322244422366,0.012704174228675136,0.4334518461218054,0.5515370705244124,0.19646098003629764,0.00028513930339085287,YIL078W,ess,ess
-0.6341873187336708,-0.20011676654993285,0,0.21576470379199075,0.007609384908053266,0.1352360981183724,0.8820960698689956,0.33100824350031705,0.0006341154090044388,YGR227W,non_ess,non_ess
-0.3144012727767583,-0.1674567563923077,3,1.077382581904324,0.007524752475247524,0.12780466935582446,0.9988989209425236,0.3053465346534653,0.0003635077793493635,YDR505C,non_ess,non_ess
-0.6341873187336708,-0.1905217353171842,0,-0.5340609812741222,0.015957446808510637,0.25331926004110883,0.31087662337662336,0.26861702127659576,0.0010060562594629058,YKL099C,ess,ess
-0.1773501102237957,-0.16671867706671165,0,0.22667125921113426,0.01384518565135305,0.25711160199526106,0.2821969696969697,0.19886721208307112,0.000209775540172016,YPR162C,ess,ess
0.14243593573311691,-0.1482666939268104,7,-0.4195421493731158,0.03302961275626424,0.5174301605712928,0.4733212341197823,0.24943052391799544,0.001820660758525514,YOR223W,non_ess,non_ess
0.4622219816900296,-0.03700123559320609,0,1.9744467651288735,0.010250569476082005,0.15503986332574032,0.34016540812657314,0.229498861047836,0.0003695633833298487,YFR031C,ess,ess
-0.04029894767083316,-0.036078636436211016,4,-0.09507212565359786,0.020242914979757085,0.4137069989575505,0.9287700534759359,0.16032388663967612,0.0006652443429032204,YHL003C,non_ess,non_ess
0.41653826083904205,-0.016704054139314747,0,1.039209637937322,0.014095851792186871,0.34288501616819617,1.1391705069124425,0.14216673378977046,0.0003536485915168419,YIL107C,non_ess,non_ess
0.4622219816900296,-0.12206487786815068,1,-0.12233851420145653,0.029875518672199168,0.4978776628481804,0.2777777777777778,0.2107883817427386,0.0002883561993744714,YKL004W,ess,non_ess
-0.3144012727767583,-0.14033234117665289,0,0.8128986129900952,0.008504923903312443,0.1696387524498536,0.4506307090039148,0.1638316920322292,0.00022913523361150936,YJR042W,ess,ess
4.208287091471005,1.008488129113597,6,-0.3077499563268953,0.11788211788211787,2.3887714017584147,1.4237288135593218,0.08591408591408592,0.0011769052864943276,YPL111W,non_ess,non_ess
-0.1316663893728082,-0.15306420954318473,0,-0.6022269526437688,0.033973412112259974,1.0024139457092116,0.5915601023017902,0.14623338257016247,0.0014060902170207929,YDL213C,non_ess,non_ess
0.2794870982860795,-0.16376635976432746,0,1.3609530228020539,0.011279520620373634,0.37862152052567616,0.6525974025974026,0.11702502643637645,0.00012152131509488728,YIL075C,ess,non_ess
1.284528957007805,0.01817019399509855,2,0.6602068371220868,0.026137463697967087,0.35595098588678864,0.9472934472934472,0.08518877057115197,0.0003962268398658232,YPL222W,non_ess,non_ess
-0.1773501102237957,-0.20030128638133185,3,-0.5749605640959101,0.03111739745403112,0.7187292686285063,0.7337662337662337,0.785007072135785,0.002973511636877973,YGL198W,non_ess,non_ess
-0.4057687144787333,-0.1829564222298247,1,0.2293978980659201,0.010678391959798994,0.3502364251814629,1.019018133569217,0.20100502512562807,0.0005360134003350084,YKR023W,non_ess,non_ess
-0.8626059229886085,-0.22428886446320345,0,-0.2750302900694649,0.006750241080038573,0.11437303636420194,2.2297702297702293,0.2719382835101254,0.00048130669647809804,YLR372W,non_ess,non_ess
-0.8169222021376209,-0.2255805032829965,0,-0.7003859514160601,0.0140597539543058,0.35576642426425376,0.1965277777777778,0.5817223198594025,0.001022359085868897,YDR339C,ess,ess
0.9647429110508924,0.03274726067562051,2,1.5381845483631351,0.015501319261213719,0.5595447799232429,0.7730954015099518,0.08773087071240106,0.00018866853916645388,YBL106C,non_ess,non_ess
-0.6798710395846584,-0.2239198248004054,11,-0.8339912553005673,0.026066350710900472,0.414849082932103,0.95733875063484,0.2914691943127962,0.003036137440758294,YDL123W,non_ess,non_ess
1.2388452361568174,0.04363393072816223,1,1.2491608297558336,0.019528371407516586,0.5704537724618787,0.7462131278235449,0.1400147383935151,0.0005983535828782698,YDR409W,non_ess,non_ess
-0.2230338310747832,-0.2086046787942874,10,0.6002207823167978,0.0105,0.1707722772277228,1.1081852095676978,0.2235,0.0008097826086956521,YEL007W,non_ess,non_ess
-0.1316663893728082,-0.11818996140877144,0,-0.22322415182853356,0.02102376599634369,0.3642508422814796,1.052116325942989,0.1983546617915905,0.0008815762746292912,YPL236C,non_ess,non_ess
-1.091024527243546,-0.23665169316693724,0,-1.0575756413930082,0.011363636363636364,0.3447561553030303,0.0,0.4829545454545455,0.002744059917355372,YHR072W-A,ess,ess
-0.36008499362774576,-0.17299235133427804,0,-0.34592290029389744,0.018769551616266943,1.0432826987571515,0.2881619937694703,0.19395203336809172,0.0006711143023117362,YOR143C,ess,ess
-0.6798710395846584,-0.17557562897386422,13,-0.7140191456899893,0.01985559566787004,0.4470309971368107,0.9931506849315068,0.1931407942238267,0.0010383913667947674,YOL129W,non_ess,non_ess
-0.5885035978826834,-0.20639044081749924,3,-0.4713482876140472,0.015834348355663826,0.5648695429194178,0.3438914027149322,0.2996345919610232,0.0005418347051736403,YKR030W,non_ess,non_ess
0.6906405859449671,0.06762150881003381,1,1.9962598759671608,0.011595022624434393,0.25607730817367863,0.9866053578568572,0.1510180995475113,0.0004887317137459913,YPR049C,non_ess,non_ess
-0.36008499362774576,-0.1918133741369773,4,0.07397948334312578,0.012667135819845179,0.33316191197964595,1.1077694235588968,0.2174524982406756,0.0005909035278279228,YIL039W,non_ess,non_ess
0.9647429110508924,-0.08534543141974728,2,1.729049268198146,0.014497223935842072,0.4048374439226647,1.1170212765957448,0.0971622455274522,0.0002076116357424192,YHR119W,non_ess,non_ess
0.05106849403114188,-0.1447608171302292,10,-0.14142498618495758,0.022804054054054054,0.4619888671054474,0.6767477536708305,0.09037162162162164,0.000522379315731917,YIL042C,non_ess,non_ess
-0.1773501102237957,-0.059697174855284585,3,-0.5340609812741222,0.029255319148936167,0.969968283335536,0.20328282828282826,0.2752659574468085,0.0008548632218844984,YJL035C,ess,non_ess
2.4723056991334804,0.15342323041057446,1,0.4229892567557165,0.0443213296398892,0.8190300312183969,0.5445478723404256,0.11246537396121883,0.0012093050963571915,YKR093W,non_ess,non_ess
-0.4971361561807083,-0.1905217353171842,6,-0.8330823756823054,0.03546099290780142,0.5363641193189365,0.1251318101933216,0.21040189125295508,0.001813809407353061,YEL003W,non_ess,non_ess
1.284528957007805,0.0781391391997775,2,0.10942578845534202,0.036986301369863014,0.7816992458057566,0.8301783264746228,0.08561643835616438,0.0005669962805043997,YNL277W,non_ess,non_ess
1.4672638404117548,1.3051960180032085,0,3.125088361848509,0.012138970280452072,0.1934174209920469,1.3122087604846224,0.16115529510255336,0.00019049089255620963,YNL242W,non_ess,non_ess
0.18811965658410446,-0.09235718501290974,0,1.0119432493894631,0.012229922543823893,0.4002793501433508,0.4518518518518518,0.13412148389726866,0.0002451946689163961,YLR222C,ess,ess
0.005384773180154362,-0.15620104667696794,0,0.10942578845534202,0.01780821917808219,0.3750697915990392,1.3347672064777327,1.0,0.0012195121951219512,YNL137C,non_ess,non_ess
-0.36008499362774576,-0.1707781133574899,1,0.6683867536864444,0.008674698795180723,0.25495829471733084,0.8125000000000001,0.3436144578313253,0.0004908777969018933,YIL144W,ess,non_ess
1.37589639870978,0.4302029775090927,1,0.2212179815015625,0.035375868603916616,1.0156730426660041,0.7079004329004328,1.0,0.00746268656716418,YBR214W,non_ess,non_ess
-0.26871755192577074,-0.1980870484045437,0,1.2764272183036922,0.00728862973760933,0.20374262661875372,0.4914285714285714,0.21027696793002915,0.00013241622665618964,YML065W,ess,ess
1.74136616551768,0.2299989604411645,2,1.868107849792225,0.018851251840942558,0.4634633855610996,0.2721480582524272,0.1540500736377025,0.00017173921252809646,YNL192W,non_ess,ess
3.157561511898293,0.7510829643119749,4,0.5538679217854381,0.04874294510005131,0.8579491314227077,0.7777777777777777,1.0,0.00980392156862745,YIL155C,non_ess,non_ess
0.599273144242992,-0.08922034787912653,0,0.6438470039933716,0.01904296875,0.5115129274103138,0.2876955329785519,0.12451171875,0.00013834635416666666,YJL034W,ess,ess
1.7870498863686677,0.8088376715398657,2,1.221894441207975,0.02421758569299553,0.3738231118582296,0.5791260382809679,0.0786140089418778,0.00021019788487133101,YNR013C,non_ess,non_ess
0.7820080276469421,-0.03183468031403375,1,0.3139237025642819,0.02551928783382789,0.5103857566765578,0.9896091044037608,0.2765578635014837,0.0004439131035336816,YGL064C,non_ess,non_ess
-0.36008499362774576,-0.17299235133427804,0,0.6302138097194423,0.008853910477127398,0.1411247132592596,0.1374438021836866,0.2090506640432858,0.00020178635525413692,YMR061W,ess,ess
0.0967522148821294,-0.12206487786815068,0,0.22394462035634835,0.017654476670870115,0.3963430012610341,0.22263450834879409,0.15258511979823455,0.0003853159590864509,YDL143W,ess,ess
0.05106849403114188,-0.02297772840688116,3,-0.5395142589836939,0.03619302949061663,0.8311977606055828,0.6216596343178621,0.1353887399463807,0.0006540518837989406,YPL107W,non_ess,non_ess
-0.04029894767083316,-0.1010296170886633,9,-0.5967736749341971,0.03660322108345535,0.6330033233400729,1.0080000000000002,0.2284040995607613,0.0018419685448448496,YEL038W,non_ess,non_ess
0.05106849403114188,-0.11542216393778625,0,0.8892445009240995,0.011647972389991372,0.3253019844693702,0.2487562189054726,0.1535806729939603,0.00016200492931852352,YKL134C,non_ess,ess
-0.08598266852182067,-0.05268542126212212,0,0.06852620563355405,0.01696113074204947,0.3457506101781355,0.6910621761658033,0.12508833922261486,0.0003802077180018688,YMR239C,ess,non_ess
1.0561103527528672,0.146595996648811,4,0.9001510563432429,0.021030042918454936,0.28191202514478997,0.7160603371783496,0.13261802575107295,0.00039120361578487596,YOR165W,non_ess,non_ess
1.1931615153058301,-0.018180212790506845,2,-0.06507909825095334,0.04100946372239748,1.238968268695491,0.6304945054945054,0.14905362776025236,0.0011924290220820188,YLR130C,non_ess,non_ess
-0.3144012727767583,-0.08091695546617098,0,-0.6649396463038437,0.03125,0.7173687845303868,0.13049747656813265,0.20230263157894732,0.00034405209452201935,YGL047W,ess,ess
0.23380337743509194,-0.15472488802577586,1,-0.12233851420145653,0.025726141078838173,0.6705093783443795,0.7659290855771795,0.12697095435684647,0.0005771407016220294,YPR023C,non_ess,non_ess
-0.8626059229886085,-0.16542703824691854,2,0.251211008904207,0.004331683168316832,0.10249358269160252,0.19852941176470584,0.5228960396039604,0.0006239809541813369,YHR064C,non_ess,ess
1.4672638404117548,0.13146537047409199,1,0.15577864898670174,0.03838517538054269,1.2262744959356575,0.5401049475262368,0.08074123097286565,0.0006408034204195686,YKL175W,non_ess,non_ess
1.6499987238157052,0.1296201721601019,3,0.3275568968382112,0.036470588235294116,1.1758796169630643,0.3489551633191316,0.14411764705882352,0.0007064590542099192,YLR417W,non_ess,non_ess
0.8733754693489172,-0.035156037279215964,7,1.7426824624720751,0.01381639545594105,0.3068865249507847,0.7207602339181287,0.1093030396070003,0.0003070310101320233,YJR035W,non_ess,non_ess
0.23380337743509194,-0.03995355289559028,3,-0.6812994794325589,0.05254237288135593,0.9331596426935408,1.1562499999999998,0.1694915254237288,0.003259452411994785,YPR037C,non_ess,non_ess
1.4672638404117548,0.2390404321797161,5,0.5893142268976543,0.029175050301810862,0.3734676577986437,0.7286356821589205,0.07545271629778671,0.00013793915228114576,YAL048C,non_ess,non_ess
1.284528957007805,0.04713980752474346,0,1.4536587438647737,0.018373596461381415,0.500844553541049,0.8179447052686489,0.11364409663150732,0.000307146207112182,YKL015W,non_ess,non_ess
-0.26871755192577074,0.16670865827130335,0,0.3848163127887144,0.011344299489506524,0.21798849999443906,0.9333732057416266,0.17923993193420307,0.0003133565243604949,YER068W,non_ess,non_ess
-0.7255547604356459,-0.1676412762237067,0,-0.6267667023368415,0.015384615384615384,0.4241480038948393,2.1317460317460317,0.30153846153846153,0.0014927646610814929,YGL037C,non_ess,non_ess
-0.7255547604356459,-0.17133167285168693,0,-0.3213831506008247,0.010141987829614604,0.1904006518610981,0.11359223300970872,0.26774847870182555,0.000271550181239174,YAL003W,ess,ess
-0.8626059229886085,-0.2314851378877649,0,-0.7903650336239935,0.014893617021276596,0.30288371470627595,0.0,0.4063829787234042,0.0008646446355817111,YER074W-A,ess,ess
0.32517081913706697,-0.09567854197809196,1,-0.2913901231981801,0.0323846908734053,0.7661956459555441,0.15807194754563175,0.13542688910696762,0.00023717493714004839,YPL031C,non_ess,ess
0.05106849403114188,-0.1558320070141699,6,0.916510889471958,0.011499148211243612,0.2583770148080199,0.9071390230810522,0.3198466780238501,0.000490562389607132,YLR241W,non_ess,non_ess
-0.8169222021376209,-0.2360981336727402,1,-0.7085658679804175,0.014285714285714284,0.2520764119601329,0.5657894736842106,0.3357142857142857,0.0012668463611859838,YBR217W,non_ess,non_ess
-0.08598266852182067,0.3006700558669862,27,-1.000316225442505,0.100418410041841,1.52999306154202,1.6258169934640518,1.0,0.020408163265306117,YDR525W-A,non_ess,non_ess
-0.9539733646905836,-0.2318541775505629,0,-0.8121781444622804,0.011210762331838564,0.2548674575693932,0.672340425531915,0.437219730941704,0.0009803132980755695,YBR173C,non_ess,non_ess
-0.7255547604356459,-0.21395575390485874,0,-0.5213366666184548,0.013054830287206266,0.986897262078712,0.5542372881355933,0.3368146214099217,0.0005042135051046731,YDR367W,ess,ess
1.92410104892163,0.20674946168488895,4,3.1987076109277277,0.013994649104754064,0.5035356270118307,0.4604172065301891,0.09466968512039514,0.00010346413674360125,YOR191W,non_ess,non_ess
-0.4057687144787333,-0.17631370829946028,5,-0.5222455462367167,0.022222222222222227,0.3085953878406709,1.2435059493883025,0.5372549019607843,0.0013200366141542614,YMR194W,non_ess,non_ess
-0.08598266852182067,-0.15878432431655412,0,-0.002366404590878449,0.017950635751682868,0.5295437546746448,0.20224719101123595,0.2677636499626028,0.00043538804871967937,YOR244W,ess,ess
-0.36008499362774576,-0.17908150577044546,0,-0.6049535914985547,0.02670623145400593,0.7120474777448071,1.4705882352941178,0.2270029673590505,0.0018306690916052454,YMR095C,non_ess,non_ess
-0.9082896438395959,-0.22189010665501627,0,-0.8857973935414988,0.01643835616438356,0.4539643005396429,0.18644067796610173,0.7068493150684931,0.003588067589180168,YOL133W,ess,ess
0.7363243067959546,-0.031650160482634734,2,0.5675011160593674,0.02138492871690428,0.3006531357539153,0.35045317220543803,0.11965376782077393,0.0001884311304264156,YPR190C,ess,ess
0.8733754693489172,-0.10638069219923467,10,0.8565248346666691,0.01971954425942156,0.4420633916712596,0.7928480204342274,0.11524978089395267,0.0001767634676287618,YCL045C,non_ess,non_ess
0.23380337743509194,0.02333674927427089,3,0.09306595532662684,0.021497919556171984,0.535828898728521,0.5166278683072829,0.11997226074895978,0.0006555861243112556,YEL064C,non_ess,non_ess
-0.7255547604356459,-0.20971179778268148,0,-0.5040679538714776,0.012738853503184714,0.33370488322717623,0.2318840579710145,0.3363057324840764,0.000950016193457843,YER126C,ess,ess
1.7870498863686677,0.2161599730862386,17,-0.24231062381203455,0.06057781919850885,1.178440509474992,0.6640502354788069,0.12488350419384905,0.0010153130422264147,YPL015C,non_ess,non_ess
1.2388452361568174,0.040128053931581004,7,1.5954439643136384,0.017124394184168012,0.2796221264243691,0.6110466954780226,0.09822294022617124,0.0001903545353220373,YGR258C,non_ess,non_ess
-0.2230338310747832,-0.14549889645582526,1,-0.3731892888417561,0.022604951560818085,0.5539875261191668,1.0846821487215574,0.18083961248654468,0.0009619128323752377,YOR065W,non_ess,non_ess
0.3708545399880545,-0.13516578589748054,11,-0.08689220908924028,0.02733118971061093,0.6039186394979186,0.5017493986442161,0.18408360128617365,0.0006718379608984437,YDR282C,non_ess,non_ess
-0.7255547604356459,-0.1798195850960415,2,-0.6285844615733654,0.015432098765432096,0.4563175615807194,0.437696335078534,0.4953703703703704,0.003416347381864623,YER007C-A,non_ess,non_ess
-0.7712384812866334,-0.20897371845708546,8,-0.5967736749341971,0.013177159590043924,0.4747031072067676,0.41538461538461535,0.2445095168374817,0.0010273509110818556,YLR118C,non_ess,non_ess
0.0967522148821294,-0.03995355289559028,0,0.8756113066501702,0.0121580547112462,0.2355896110514533,0.17287784679089027,0.19409465914025184,0.0002684573432092003,YNL247W,ess,ess
-0.04029894767083316,-0.1737304306598741,0,0.4857019504157914,0.013340448239060831,0.24285353622290315,0.5797402597402597,0.1616862326574173,0.0005556227926371729,YGR225W,non_ess,ess
-0.1773501102237957,-0.19716444924754864,0,0.23212453692070595,0.013793103448275862,0.32163793103448274,0.35353535353535354,0.18746081504702194,0.0003704759190652608,YDL020C,non_ess,ess
-0.5428198770316959,-0.22004490834102616,1,-0.2668503735051074,0.01338432122370937,0.31716569708311304,1.1540178571428568,0.3355640535372849,0.0005574153713243937,YMR234W,non_ess,non_ess
-0.9996570855415712,-0.2375742923239323,0,-0.16051145816845866,0.0034393809114359416,0.10116003680740976,0.548076923076923,0.4282029234737747,0.0003681882403041915,YDR161W,non_ess,ess
0.32517081913706697,-0.07187548372761939,15,0.1884983152441321,0.021331609566903685,0.6082110142368392,1.5454545454545456,0.12669683257918551,0.0005368509855050234,YDL159W,non_ess,non_ess
0.2794870982860795,-0.14549889645582526,2,0.4311691733200741,0.017640573318632856,0.4777435863680495,0.4225917431192661,0.3395810363836825,0.0006632442116868798,YDR200C,non_ess,non_ess
0.9190591901999048,-0.05286994109352113,0,0.7883588632970224,0.02084277299501586,0.4823332278940934,1.2926829268292683,0.11871318531943816,0.0004619190090250512,YHL016C,non_ess,non_ess
0.7820080276469421,0.09142456706050638,0,0.9928567774059625,0.017680921052631582,0.3350106775254669,1.0075651442981228,0.1147203947368421,0.0005098684210526317,YPL207W,non_ess,non_ess
-0.1316663893728082,-0.12704691331592402,0,0.11487906616491375,0.015688949522510234,0.4303520753296279,0.18488547524345084,0.19440654843110505,0.00015117149955762443,YPL254W,non_ess,ess
-0.1316663893728082,-0.17778986695065235,7,-0.3731892888417561,0.0247578040904198,0.6998331950139278,1.154524089306698,0.18622174381054896,0.0010345652433919386,YIL145C,non_ess,non_ess
-0.5885035978826834,-0.20399168300931209,0,-0.6703929240134154,0.02159468438538206,0.3919516398970849,0.393491124260355,0.3305647840531561,0.0007186190957677308,YPL239W,non_ess,ess
1.3302126778587924,1.89713563713124,0,1.3146001622706944,0.019741564967695614,0.537183989445296,0.7799736495388669,1.0,0.0036496350364963507,YKL171W,non_ess,non_ess
0.2794870982860795,-0.13442770657188452,10,-0.294116762052966,0.031496062992125984,0.6095800524934383,0.7702702702702704,0.1171259842519685,0.0011049621155846084,YJL088W,non_ess,non_ess
-1.091024527243546,-0.23351485603315406,4,-1.0275826139903637,0.009569377990430622,0.28960350135380736,0.0,0.5215311004784688,0.0038067963538574367,YLL009C,non_ess,non_ess
0.23380337743509194,0.3862872576361278,24,-0.3650093722773985,0.03304904051172708,0.5135504557099354,1.415268237544561,0.12153518123667376,0.0008381736637011984,YDL124W,non_ess,non_ess
-1.0453408063925584,-0.23794333198673034,3,-0.9457834483467876,0.010033444816053512,0.2528616515144378,0.8502994011976048,0.8127090301003345,0.003330774713525961,YPL046C,non_ess,non_ess
-0.8169222021376209,-0.22262818598061232,1,-0.4686216487592614,0.009708737864077669,0.2550923281934133,0.3269230769230769,0.2815533980582524,0.00036423466760446624,YDR429C,ess,non_ess
-0.7712384812866334,-0.20085484587552888,0,-0.4468085379209745,0.010613207547169807,0.4248231132075472,0.2376237623762376,0.4433962264150944,0.00138561320754717,YKR025W,ess,ess
1.1017940736038547,-0.06098881367507768,2,2.1589493276360505,0.013458950201884251,0.2714622188040761,1.2118032786885249,0.10928667563930014,0.00026461664803704635,YGL251C,non_ess,non_ess
0.5079057025410171,0.021676070791679783,0,0.6520269205577292,0.017987360233349542,0.43784867434469416,0.2023731048121292,0.180359747204667,0.0002809341856770514,YDR172W,ess,ess
-0.3144012727767583,-0.011537498860142407,1,0.5211482555280077,0.009932043910088863,0.2387802531122957,0.6307754118119727,0.305279665446942,0.0009364406915550367,YOR070C,non_ess,non_ess
-0.3144012727767583,-0.14273109898484004,0,-0.2723036512146791,0.01826923076923077,0.4085119798234552,0.3397382344750766,0.13173076923076926,0.0002124689826302729,YIL019W,ess,non_ess
-0.4057687144787333,-0.1525106500489877,5,-0.5804138418054818,0.02425106990014265,0.5540022190521477,1.187465640461792,0.14122681883024252,0.0007472318456626588,YHR008C,non_ess,non_ess
-0.9539733646905836,-0.2386814113123264,0,-0.26957701235989323,0.004793863854266539,0.07183305369127517,0.0,0.6951102588686481,0.0006664527889440537,YJR141W,ess,ess
0.8276917484979297,0.19254143466716506,19,-0.6049535914985547,0.06528189910979229,1.026661776636771,0.6601369341955116,0.08753709198813056,0.001483679525222552,YNR018W,non_ess,non_ess
2.1525196531765682,0.1491792742883972,3,4.532034010918014,0.0115396775213405,0.4839876513362222,0.30435372304353714,0.184634840341448,0.00011129285132094517,YCR093W,ess,ess
0.6449568650939796,-0.06873864659383618,0,0.18577167638934625,0.02590673575129533,0.6321916425543368,1.0405405405405408,0.08743523316062178,0.00041438499128256765,YKL103C,non_ess,non_ess
0.5079057025410171,-0.013013657511334506,1,0.2539376477589929,0.02285361334156887,0.5144536336630221,0.767885532591415,0.2273008029647931,0.0012627822386932948,YDR061W,non_ess,non_ess
0.6906405859449671,-0.13867166269406178,0,1.7563156567460043,0.012530562347188265,0.2827597937802166,0.23007138607971445,0.16534229828850855,0.00014083671063757117,YPL160W,ess,ess
-1.0453408063925584,-0.22355078513760734,0,-0.6049535914985547,0.004451038575667656,0.08112335735481135,0.4036908881199539,1.0,0.002070393374741201,YKL041W,non_ess,ess
-0.6341873187336708,-0.19255145346257332,6,-0.962143281475503,0.04270462633451957,0.7734854006774429,0.3896713615023474,0.8896797153024911,0.00673999784320069,YER146W,ess,non_ess
-0.26871755192577074,-0.18184930324143064,2,-0.08689220908924028,0.01607717041800643,0.491372062991307,0.4496969696969697,0.4059485530546624,0.0006568746813182242,YGR159C,non_ess,non_ess
1.1931615153058301,0.05359800162370888,0,0.7392793639108769,0.024152345564328843,0.6091758270114052,0.13663967611336034,0.08128193218764515,0.00016223938560408214,YKL104C,ess,ess
-0.4971361561807083,-0.19144433447417927,1,-0.18505120786153145,0.013204225352112676,0.3970991647559777,0.86,0.3415492957746479,0.001447242778706135,YNR074C,non_ess,non_ess
0.5535894233920046,0.1980770296091354,2,0.7829055855874507,0.017264879600181738,0.3374050756149802,0.6894429055093876,0.222626079054975,0.000488215085646875,YJL168C,non_ess,non_ess
-0.04029894767083316,-0.12852307196711613,0,-0.05144590397702402,0.019485580670303967,0.542132155538235,0.3063829787234043,0.14886983632112236,0.00027826137630116327,YKL181W,non_ess,non_ess
1.284528957007805,-0.03552507694201399,0,2.7869851438550617,0.012256014525646845,0.20387408778239466,0.17376775271512113,0.171130276895143,0.00012666933893052776,YNL102W,ess,ess
0.2794870982860795,0.0781391391997775,1,-0.7340144972917523,0.06015037593984963,1.1623950386916195,0.3293269230769231,0.8327067669172933,0.004813333912816725,YDR397C,ess,non_ess
0.7820080276469421,-0.07261356305321544,0,0.7065596976534465,0.02031176192725555,0.42442011440668537,0.21008799497171587,0.1100614076523382,0.00024567278493825486,YBL035C,ess,ess
-0.1316663893728082,-0.09992249810026924,0,0.3057437859999243,0.013723150357995229,0.27927974205377043,0.3833703586163123,0.22613365155131265,0.0005222486179014148,YGL244W,non_ess,ess
1.37589639870978,-0.01688857397071376,2,1.7099627962146449,0.017385904998447686,0.3851794422308023,0.9134316770186336,0.09810617820552624,0.0002477428742563794,YFL034W,non_ess,non_ess
-0.4514524353297208,-0.1526951698803867,0,-0.314112113654729,0.01609657947686117,0.35926977389450865,0.3601973684210525,0.2605633802816901,0.0004271530824290002,YBL050W,ess,ess
0.23380337743509194,-0.1401478213452539,0,-0.16051145816845866,0.026655202063628543,0.5710335725003672,0.1089854482548082,0.17540842648323302,0.000350816852966466,YEL046C,non_ess,ess
2.792091745090393,0.4864815260857914,8,-0.4468085379209745,0.10259433962264153,1.7238957975986278,1.0643335048893463,0.07783018867924528,0.001691960623461854,YNR002C,non_ess,non_ess
1.4215801195607674,0.1432746396836288,0,0.9083309729076005,0.02436938862761864,0.5354496223457318,0.6140350877192984,0.14621633176571186,0.0009313142150682283,YGL009C,non_ess,non_ess
-0.4514524353297208,-0.2150628728932528,0,-0.7849117559144217,0.03361344537815126,0.8388488138618279,0.0,0.17016806722689076,0.0007366582996835097,YJL143W,ess,ess
2.6550405825374304,0.6021754603729721,14,0.5047884223992924,0.04432717678100264,0.7903334132885584,0.8055222088835534,0.06490765171503958,0.0004917246342048453,YCR061W,non_ess,non_ess
1.37589639870978,-0.01615049464511771,2,1.7017828796502872,0.017434620174346202,0.5663863252529043,0.4697554697554697,0.21357409713574094,0.0006432954733004246,YHR154W,non_ess,non_ess
-0.1773501102237957,-0.18627777919500693,1,1.0337563602277502,0.008881711748082357,0.21002636016053566,0.8916083916083918,0.15542995559144127,0.00014391662554763082,YMR089C,non_ess,non_ess
-1.091024527243546,-0.23960401046932145,0,-0.454988454485332,0.0023837902264600714,0.05087267049181842,0.0,0.8498212157330155,0.0010128977541513894,YPL129W,non_ess,ess
0.23380337743509194,0.13700096541606238,12,-0.33501634487475396,0.03192584963954686,0.7003733264675592,1.1074224866896336,0.2090628218331617,0.0015601703121877735,YGR007W,non_ess,non_ess
-1.1367082480945336,-0.2388659311437254,0,-0.9975895865877192,0.004132231404958678,0.08779179353342033,1.2837837837837838,0.8677685950413223,0.0035858206406666213,YDR086C,ess,non_ess
1.1474777944548422,0.008206123099551894,2,0.7719990301683073,0.02329830973047053,0.6050222479613531,0.9449974861739568,0.10232983097304706,0.0003694217724658738,YGL203C,non_ess,non_ess
-0.08598266852182067,-0.07722655883819074,1,-0.36228273342261264,0.025504782146652496,0.4489864405967096,0.8719405594405595,0.3868225292242296,0.0010745070256228599,YGR282C,non_ess,non_ess
0.005384773180154362,-0.18498614037521385,2,1.240980913191476,0.009611829944547136,0.2909810813813723,0.6842948717948718,0.133086876155268,0.00013921221355153558,YPL150W,non_ess,non_ess
0.8733754693489172,0.017801154332300527,0,3.245060471459087,0.009164969450101831,0.2015870930199818,0.2308510638297872,0.11588594704684314,5.008035741004459e-05,YNL297C,non_ess,ess
-0.08598266852182067,-0.14549889645582526,6,-0.193231124425889,0.021295474711623786,0.6350985781375116,0.5899280575539568,0.1401952085181899,0.0005965753553965527,YBR204C,non_ess,non_ess
-0.5885035978826834,0.3785374247173693,2,-0.3650093722773985,0.013859275053304905,0.369951597590774,1.0671859785783837,0.2185501066098081,0.0007833337154473409,YDL236W,non_ess,non_ess
-0.6798710395846584,-0.2143247935676568,0,0.8647047512310266,0.004801396769969445,0.10637615126891208,0.2536189924724957,0.44478393714535136,0.0005054362922106264,YHR197W,ess,ess
0.05106849403114188,-0.10970204916441688,0,0.06579956677876818,0.019121813031161474,0.4743970851349337,0.9876543209876544,0.2769121813031161,0.0010733030283066516,YMR027W,non_ess,non_ess
0.6449568650939796,-0.053238980756319165,3,0.6274871708646564,0.019704433497536943,0.4534589847933176,0.3914893617021277,0.1103448275862069,0.0003778932451582428,YOL023W,non_ess,non_ess
-0.7255547604356459,-0.2202294281724252,0,-0.05689918168659575,0.007830853563038372,0.1742263481849055,0.25394736842105264,0.22161315583398591,0.0002532721780959839,YNL207W,ess,ess
-0.5885035978826834,-0.1709626331888889,5,-0.678572840577773,0.02192242833052277,0.4574594224283305,1.1583710407239818,0.2360876897133221,0.0012625010145097435,YIL157C,non_ess,non_ess
-0.7255547604356459,-0.218015190195637,0,-0.6703929240134154,0.016611295681063124,0.3154959658281917,0.12334801762114538,0.2790697674418605,0.0006959345821492777,YKL196C,ess,ess
1.37589639870978,0.14235204052663375,2,2.8796908649177815,0.012422360248447204,0.31276911938421675,0.4225230414746544,0.0740905057675244,0.00014998078090591984,YBL079W,non_ess,non_ess
0.5535894233920046,0.23387387690054376,0,1.4400255495908445,0.012995896032831735,0.4979233166134671,0.5002605523710266,0.19117647058823528,0.00020690094219505983,YAR019C,ess,ess
-0.5885035978826834,-0.21377123407345971,0,-0.13597170847538584,0.010924369747899159,0.18398494532948315,0.0,0.5210084033613446,0.0006654002597207466,YNR043W,ess,ess
0.05106849403114188,-0.1953192509335585,0,1.1510018309835426,0.010360706062931695,0.2480853203482679,1.2852168407723965,0.42517267843438217,0.0005638894939448039,YLL005C,non_ess,non_ess
1.4672638404117548,0.034407939158211616,0,0.8510715569570974,0.025483304042179262,0.5397733715063212,0.9234256111380929,0.14367311072056238,0.0005186754899659292,YKL034W,non_ess,non_ess
-0.8626059229886085,-0.2222591463178143,0,-0.3977290385348289,0.0077605321507760545,0.1625641542492984,0.0,0.24390243902439024,0.0006022282445046673,YOR287C,ess,ess
-0.36008499362774576,-0.1130234061295991,0,1.0528428322112513,0.007205764611689352,0.22082520385240234,0.9432234432234432,0.2421937550040032,0.00036310907796702126,YPR029C,non_ess,non_ess
1.1017940736038547,-0.006370943580970067,0,0.2730241197424939,0.03048780487804878,0.7030033731188375,0.2169230769230769,0.21280487804878048,0.0002704000991725292,YDR188W,ess,ess
4.573756858278906,0.4979217556325302,4,2.876964226062995,0.02796892341842397,0.6770810210876803,1.0282439623413837,0.045283018867924525,0.00015888778550148956,YDR011W,non_ess,non_ess
0.2794870982860795,0.18516064141120456,5,-0.24503726266682044,0.029906542056074768,0.620002789789371,1.8366228070175439,0.10093457943925234,0.0007704929728187201,YDL144C,non_ess,non_ess
-0.6341873187336708,-0.008216141894960189,2,-0.3241097894556105,0.012207527975584944,0.3325626560621474,1.0,0.34893184130213634,0.0010938302235176688,YHR104W,non_ess,non_ess
-0.2230338310747832,-0.14420725763603215,5,-0.6104068692081264,0.03143712574850298,0.6994316451842079,0.7283950617283951,0.11077844311377244,0.0004795603597998809,YCR051W,non_ess,non_ess
-0.04029894767083316,-0.17723630745645533,4,-0.2559438180859639,0.023629489603024568,0.5968771861929357,0.5913227513227514,0.31758034026465026,0.0006351606805293005,YDL226C,non_ess,non_ess
0.18811965658410446,-0.14310013864763807,0,0.013993428537836741,0.022140221402214017,0.41540009805692457,0.14895833333333336,0.0974169741697417,0.0003850473287341569,YMR220W,ess,ess
0.4622219816900296,0.0810914565021617,3,1.1101022481617546,0.014057008980866849,0.2355813123807865,0.7049331489165513,0.22803592346739554,0.0004978950294047936,YFR038W,non_ess,non_ess
-0.36008499362774576,-0.202146484695322,0,0.8837912232145277,0.007785467128027681,0.21670622551402668,0.0781653746770026,0.2781141868512111,0.00025919309119404576,YJL033W,ess,ess
0.005384773180154362,-0.15472488802577586,3,0.4257158956105024,0.014380530973451329,0.4012168141592921,0.8530083777608529,0.1825221238938053,0.0009866060751016505,YMR284W,non_ess,non_ess
0.005384773180154362,-0.18646229902640596,0,0.7092863365082324,0.012264150943396229,0.39861240375666296,0.924458774758176,0.1919811320754717,0.0005038874857623927,YNL021W,non_ess,non_ess
0.9190591901999048,0.0008253298435914072,7,0.12305898272927135,0.031186440677966106,0.5440949877639808,0.2751839464882943,0.1023728813559322,0.00030742607013793454,YML126C,ess,non_ess
2.8377754659413803,0.6329902722166071,6,1.9090074326140132,0.02558139534883721,0.9867722803184016,0.8319945141065831,0.0566860465116279,0.00013091465707073418,YLR410W,non_ess,non_ess
-0.26871755192577074,-0.08054791580337296,0,1.077382581904324,0.007920792079207921,0.30082334549244394,0.75,0.24712871287128715,0.000295608508219243,YCL054W,ess,non_ess
0.599273144242992,-0.00489478492977797,2,1.2655206628845488,0.014275256222547585,0.2699861906029549,0.987179487179487,0.22913616398243045,0.0006799292699775384,YKR089C,non_ess,non_ess
-0.9996570855415712,-0.19919416739293774,2,-1.0521223636834365,0.02197802197802198,0.3828663828663829,0.28706896551724137,0.4945054945054945,0.00415550835718903,YNL070W,non_ess,ess
-0.7712384812866334,-0.21875326952123306,0,1.1355508774730894,0.003476245654692932,0.11376225871181075,0.33333333333333337,0.4889918887601391,0.00023131120565758707,YJL041W,ess,ess
2.2438870948785428,0.7045839667994238,5,2.108052069013381,0.020497403662202787,0.4635733229659454,0.8312195121951219,0.12954359114512162,0.0003701245461289189,YMR109W,non_ess,non_ess
-0.4514524353297208,-0.19421213194516448,0,-0.3377429837295399,0.016528925619834708,0.3056363365841122,0.18300718849840256,0.17458677685950413,0.00021421690412209093,YCR002C,non_ess,ess
-0.7255547604356459,-0.2084201589628884,2,-0.3895491219704713,0.010976948408342482,0.15523371070006714,1.3234567901234568,0.2886937431394073,0.0003754144904283579,YFR031C-A,non_ess,non_ess
0.18811965658410446,-0.14586793611862325,10,-0.454988454485332,0.035756853396901066,1.070015927093991,0.9195618153364632,0.14779499404052446,0.0006717954274569293,YLL023C,non_ess,non_ess
0.6449568650939796,0.30491401198916346,0,0.7229195307821616,0.01873536299765808,0.6584141853462697,0.4846938775510204,0.09133489461358314,0.0003953891541713556,YKL220C,non_ess,ess
4.208287091471005,0.3477226128737343,3,2.904230614610854,0.026019845644983462,0.5317629826579473,2.0433335620668363,0.04476295479603088,0.00013858499936851662,YOR153W,non_ess,non_ess
2.6093568616864427,0.015033356861315343,0,5.262773224000627,0.011640953716690041,0.23556763285024154,0.6180722891566265,0.1112201963534362,5.1467004328290697e-05,YIL129C,ess,non_ess
-0.9996570855415712,-0.23037801889937085,4,-0.435901982501831,0.004651162790697674,0.12370113805047005,2.1924198250728866,0.5151162790697674,0.001278204166426222,YGR034W,non_ess,non_ess
1.0104266319018798,-0.004710265098378958,2,0.1339655381484148,0.03227975790181574,0.5543958420311847,0.35320378151260506,0.08137188971082716,0.00032036177051506757,YBR126C,non_ess,non_ess
-0.04029894767083316,-0.11874352090296847,3,0.20213150951806144,0.016005121638924456,0.304232565688626,1.0142857142857142,0.2791293213828425,0.001053318193897519,YER073W,non_ess,non_ess
2.1525196531765682,0.07574038139159034,0,2.827884726676849,0.01640080880700966,0.3874598315900337,0.7601834530203367,0.08335205571781623,0.00015182523810166888,YKL010C,non_ess,non_ess
3.4316638370042183,0.4302029775090927,5,2.258017206026604,0.026412133891213392,0.6533701621338912,0.6223479490806223,0.12081589958158995,0.0001993661709267161,YLR436C,non_ess,non_ess
0.05106849403114188,-0.11579120360058427,22,0.027626622811766068,0.01970802919708029,0.3995972816511452,0.9727463312368972,0.1145985401459854,0.00020950372970015614,YDR375C,non_ess,non_ess
-0.5428198770316959,-0.2194913488468291,0,-0.4140888716635441,0.01583710407239819,0.2559430526431961,0.7388597640891218,0.7239819004524887,0.001270143685004366,YHL034C,non_ess,non_ess
-0.3144012727767583,-0.11080916815281094,0,0.2784773974520657,0.011543134872417985,0.2148597150115984,1.0637119113573406,0.14580801944106925,0.00046584031770309666,YNL291C,non_ess,non_ess
-0.08598266852182067,0.19401759331835716,2,-0.7140191456899893,0.04332129963898917,0.8333265728308927,0.9102272727272728,0.19855595667870035,0.001218134703550309,YER042W,non_ess,non_ess
-1.0453408063925584,-0.2375742923239323,0,-0.7767318393500642,0.006185567010309278,0.13496830377153102,0.0,0.6824742268041237,0.0014071633542353064,YOR257W,ess,ess
0.14243593573311691,-0.1342431867404855,0,1.4318456330264866,0.009948542024013723,0.17295674748504938,0.6140512631384842,0.10566037735849056,0.00019422863485016648,YMR080C,non_ess,ess
-0.5885035978826834,-0.21967586867822814,0,-0.14415162503974344,0.01100762066045724,0.25444726691128045,0.21236432279377065,0.2133784928027096,0.00019000756260259086,YDR245W,non_ess,ess
0.14243593573311691,-0.060804293843678664,4,0.00036023426390741585,0.021641791044776117,0.3614308696040753,0.595719381688466,0.22238805970149253,0.0013316650281526498,YHR004C,non_ess,non_ess
0.005384773180154362,0.20361262455110574,4,-0.11415859763709893,0.0214168039538715,0.4751103789126854,0.9206219312602292,0.1787479406919275,0.0011916529379461837,YLR107W,non_ess,non_ess
0.05106849403114188,-0.15011189224080054,0,-0.22595079068331936,0.024747937671860683,0.7489462383325034,0.5891946992864424,0.14298808432630614,0.0005218543223587817,YCR019W,non_ess,ess
0.23380337743509194,-0.07648847951259469,0,0.2621175643233505,0.019041769041769043,0.6275528681598046,0.9769829725335843,0.2880835380835381,0.0009476432173800596,YIL166C,non_ess,non_ess
0.8733754693489172,0.3148780828847101,3,0.1721384821154169,0.029431000654022238,0.4441336238592734,0.8066875653082548,0.15434924787442772,0.0006029267495094832,YLR345W,non_ess,non_ess
-0.26871755192577074,-0.14125494033364794,6,0.09033931647184096,0.013898540653231407,0.3683113273106324,0.7289719626168223,0.18554551772063926,0.0007963326940799972,YDR198C,non_ess,non_ess
0.2794870982860795,0.05636579909469407,3,0.4011761459174296,0.017967434025828188,1.0341802358225716,0.625514403292181,0.12071869736103312,0.00037374209709298186,YAL067C,non_ess,non_ess
0.14243593573311691,0.01650951551250744,3,0.43389581217486,0.015960374243258118,0.3637107506122366,0.8887147335423198,0.5019262520638414,0.003302146395156852,YHL019C,non_ess,non_ess
1.2388452361568174,0.25490913768003115,0,0.14759873242234414,0.035286284953395475,0.5449673388335817,0.1515702375728703,0.0985352862849534,0.000246955604724194,YAL038W,ess,ess
0.6906405859449671,-0.004341225435580933,0,-0.2477639015216063,0.038425492033739454,0.8149463010123824,1.6910975609756096,0.18181818181818185,0.0011086474501108647,YMR244W,non_ess,non_ess
-0.04029894767083316,-0.16062952263054422,8,0.28665731401642325,0.015105740181268885,0.3961273216311649,0.7899999999999999,0.2930513595166163,0.0003815772910372608,YDL225W,non_ess,non_ess
1.4215801195607674,0.10194219745025007,10,0.5893142268976543,0.02867203219315896,0.5973481840598488,0.4439255134423088,0.06690140845070422,0.0003328428281129563,YFR048W,non_ess,non_ess
-0.7712384812866334,-0.2161699918816469,0,-0.23413070724767696,0.00831792975970425,0.1993545817546798,0.6748695003728561,0.2920517560073937,0.0004992337709528097,YLR215C,ess,ess
-0.8169222021376209,-0.218015190195637,0,-0.7494654508022055,0.015533980582524271,0.2459831430705217,0.0,0.5067961165048543,0.0010115690948200686,YDR404C,ess,ess
0.18811965658410446,-0.10047605759446628,4,-0.3650093722773985,0.031982942430703626,0.6932819908983865,1.9646616541353383,0.1535181236673774,0.0011371712864250178,YOR120W,non_ess,non_ess
3.2946126744512547,0.22169556802820894,2,1.584537408894495,0.03178722024002595,0.4895007272297989,0.7563168124392615,0.08757703535517353,0.0003649043139798897,YLR389C,non_ess,non_ess
1.1017940736038547,-0.03755479508740312,0,1.9171873491783704,0.014496955639315743,0.2726542810625153,0.4041450777202073,0.16410553783705426,0.00010882330095295372,YOR207C,ess,ess
0.6906405859449671,-0.03921547356999423,3,0.3902695904982861,0.023176936122102882,0.6216911680613781,0.8079916969382461,0.14810627473148671,0.00038569342377991334,YGR287C,non_ess,non_ess
0.18811965658410446,-0.08165503479176703,4,-0.15778481931367278,0.025728987993138937,0.4891626383907687,0.852112676056338,0.1998284734133791,0.0010407732990280162,YPR054W,non_ess,non_ess
-0.4057687144787333,-0.059697174855284585,3,-0.6840261182873447,0.02896081771720613,0.6879613855763771,1.0769230769230769,0.16695059625212946,0.0012647772443343142,YIR032C,non_ess,non_ess
-0.2230338310747832,-0.08239311411736308,1,0.2048581483728473,0.0134185303514377,0.24378653413797186,0.4038893044128646,0.29329073482428114,0.00044303736378290204,YCL004W,non_ess,ess
0.05106849403114188,-0.10435097405384552,0,0.5402347275115087,0.013960703205791106,0.2268743059716016,0.9818840579710144,0.15098241985522234,0.00047930926938165823,YHR039C,non_ess,non_ess
-0.6798710395846584,-0.1750220694796672,6,-0.3513761780034692,0.011542497376705142,0.2852234576203772,1.688630170918999,0.4879328436516264,0.0034852345975116173,YPR013C,non_ess,non_ess
0.9647429110508924,-0.04770338581434879,1,-0.25321717923117804,0.04429783223374175,0.7561007136124949,0.19726645061293505,0.08294062205466543,0.0007540056550424129,YBL016W,non_ess,non_ess
0.6449568650939796,-0.06523276979725495,6,-0.5804138418054818,0.05706134094151213,1.1919997670965676,0.2459839357429719,0.16262482168330955,0.002356881473671153,YPL002C,non_ess,non_ess
0.14243593573311691,-0.15454036819437686,11,-0.3213831506008247,0.029411764705882363,0.5668627450980392,1.0526315789473684,0.14097363083164302,0.001165071329187132,YGR015C,non_ess,non_ess
-0.3144012727767583,-0.17446850998547014,0,0.7201928919273758,0.008911819887429643,0.22385084427767352,0.4761904761904763,0.3480300187617261,0.00032495800071122885,YOR206W,ess,ess
0.005384773180154362,-0.11782092174597343,1,0.04671309479526712,0.018691588785046728,0.4101095367299768,1.1341463414634148,0.18260244428468728,0.0005742215229078216,YCL048W,non_ess,non_ess
0.14243593573311691,-0.005632864255374018,0,-0.09779876450838372,0.02353896103896104,0.5182701070858966,0.26418242491657395,0.13474025974025974,0.0002836637047163363,YMR116C,non_ess,ess
0.05106849403114188,6.70885928052328,2,-0.6158601469176981,0.04078549848942598,1.7911912311802451,0.18869395711500972,0.1510574018126888,0.00038535051482828776,YBL093C,non_ess,non_ess
1.6043150029647175,0.012450079221729174,1,1.8981008771948693,0.017794632438739792,0.2970683542798534,0.8766554513565753,0.09626604434072346,0.0003198207453180181,YDR507C,non_ess,non_ess
0.9647429110508924,0.3145090432219121,0,0.8756113066501702,0.020408163265306117,0.4325832897261468,0.3234210085441448,0.11897524967433785,0.00013915233880039513,YGR245C,ess,ess
0.599273144242992,-0.10951752933301788,1,1.1973546915149025,0.014678208505833647,0.3580483121283694,0.7400981996726678,0.16672939405344372,0.0002392100345099623,YOR058C,non_ess,non_ess
1.9697847697726176,-0.01079941953454636,3,2.9233170865943547,0.015144863915715541,0.26014709366333605,0.9253819036427732,0.07550482879719053,0.0001681622022209143,YKL101W,non_ess,non_ess
1.1017940736038547,0.07371066324620121,3,1.5572710203466364,0.016377333770062234,0.7248676165520253,0.9239097744360903,0.12905339010809042,0.00019612977220074531,YDL240W,non_ess,non_ess
0.599273144242992,0.0008253298435914072,3,-0.2886634843433943,0.03816046966731898,1.259983075051568,0.7288930581613509,0.11643835616438356,0.0006889843560022698,YHR156C,non_ess,non_ess
0.23380337743509194,-0.05176282210512706,9,-0.28321020663382257,0.030155642023346307,0.4991241674397995,1.357415060919972,0.1303501945525292,0.0007364417771329332,YEL004W,non_ess,non_ess
-0.4514524353297208,-0.19089077497998225,0,0.24030445348506355,0.00997506234413965,0.20975229909416185,0.3764880952380952,0.300498753117207,0.0005058901567629747,YDR299W,ess,ess
2.700724303388418,0.5554919430290219,0,-0.02417951542916537,0.06473724295506474,1.0094269416380115,0.6633776091081595,0.11576542269611576,0.0016777597492190696,YHR001W,non_ess,non_ess
1.284528957007805,0.2934737824424247,4,0.5211482555280077,0.028227914270778882,0.815239016626226,0.7905604719764011,0.16100365917407214,0.0009147935180345008,YHR161C,non_ess,non_ess
1.3302126778587924,0.015955956018310406,3,1.221894441207975,0.020491803278688527,0.3198405569279137,0.6806526806526807,0.26341281669150524,0.0005545532982979056,YPL249C,non_ess,non_ess
0.9190591901999048,-0.024822926720871285,0,0.11760570501969962,0.031313818924438394,1.3203993646471524,0.9180817316663556,0.09326072157930564,0.0005721516661307094,YPR138C,non_ess,non_ess
-0.4057687144787333,-0.17871246610764746,3,-0.7740052004952783,0.03483606557377049,0.7735078503809744,0.9943977591036414,0.6168032786885246,0.00656173700732473,YDR155C,non_ess,non_ess
-1.1367082480945336,-0.23978853030072045,0,-0.6731195628682013,0.001669449081803005,0.05254505809001397,1.3243243243243243,0.5275459098497496,0.0011345073330102141,YLR009W,ess,non_ess
1.4672638404117548,0.9352337560481891,7,-0.8694375604127835,0.1514360313315927,3.7836517333195454,1.1194581280788178,1.0,0.05,YKL086W,non_ess,non_ess
-0.6341873187336708,-0.16874839521210078,0,-0.3813692054061137,0.013043478260869565,0.7371958516154767,0.19963369963369965,0.3141304347826087,0.0005849728766901466,YAR015W,non_ess,ess
0.14243593573311691,-0.096232101472289,0,0.33301017454778303,0.016998827667057445,0.2733934529714131,0.20376175548589345,0.16354044548651814,0.00012105140302480991,YKR002W,ess,ess
0.23380337743509194,0.010973920570537076,6,-0.2859368454886084,0.030243902439024382,0.9593647192285876,0.7926267281105991,0.2068292682926829,0.001407001825120292,YDR411C,non_ess,non_ess
-0.36008499362774576,-0.1967954095847506,1,-0.4686216487592614,0.021844660194174758,0.4263380109325284,0.9046783625730994,1.0,0.008196721311475409,YDR503C,non_ess,non_ess
0.05106849403114188,-0.0630185318204668,0,-0.6485798131751285,0.04313099041533546,0.982754294699162,0.5563878485226799,0.18370607028754,0.0008312491868214478,YPR107C,ess,non_ess
-0.3144012727767583,-0.14402273780463315,1,-0.06235245939616747,0.014948859166011016,0.5104248623131392,0.5925925925925927,0.12981904012588513,0.0005718900446074237,YJL036W,non_ess,non_ess
-0.1316663893728082,-0.13664194454867265,0,-0.5340609812741222,0.03058510638297872,0.8080741953082379,0.5344462439267472,0.14893617021276595,0.0006532288167226578,YGR158C,ess,non_ess
-0.8626059229886085,-0.2318541775505629,0,-0.5340609812741222,0.009308510638297872,0.18351836961900048,0.0,0.3484042553191489,0.00046702983286749187,YML092C,ess,ess
1.1017940736038547,0.07057382611241801,0,1.104648970452183,0.019569471624266144,0.4165335903883117,0.3449606299212599,0.2598825831702544,0.00015963303634536512,YOR373W,ess,ess
0.8733754693489172,0.06706794931583678,2,1.36367966165684,0.01584507042253521,0.2937192118226601,0.7293413173652695,0.14612676056338028,0.000541210224308816,YBR086C,non_ess,non_ess
0.05106849403114188,-0.16819483571790372,0,0.06852620563355405,0.01908127208480565,0.3996392300279226,1.3909465020576133,0.0833922261484099,0.0002798396850617782,YMR223W,non_ess,non_ess
0.8733754693489172,-0.1054580930422396,0,0.39572286820785785,0.02535211267605634,1.7066398390342052,0.2,0.12225352112676055,0.0003434087672100016,YDR037W,ess,non_ess
-0.08598266852182067,-0.1401478213452539,1,0.06307292792398231,0.017033356990773598,0.38364736677426986,0.20514705882352946,1.0,0.0017985611510791368,YDR473C,ess,non_ess
-0.8626059229886085,-0.2111879564338736,6,-1.000316225442505,0.029288702928870293,0.580212912451671,0.35545556805399325,0.4100418410041841,0.004271269177126918,YDR379C-A,non_ess,non_ess
-0.8169222021376209,-0.21875326952123306,0,-0.5858671195150535,0.011510791366906477,0.3323538352416658,0.17574257425742576,0.241726618705036,0.0003988888097442838,YOL149W,ess,ess
-0.08598266852182067,-0.11044012849001293,0,0.14487209356755826,0.016010673782521682,0.34658399717458704,0.2924311926605504,0.133422281521014,0.00046166879419035984,YKL035W,ess,ess
1.0104266319018798,-0.03497151744781695,5,1.0119432493894631,0.019567876070118215,0.4012062537290465,0.7562099358974358,0.19567876070118226,0.0009783938035059113,YDL095W,non_ess,non_ess
0.05106849403114188,-0.11376148545519515,5,0.21576470379199075,0.017121116043119847,0.4323481826963536,0.5724279835390945,0.17184527584020293,0.0006460348715797103,YML096W,non_ess,non_ess
-0.4057687144787333,0.1298046919915009,8,-0.7740052004952783,0.03483606557377049,0.6894934203189472,0.9708978328173375,0.15778688524590165,0.002390710382513661,YOR357C,non_ess,non_ess
0.6449568650939796,-0.03201920014543276,6,0.7556391970395919,0.01842468908337172,0.3292851445326982,1.1112149532710285,0.12252418240442192,0.000542142400019566,YDR333C,non_ess,non_ess
0.05106849403114188,-0.18535518003801185,0,0.1748651209702028,0.01762402088772846,0.3269111415486025,0.19753086419753085,0.19843342036553524,0.0002645778938207137,YMR300C,non_ess,ess
-0.3144012727767583,-0.16653415723531262,0,-0.4877081207427624,0.023661270236612703,0.5704423628783367,0.3352226720647773,0.25155666251556663,0.0003132710616632212,YPR183W,ess,ess
0.0967522148821294,-0.1299992306183082,1,-0.032359431993522966,0.02147239263803681,0.4185774539877301,0.6408544726301735,0.2569018404907976,0.0007623200014563727,YDL097C,ess,non_ess
0.4622219816900296,-0.12317199685654474,0,0.3548232853860699,0.02080924855491329,0.3613129644921552,0.33482810164424515,0.09421965317919076,0.0001304981345972171,YLR196W,ess,non_ess
1.6043150029647175,-0.0098768203775513,3,2.7297257279045586,0.014045590605572185,0.209297541049786,0.3732592984311652,0.08933916647478701,0.00031568610061762195,YMR190C,non_ess,non_ess
-0.9539733646905836,-0.21967586867822814,0,-0.3213831506008247,0.005070993914807302,0.1092451683981837,0.0,0.3965517241379311,0.0004021822760019585,YKR062W,ess,ess
4.802175462533843,0.404739240776029,2,4.632919648545092,0.02035109523069753,0.3553088603896781,1.1628766572920852,0.05996582258816219,7.678082277613598e-05,YDL171C,non_ess,non_ess
1.4215801195607674,0.06577631049604367,0,1.7944886007130068,0.0171997585998793,0.2997792072066768,0.21978557504873286,0.09776704888352444,0.00012344324353980358,YGR094W,ess,ess
-0.1773501102237957,-0.14549889645582526,1,0.3302835356929971,0.012918379330593073,0.27639834584775297,0.8073467230443974,0.1103934233705226,0.00041974685692213923,YPL030W,non_ess,non_ess
0.4622219816900296,-0.1860932593636079,0,1.5327312706535636,0.011896893588896229,0.29703013443925536,0.03486590038314177,0.12128222075346992,4.0644175855720474e-05,YKL173W,ess,ess
-0.36008499362774576,-0.0750123208614026,7,-0.10325204221795546,0.01468189233278956,0.21915410018700515,0.8994301994301993,0.2610114192495921,0.000703534822775181,YJR125C,non_ess,non_ess
1.284528957007805,0.017616634500901514,0,2.697006061647128,0.012537729277919666,0.32024335630211753,0.6604477611940299,0.10401671697237057,0.00018912130358612832,YLR419W,non_ess,non_ess
-0.8169222021376209,-0.22890186024817874,0,-0.9076105043797856,0.02346041055718475,0.587505554074469,0.18922018348623854,0.3782991202346041,0.0025389202700309,YPL098C,non_ess,ess
-0.2230338310747832,-0.16118308212474128,0,-0.1386983473301717,0.017691659646166806,0.2878130971705673,0.4573144573144574,0.2266217354675653,0.0005825751554436125,YOR184W,non_ess,ess
-0.1773501102237957,-0.0842383124313532,0,-0.21231759640939007,0.019891500904159132,0.4502797775427344,0.6628186628186626,0.17540687160940324,0.0009135774562989752,YGR173W,non_ess,non_ess
0.0967522148821294,-0.08922034787912653,0,0.9901301385511764,0.011527377521613832,0.18140451994539664,0.4697802197802197,0.2025524907369288,0.00029144243271500537,YOR168W,ess,ess
-0.7712384812866334,-0.2161699918816469,2,0.1830450375345604,0.005840363400389357,0.16335408385209632,1.1998277347114557,0.3238157040882544,0.0005451442829768592,YDR169C,non_ess,non_ess
-0.4057687144787333,-0.14402273780463315,1,0.4011761459174296,0.009545199326221223,0.6025243629483206,0.6747899159663866,0.26277372262773724,0.0004830399313009876,YDR101C,non_ess,non_ess
0.599273144242992,-0.06412565080886087,8,0.15032537127713,0.02591362126245848,0.6138820845936431,0.6859864672364672,0.11561461794019935,0.00043139782813507216,YJR051W,non_ess,non_ess
0.3708545399880545,-0.0098768203775513,3,-0.5313343424193363,0.045033112582781455,1.0764733426985085,0.7896311066799602,0.13642384105960265,0.001324503311258278,YOR289W,non_ess,non_ess
-1.0453408063925584,-0.23333033620175506,0,-0.8830707546867129,0.008152173913043478,0.15774700598802394,0.0,0.4972826086956522,0.0013513114366729678,YKL058W,ess,ess
-0.1773501102237957,-0.0842383124313532,1,-0.37864256655132783,0.023835319609967497,0.3944495374614551,1.1345454545454543,0.16793066088840736,0.0013542795232936078,YDL119C,non_ess,non_ess
0.2794870982860795,-0.055637738564506316,1,1.6363435471354264,0.01019108280254777,0.2020683514827752,1.083074534161491,0.1178343949044586,0.0003044816405799964,YJL084C,non_ess,non_ess
0.5535894233920046,-0.03441795795361992,2,1.6145304362971395,0.012195121951219513,0.3456497997815799,0.4068825910931175,0.1514762516046213,0.00020387113271146882,YPL009C,non_ess,non_ess
-0.26871755192577074,-0.10416645422244653,0,0.5375080886567228,0.010357327809425169,0.17457015643036722,0.5901098901098902,0.12998446400828587,0.0002789366180435319,YDR398W,ess,ess
0.5535894233920046,-0.0615423731692747,0,-0.22049751297374767,0.03463992707383773,0.5805727286953023,0.8725200852598787,0.227894257064722,0.0004737926342301912,YKR042W,non_ess,non_ess
-0.9539733646905836,-0.2322232172133609,0,-0.7985449501883509,0.010845986984815618,0.19300566107613354,0.0,0.4099783080260304,0.0008893238785814108,YMR260C,ess,ess
0.2794870982860795,-0.09881537911187516,1,0.10124587189098444,0.022053756030323914,0.6258703866536752,0.7503360215053764,0.17643004824259131,0.0012167589533971814,YBR288C,non_ess,non_ess
0.005384773180154362,-0.1510344913977956,2,0.04943973365005299,0.01865136298421808,0.42010837012996055,0.6990950226244345,0.11262553802008607,0.0003444206055660125,YOR123C,non_ess,non_ess
-0.7712384812866334,-0.19734896907894767,10,-0.6703929240134154,0.014950166112956813,0.3434685070383944,1.0195195195195197,0.2292358803986711,0.000845888857559672,YOR367W,non_ess,non_ess
-0.5885035978826834,-0.1990096475615388,9,0.06579956677876818,0.009206798866855524,0.17098973087818695,0.5233644859813084,0.2330028328611898,0.00036012802606057165,YPR045C,non_ess,non_ess
-0.26871755192577074,-0.172254272008682,3,-0.5667806475315526,0.027932960893854747,0.5173851413324438,0.3692913385826772,0.1717877094972067,0.0009285822134984146,YNL099C,non_ess,non_ess
0.005384773180154362,0.007837083436753869,2,0.2430310923398494,0.016179215930304917,0.3353510211008656,0.4887600983491394,0.15308027380211575,0.0003105076547710259,YML115C,non_ess,non_ess
0.0967522148821294,-0.1204041993855596,0,0.5347814498019371,0.014522821576763488,0.33797633535181737,0.0,0.31068464730290457,0.0003326388086754866,YDR311W,ess,non_ess
1.3302126778587924,0.16966097557368753,1,0.4039027847722155,0.03082959641255605,0.5217626722700913,0.9453535353535354,0.07118834080717489,0.0004044792091316755,YKL005C,non_ess,non_ess
-0.8169222021376209,-0.23259225687615895,0,-0.8176314221718521,0.01818181818181818,0.3731060606060606,0.4320000000000001,0.3272727272727273,0.0019138755980861247,YGR243W,non_ess,ess
0.7820080276469421,13.996654541458662,7,1.2082612469340457,0.016110902959910082,0.3099265513365461,0.3870081444411736,0.10715623829149494,0.00041857905582615216,YKR050W,non_ess,ess
0.14243593573311691,-0.11246984663540206,0,1.1264620812904698,0.011244668476153548,0.2460104757460848,0.378312909660872,0.1609150833656456,0.0001911105503154936,YLR115W,ess,ess
-0.6341873187336708,-0.20639044081749924,0,-0.7876383947692076,0.02536997885835095,0.5637318420514219,0.6300813008130082,0.5031712473572939,0.0011034457178888024,YMR236W,ess,non_ess
0.9647429110508924,0.14899475445699814,3,0.79653877986138,0.021209386281588447,0.5519334906970286,0.9698811826471402,0.17870036101083034,0.0009556169038012316,YPR185W,non_ess,non_ess
-0.5428198770316959,-0.2134021944106617,6,-0.3404696225843257,0.014507772020725387,0.4369071343164607,0.7048192771084336,0.261139896373057,0.0010082621481585213,YBR290W,non_ess,non_ess
2.8377754659413803,0.2146838144350465,0,4.34389592993779,0.014381434874979572,0.3588683791165789,0.7059796999117386,0.10508252982513484,0.0001978955363938509,YGR217W,non_ess,non_ess
-0.1773501102237957,-0.1298147107869092,3,-0.3404696225843257,0.022797927461139896,0.4092683937823833,0.9935419771485344,0.17305699481865286,0.000940527145753548,YPL206C,non_ess,non_ess
0.0967522148821294,-0.09807729978627913,0,-0.1386983473301717,0.02358887952822241,0.6256883026193139,0.2789957567185289,0.22493681550126368,0.0005827378639929111,YOR057W,ess,ess
1.9697847697726176,0.4361076121138611,5,1.7281403885798843,0.0212897253933971,0.5017278617710583,0.906662709600831,1.0,0.0025062656641604013,YKL157W,non_ess,non_ess
-0.4971361561807083,-0.07611943984979666,3,-0.435901982501831,0.017441860465116282,0.3126507768020843,0.17559198542805102,0.28488372093023256,0.0004104952751156089,YER023W,ess,ess
-0.7255547604356459,-0.15657008633976596,0,-0.6076802303533405,0.01490312965722802,0.336631636849747,0.12393617021276596,0.3055141579731744,0.0009119825611139534,YBR193C,ess,ess
-0.4514524353297208,-0.18074218425303654,0,-0.19595776328067488,0.014234875444839857,0.40590206239204174,0.6991822429906543,0.3558718861209965,0.001753063478428554,YHR076W,non_ess,non_ess
-0.4971361561807083,-0.18849201717179506,0,-0.005093043445664315,0.011244377811094457,0.2908993264561749,0.4785714285714285,0.2946026986506747,0.0008275356703670637,YDR165W,non_ess,non_ess
1.4215801195607674,0.08441281346734393,0,1.7072361573598591,0.017712865133623367,0.43774659394836624,0.08440018966334756,0.19297700435052828,0.00014220855147422865,YBL076C,ess,ess
0.23380337743509194,1.1323009359823342,2,-0.2641237346503215,0.02955195424213537,0.6054961559827448,0.6742663109386371,0.16396568160152525,0.0009937314036456077,YMR315W,non_ess,non_ess
1.4672638404117548,0.2809264339072919,3,0.251211008904207,0.03589108910891089,0.5774715531254617,0.8737551656391846,0.09591584158415843,0.0009688468846884687,YMR015C,non_ess,non_ess
0.5535894233920046,-0.07021480524502828,2,-0.17687129129717385,0.03318777292576418,0.618136929652661,0.8352188883423513,0.15283842794759825,0.0007528986598403857,YPR079W,non_ess,non_ess
0.5079057025410171,-0.11726736225177638,2,-0.03508607084830883,0.02843966179861645,0.4697738655547717,0.07046332046332045,0.14296694850115296,0.00017520459375141296,YBR004C,ess,ess
1.0104266319018798,-0.00913874105195525,1,0.37936303507914265,0.02731929425156517,2.05394919316697,0.7209383753501402,0.07911212293682413,0.0006278739915620962,YHL010C,non_ess,non_ess
-1.091024527243546,-0.2359136138413412,9,-0.978503114604218,0.0076045627376425855,0.3210436606791661,1.7330677290836656,0.5437262357414449,0.00206740013589903,YGR037C,non_ess,non_ess
-0.3144012727767583,-0.11191628714120502,4,-0.4195421493731158,0.02164009111617312,0.4255553697937347,1.2615045467070818,0.3542141230068337,0.0018448652239939254,YJR088C,non_ess,non_ess
0.0967522148821294,0.052675402466713823,2,-0.17414465244238794,0.024390243902439025,0.5733101045296168,0.8647798742138363,0.15853658536585366,0.0006661201065792171,YPL057C,non_ess,non_ess
-0.7712384812866334,-0.19605733025915456,2,-0.7385588953830621,0.017077798861480076,0.2962523719165085,0.6701570680628272,0.2277039848197344,0.0010165356465166712,YBR254C,ess,non_ess
-0.7712384812866334,-0.2060214011547012,2,-0.6758462017229871,0.015100671140939596,0.24808245445829336,0.8863564419119975,0.3036912751677852,0.0008853973036961667,YJR014W,non_ess,non_ess
-0.1316663893728082,-0.15011189224080054,5,0.08215939990748337,0.016083916083916086,0.3132274505155861,1.5536963379508983,0.1797202797202797,0.0013312613312613313,YOL125W,non_ess,non_ess
1.6043150029647175,0.3329610263618133,9,-0.16869137473281626,0.05285961871750433,0.6410138886899561,0.8621926229508197,0.07625649913344887,0.0008867034782959172,YNR015W,non_ess,non_ess
-0.9996570855415712,-0.2104498771082775,0,-0.8094515056074946,0.008908685968819599,0.155062780413802,0.6550632911392406,0.5790645879732739,0.0013853219807973061,YJL104W,ess,non_ess
-0.5428198770316959,-0.15324872937458375,0,0.30301714714513844,0.008368200836820083,0.24695354732309197,0.3226059654631083,0.5672444710101614,0.0005577625083679072,YPL086C,non_ess,ess
0.14243593573311691,-0.13940974201965786,0,0.13941881585798654,0.01942397856664434,0.32463852289706274,0.690972984845157,0.22371064969859344,0.0006697923643670463,YOR351C,non_ess,non_ess
2.3352545365805177,0.2945809014308188,2,0.09033931647184096,0.05350938151494093,0.9156745918727712,0.5754716981132075,0.10284920083391244,0.0005328974136472146,YNR001C,non_ess,non_ess
0.8276917484979297,47.388654870243705,4,1.4127591610429855,0.01520387007601935,0.2834389566086841,0.8335522858644246,0.09295093296475468,0.0001862744147590274,YIL130W,non_ess,non_ess
0.005384773180154362,-0.08737514956513641,0,0.2730241197424939,0.015853658536585366,0.4699589471142236,0.3884615384615385,0.13170731707317074,0.00030701006310762414,YER168C,ess,ess
0.05106849403114188,-0.17133167285168693,0,-0.4495351767757603,0.03195266272189349,0.7749724956141655,0.07243607243607245,0.1289940828402367,0.0002595454383103354,YDL006W,non_ess,non_ess
0.14243593573311691,-0.07224452339041741,3,-0.5831404806602677,0.04154727793696275,2.6149856733524355,0.4669540229885058,0.1332378223495702,0.00103285133604318,YER163C,non_ess,non_ess
-0.3144012727767583,-0.15915336397935215,4,-0.3213831506008247,0.019269776876267748,0.8511312217194571,1.0161542470036475,0.2636916835699797,0.0011719630380887989,YDR435C,non_ess,non_ess
-0.5428198770316959,-0.1678257960551057,3,-0.8094515056074946,0.0311804008908686,0.6499824170671669,0.9720930232558138,0.22048997772828507,0.001395506188153703,YOR286W,non_ess,non_ess
-0.3144012727767583,-0.187384898183401,0,0.7310994473465192,0.008861940298507462,0.26648166204155105,0.2513684210526316,0.13852611940298507,0.00027649924032531947,YHR074W,ess,ess
-1.091024527243546,-0.23794333198673034,0,-0.7494654508022055,0.003883495145631068,0.1413920415698072,0.0,0.5281553398058253,0.0010255443491375249,YKL013C,ess,ess
-0.7255547604356459,-0.21672355137584395,9,-0.09234548679881201,0.008077544426494346,0.20496768982229396,2.333333333333333,0.5508885298869144,0.0013085238239594163,YOR201C,non_ess,non_ess
0.6906405859449671,-0.11523764410638725,7,2.4843282309738304,0.010066290203780998,0.431790869267448,1.1283138918345703,0.10581880677633193,0.0001284208820101116,YJR033C,non_ess,non_ess
-0.1316663893728082,-0.13350510741488944,5,-0.2504905403763922,0.021616541353383457,0.3984010659560293,1.502717391304348,0.2048872180451128,0.0010956535724337582,YDL100C,non_ess,non_ess
1.1931615153058301,0.5204331750632096,0,0.777452307877879,0.02369020501138952,0.7251262751312271,0.2634332579185521,0.19681093394077448,0.0002228889399102769,YHR072W,ess,ess
1.4672638404117548,-0.01172201869154142,6,0.3275568968382112,0.03411764705882353,0.5884945978391357,1.0805934242181234,0.08529411764705883,0.0003305973552211582,YDR481C,non_ess,non_ess
-0.6341873187336708,-0.20620592098610024,0,-0.5885937583698394,0.017341040462427744,1.1372832369942194,0.08823529411764708,0.157514450867052,0.0004091284438105247,YOL102C,ess,ess
-0.5428198770316959,-0.20140840536972596,0,-0.5558740921124091,0.019230769230769232,0.5014272836538461,0.3793716656787197,0.2815934065934066,0.0016861880634335726,YPL065W,non_ess,ess
-0.5885035978826834,-0.17576014880526322,0,0.11215242731012788,0.00888585099111415,0.14676893721470866,0.0,0.1948051948051948,0.0001331546102564558,YJR006W,ess,ess
0.32517081913706697,-0.1039819343910475,0,-0.3731892888417561,0.03552206673842842,0.9235737351991388,0.05222961320522297,0.10871905274488697,0.00034513984998376816,YGR060W,ess,ess
-0.04029894767083316,-0.10342837489685046,0,-0.3541028168582551,0.02631578947368421,0.9010989010989012,0.3588732394366197,1.0,0.001865671641791045,YNR054C,ess,ess
-0.26871755192577074,-0.06412565080886087,6,0.0876126776170551,0.013927576601671307,0.266674042641814,0.6601542416452442,0.13649025069637882,0.000444593650476804,YJL123C,non_ess,non_ess
-0.6798710395846584,-0.2115569960966716,3,-0.9594166426207172,0.03873239436619718,0.6372139084507041,1.2800000000000002,0.1795774647887324,0.0014482053611994544,YJL166W,non_ess,non_ess
-0.4057687144787333,-0.1737304306598741,2,-0.4059089550991865,0.019036954087346025,0.5326772129604803,0.7710407239819005,0.19036954087346025,0.0004249320108782596,YMR096W,non_ess,non_ess
2.28957081572953,0.15010187344539225,1,1.2082612469340457,0.02847508430123642,0.6075828228613216,0.2546359421870739,0.10116148370176097,0.00017088088463135294,YLR357W,non_ess,ess
0.05106849403114188,-0.12409459601353982,0,-0.02690615428395124,0.020610687022900764,0.3272894380760296,1.1384562132225682,0.13282442748091602,0.000574997521562407,YLR203C,non_ess,non_ess
-0.7712384812866334,-0.2012238855383269,0,-0.4631683710496897,0.010843373493975905,0.2249888442659527,0.0,0.2951807228915663,0.0007686997991967872,YJL174W,ess,ess
-0.6341873187336708,-0.2043607226721101,1,-0.1305184307658141,0.010033444816053512,0.13020221931825732,0.529029029029029,0.3085284280936455,0.0008183777933518447,YHL022C,non_ess,non_ess
0.3708545399880545,-0.08479187192555024,0,1.4700185769934888,0.011498140006763613,0.24902049075421745,1.009634888438134,0.09942509299966182,0.00022545372562281595,YLR138W,non_ess,non_ess
-0.4971361561807083,-0.2102653572768785,5,0.1721384821154169,0.009810333551340743,0.2779707268667824,0.8751714677640606,0.3230869849574885,0.0004917610121118548,YEL052W,non_ess,non_ess
0.14243593573311691,0.030902062361630386,0,-0.3241097894556105,0.02950152594099695,0.5761959523072354,0.3469827586206897,0.14954221770091555,0.0004248358457412373,YJR093C,ess,ess
1.55863128211373,0.014479797367118309,0,2.1216852632873104,0.01633097441480675,0.3240843550837282,0.21702279202279204,0.07621121393576484,5.424285689378281e-05,YOR151C,ess,ess
1.6043150029647175,0.2264930836445833,0,1.0555694710660373,0.024390243902439025,0.3851949665993475,0.5808509281112458,0.109156337465014,0.0003790150606424097,YLR207W,non_ess,non_ess
-0.26871755192577074,-0.13221346859509636,0,0.7747256690230931,0.009124087591240877,0.14400317156782724,0.5998257839721254,0.3759124087591241,0.00030537157494648585,YER040W,non_ess,ess
-0.08598266852182067,-0.12003515972276155,1,-0.4877081207427624,0.029887920298879208,0.6394107204366605,0.37301587301587297,0.1382316313823163,0.0008480468182964191,YMR226C,non_ess,non_ess
0.5535894233920046,-0.038846433907196214,1,0.2566642866137787,0.02342786683107275,0.49874047793756104,1.3198380566801615,0.1442663378545006,0.0005363060886784411,YPL214C,non_ess,non_ess
-0.36008499362774576,-0.1840635412182188,0,-0.14142498618495758,0.015202702702702704,0.3926351351351352,0.2906976744186046,0.2466216216216217,0.0004845218499442469,YGR185C,ess,ess
1.1474777944548422,-0.05028666345393496,0,0.12033234387448548,0.034646739130434784,0.5042682410186888,0.6716888390233479,0.078125,0.0003567351598173517,YDR523C,non_ess,non_ess
-0.6341873187336708,-0.2233662653062084,0,-0.6485798131751285,0.019169329073482427,0.4055965627409937,0.3553921568627451,0.268370607028754,0.0005044560282495376,YDR487C,ess,non_ess
0.05106849403114188,-0.015412415319521663,5,0.5893142268976543,0.01358148893360161,0.2741085295040203,0.4427609427609427,0.37575452716297786,0.0009323933676500694,YDR307W,non_ess,non_ess
-0.7255547604356459,-0.2117415159280706,0,-0.00781968230045018,0.0075131480090157785,0.21123296704484645,0.0,0.371900826446281,0.00034887507171320917,YPR085C,ess,ess
-0.7712384812866334,-0.2281637809225827,0,0.1585052878414876,0.0059445178335535,0.10254293262879788,0.0,0.2457067371202113,0.000259184321856763,YLR197W,ess,ess
-0.9082896438395959,-0.20251552435812,2,-0.7712785616404925,0.012219959266802444,0.4766306334534439,0.4020618556701031,0.29327902240325865,0.001629327902240326,YIR037W,non_ess,non_ess
-0.3144012727767583,-0.1905217353171842,0,0.04671309479526712,0.01365923795830338,0.3284254342239575,0.18203151190077105,0.2803738317757009,0.0004387696897898293,YDR190C,ess,ess
0.2794870982860795,-0.09088102636171763,7,-0.19050448557110314,0.028318584070796463,0.5534033578694897,0.8527684563758391,0.1256637168141593,0.0008213314824454857,YNL134C,non_ess,non_ess
-0.9996570855415712,-0.2279792610911837,0,-0.2723036512146791,0.003846153846153847,0.08762637362637364,0.2976190476190476,0.4605769230769231,0.0007230406955681678,YML015C,ess,ess
-0.7255547604356459,-0.14586793611862325,0,-0.6812994794325589,0.01694915254237288,0.6862091321663425,0.6777777777777778,0.2559322033898305,0.0011528477630172547,YJL218W,non_ess,non_ess
0.2794870982860795,-0.10601165253643664,7,-0.07598565367009681,0.025477707006369428,0.6005459508644222,0.4610215053763441,0.11863057324840764,0.00046704950097798293,YBL055C,non_ess,non_ess
1.55863128211373,0.06134783454246739,1,1.2328009966271185,0.02225519287833828,0.3747321134190571,0.3919770773638968,0.10719584569732936,0.00033187568327346556,YGL163C,non_ess,ess
-0.04029894767083316,-0.16690319689811065,3,-0.5249721850915026,0.03280839895013123,0.7317204434619173,0.9125757575757576,0.12467191601049868,0.0008095578961720692,YLR333C,non_ess,non_ess
-0.4971361561807083,-0.2161699918816469,5,-0.5067945927262635,0.01918158567774936,0.28901485343301203,0.4952380952380952,0.20843989769820973,0.0009223004322929633,YLR201C,non_ess,non_ess
1.1931615153058301,0.012819118884527195,3,0.5293281720923653,0.027055150884495317,0.4840939497547198,0.22913256955810146,0.12122788761706554,0.00016471180382753473,YJL127C,non_ess,ess
0.2794870982860795,-0.14033234117665289,0,0.6520269205577292,0.01555663587749149,0.39542975925052265,0.3406040268456376,0.3947496353913466,0.0007894992707826933,YPL043W,ess,ess
1.0561103527528672,0.2279692422957754,0,1.0882891373234675,0.01931415057154119,0.5465073895592543,0.3770779835112853,0.10248324793062673,0.00013055190819188115,YBR202W,ess,non_ess
-0.3144012727767583,-0.20011676654993285,3,-0.23685734610246284,0.017608897126969416,0.326958420382966,0.6624561403508772,0.2428174235403151,0.0002759288903867217,YJR139C,non_ess,non_ess
1.9697847697726176,0.035699577978004715,4,1.8326615446800087,0.020560190703218118,0.3297789318349509,0.8906375033342225,0.062276519666269375,0.00026959532323060333,YJR109C,non_ess,non_ess
1.5129475612627423,3.1241925159346704,4,1.914460710323585,0.017121300058038306,0.3214934528021371,0.9099338755035342,0.20255368543238536,0.00027938439369984186,YDR128W,non_ess,non_ess
0.0967522148821294,-0.08737514956513641,3,-0.6022269526437688,0.0413589364844904,0.8010200861013269,0.8259966777408638,0.10635155096011817,0.0010128719139058872,YDR304C,non_ess,non_ess
-1.1367082480945336,-0.23978853030072045,1,-0.6294933411916275,0.0015455950540958269,0.030842615786388108,0.0,0.6537867078825348,0.0010215417310664606,YBR154C,ess,non_ess
-0.2230338310747832,0.04086613325717705,6,-0.16596473587803034,0.01815038893690579,0.568164663644861,1.2774566473988438,0.1633535004321521,0.000949729653675303,YHR017W,non_ess,non_ess
0.5535894233920046,-0.10711877152483072,7,0.493881866980149,0.0201805629314923,0.4155595239348938,0.8834369786136812,0.1699415825809878,0.0009601219354858069,YHL040C,non_ess,non_ess
-0.4971361561807083,-0.15121901122919462,1,-0.22322415182853356,0.013711151736745886,0.3801548657010266,1.0121654501216544,0.1563071297989031,0.00041460777134987557,YIR026C,non_ess,non_ess
-0.9082896438395959,-0.1903372154857852,5,-0.3704626499869703,0.006437768240343348,0.11411434617716645,0.21720818291215396,0.44957081545064376,0.0005270466769644124,YDR068W,non_ess,non_ess
0.599273144242992,-0.13332058758349044,4,1.101922331597397,0.015282131661442006,0.28669976280439113,0.5382207776573973,0.13126959247648906,0.00042758824910908483,YMR302C,non_ess,non_ess
-0.4971361561807083,-0.0932797841699048,7,-0.5504208144028373,0.02043596730245232,0.6313815612180734,0.4521739130434783,0.5286103542234333,0.0026039918927262718,YER120W,non_ess,non_ess
-0.3144012727767583,-0.06763152760544211,0,-0.4249954270826876,0.021788990825688075,0.37729816513761466,0.8288437629506838,0.22247706422018348,0.0017798165137614679,YGR205W,non_ess,non_ess
-0.5885035978826834,-0.14088590067084994,0,0.0712528444883399,0.00916784203102962,0.16271428090647366,0.5030005455537371,0.5112834978843441,0.0005195970506954717,YHR005C,non_ess,ess
0.05106849403114188,-0.13110634960670228,0,1.6908763242311438,0.0084375,0.12301293103448276,0.5008635578583764,0.249375,0.00012437655860349128,YGR274C,ess,ess
-0.2230338310747832,-0.17446850998547014,5,0.6383937262837999,0.010284035259549459,0.22027389606985687,0.7513227513227514,0.18560235063663075,0.00018919709545018424,YKL126W,non_ess,non_ess
0.599273144242992,-0.12021967955416055,1,0.27029748088770805,0.023824068417837508,0.925062573994086,0.4279289940828401,0.1301160659743433,0.0003277482770134592,YPL256C,non_ess,non_ess
1.6499987238157052,-0.07851819765798382,1,2.3916225099111106,0.015613195668597332,0.3540577725092285,0.9310967741935484,0.07882145555275749,0.00024864812477210565,YDR216W,non_ess,non_ess
0.7363243067959546,0.11799542278196412,0,1.4018526056238423,0.014573213046495491,0.2802307425399028,0.3896103896103897,0.2238029146426093,0.000280806668309422,YGL238W,ess,ess
0.32517081913706697,-0.07851819765798382,1,1.300966967996765,0.011909058101768314,0.4292495667450557,1.1684643040575244,0.2897870804763623,0.0007507437318040475,YCR037C,non_ess,non_ess
0.2794870982860795,-0.14697505510701733,1,1.7726754898747197,0.00972644376899696,0.457086308051177,0.5895161290322579,0.1376899696048632,0.00021649366290072832,YCL061C,non_ess,non_ess
-0.5885035978826834,-0.18037314459023854,0,-0.2750302900694649,0.01253616200578592,0.3486496993441613,1.2243589743589745,0.13886210221793635,0.0005667840906854545,YDR372C,non_ess,non_ess
2.8834591867923685,0.22630856381318426,11,3.8776406857694066,0.01587584730645737,0.2227250832993449,0.6556883747894984,0.07688191223688905,0.00022414551672562402,YHL030W,non_ess,non_ess
1.0561103527528672,0.02887234421624125,1,0.1830450375345604,0.0317975340687865,0.90645848019832,0.2909471480900053,0.2245295262816353,0.0013207619193037368,YML128C,non_ess,non_ess
3.705766162110143,1.2568518221766674,1,1.7081450369781208,0.03324013668841255,0.6482357646839304,0.6476532055040176,0.12550481515998754,0.00022613480209006766,YGL178W,non_ess,non_ess
0.4622219816900296,-0.008769701389157225,2,1.382766133640341,0.01258301293254107,0.2567911959631197,1.294809407948094,0.1691716183152744,0.00028624639308845066,YNL127W,non_ess,non_ess
2.198203374027555,0.14419723884062385,0,0.6901998645247313,0.035254883277751316,0.7195201178050153,0.3893707139975797,0.13196760362077178,0.000251846571795366,YBR019C,non_ess,non_ess
-0.08598266852182067,-0.02500744655227029,8,-0.3731892888417561,0.02583423035522067,0.5714080153632869,0.8615725359911407,0.1959095801937568,0.0010647259793138953,YGL043W,non_ess,non_ess
0.9190591901999048,-0.01079941953454636,0,0.8837912232145277,0.019896193771626297,0.4852397429560059,0.7501530924678506,0.15051903114186851,0.00033523169519347106,YLR131C,non_ess,non_ess
-0.08598266852182067,-0.14679053527561833,1,1.1864481360957588,0.009073724007561436,0.12923362979949796,0.27135231316725983,0.2362948960302457,0.00013267540484573038,YPL248C,non_ess,ess
1.2388452361568174,0.0002717703493943708,1,2.416162259604184,0.013256628314157078,0.20282641320660327,0.4742859831553194,0.1535767883941971,0.00015130718068393805,YBR081C,non_ess,non_ess
-0.9539733646905836,-0.2237353049690064,0,-0.14142498618495758,0.0042229729729729715,0.14868951612903228,0.62,0.7086148648648649,0.0006839911823019933,YCR035C,ess,ess
-0.4514524353297208,-0.1979025285731447,1,0.1039725107457703,0.011004126547455296,0.29831971302964105,0.2686095505617977,0.2867950481430536,0.0003886111763456011,YNL026W,ess,ess
-0.1773501102237957,-0.19273597329397235,8,0.8837912232145277,0.009515570934256055,0.3786195592788199,0.8494783904619971,0.23399653979238755,0.00036391374773310666,YPR091C,non_ess,non_ess
-0.4971361561807083,-0.1907062551485832,2,-0.21504423526417596,0.013599274705349048,0.4039352135453677,0.5362318840579711,0.26745240253853125,0.0010092543492020048,YMR097C,non_ess,non_ess
0.2794870982860795,0.007837083436753869,1,1.606350519732782,0.010299324106855488,0.18205143315638928,1.0575350467289717,0.20598648213710974,0.0001413771325580712,YDR325W,ess,non_ess
0.14243593573311691,-0.14531437662442626,0,0.8974244174884569,0.012462397937258271,0.4114384470077569,0.9947950553025372,0.14868929952728835,0.00014928644530852244,YLR274W,ess,non_ess
0.3708545399880545,-0.14900477325240646,1,0.4638888395775045,0.01837837837837837,0.3529435271847723,1.1552787053686104,0.14972972972972973,0.0005545545545545546,YPR155C,non_ess,non_ess
-0.08598266852182067,-0.09826181961767813,2,0.3439167299669264,0.013969732246798604,0.27412093075444965,1.1288860103626948,0.10535506402793947,0.0005402823796304588,YBR180W,non_ess,non_ess
0.5535894233920046,0.2464212254356766,13,-0.18505120786153145,0.03345070422535211,0.5007796043120895,1.4168975069252079,0.11355633802816904,0.0008602752880921894,YOL003C,non_ess,non_ess
-1.1367082480945336,-0.2381278518181293,0,-0.8721641992675694,0.002631578947368421,0.07804415700267618,0.0,0.9473684210526316,0.0025129135836939828,YEL026W,ess,ess
0.8733754693489172,0.3180149200184933,15,1.5218247152344202,0.014930325149303253,0.2826497179827472,0.6204325130499627,0.10948905109489053,0.00028291744468963965,YGL241W,non_ess,non_ess
-0.7712384812866334,-0.2086046787942874,0,-0.3268364283103964,0.009183673469387756,0.17079860883260056,0.6624068157614483,0.2959183673469388,0.00046748557242802334,YOR340C,ess,non_ess
-0.6798710395846584,-0.21986038850962716,2,-0.21504423526417596,0.009972801450589302,0.1912460965044827,0.0,0.3009972801450589,0.0005433163901535362,YPL209C,ess,ess
-0.26871755192577074,-0.18553969986941088,0,0.8319850849735962,0.008869179600886918,0.1501869564150187,0.18228699551569508,0.1840354767184036,0.00016684993356156258,YGR264C,ess,ess
-0.1773501102237957,-0.14586793611862325,10,-0.20686431869981836,0.019784172661870502,0.3496063084385911,0.9711954711954712,0.1510791366906475,0.000651203175390722,YMR139W,non_ess,non_ess
1.0104266319018798,0.02887234421624125,4,0.3848163127887144,0.02722631877481565,0.4354614152429461,0.12507335680751172,0.08564946114577425,0.00018146072276647087,YML123C,non_ess,non_ess
1.8784173280706429,0.1451198379976189,2,-0.2613970957955357,0.06368821292775666,1.9351119818232403,1.4294925373134328,0.12452471482889732,0.0009362760513450928,YDR214W,non_ess,non_ess
0.599273144242992,-0.06394113097746186,14,-0.514974509290621,0.05045278137128072,0.7234523198138167,0.5010269661432454,0.08796895213454076,0.0009884151925229298,YIL064W,non_ess,non_ess
-0.5428198770316959,0.0030395678203795533,5,-0.3213831506008247,0.014198782961460446,0.2823373381182712,0.6942590120160214,0.4290060851926978,0.000934653780376248,YPR128C,non_ess,non_ess
-0.7255547604356459,-0.19993224671853385,0,-0.2395839849572487,0.00929368029739777,0.2369354356279109,1.3082706766917294,0.3141263940520446,0.0008054522924411401,YPL152W,non_ess,non_ess
0.05106849403114188,-0.15472488802577586,0,0.09306595532662684,0.01872399445214979,0.4952524816573154,0.23485170994749546,0.14909847434119278,0.00030805469905205115,YGL038C,non_ess,ess
-0.3144012727767583,0.024628388094063976,0,0.4475290064487893,0.01037117903930131,0.32081971716938024,1.3702359346642468,0.33897379912663755,0.0011187254096588699,YDR143C,non_ess,non_ess
-0.7712384812866334,-0.19753348891034667,8,-1.0548490025382224,0.05027932960893855,1.2046376367949798,0.8193041526374859,0.2122905027932961,0.0014247684751227925,YDL067C,non_ess,non_ess
-1.0453408063925584,-0.2381278518181293,0,-0.3868224831156855,0.0032822757111597373,0.053384738286270016,0.3387096774193548,0.7680525164113785,0.000984682713347921,YJR007W,ess,ess
-1.1823919689455211,-0.2399730501321195,0,-0.8857973935414988,0.0,0.0,0.0,1.0,0.0027397260273972607,YHL015W,ess,ess
-0.36008499362774576,-0.0796253166463779,1,-0.6649396463038437,0.02960526315789473,0.4938157894736842,1.258460236886633,0.17269736842105265,0.0010279605263157894,YDL135C,non_ess,non_ess
-0.36008499362774576,-0.12427911584493885,12,-0.7649164043126587,0.03614457831325301,0.7505421686746988,0.4742547425474255,0.16265060240963855,0.0016429353778751367,YMR292W,non_ess,non_ess
-0.4514524353297208,-0.1842480610496178,4,-0.2859368454886084,0.015609756097560976,0.3269553675128588,0.9471649484536079,0.1746341463414634,0.0004197936210131332,YGL153W,non_ess,non_ess
2.1525196531765682,0.4117509943691915,6,0.5102417001088642,0.03840084166228301,1.670341087827564,0.7828364222401288,0.11993687532877433,0.0007639291422214925,YCL025C,non_ess,non_ess
0.6906405859449671,0.22870732162137145,0,1.1973546915149025,0.015430937147158447,0.2518902656746089,0.44763271162123386,0.14188934888972524,0.00010931382811226908,YDL117W,non_ess,non_ess
0.5535894233920046,-0.007847102232162164,9,0.5047884223992924,0.020052770448548814,0.4094986807387863,1.0597609561752988,0.13773087071240106,0.00041863486538723727,YOR356W,non_ess,non_ess
0.41653826083904205,0.1633873013061211,3,-0.06780573710573921,0.02766798418972332,0.8303612464380917,0.5584415584415584,0.1359683794466403,0.0004624774811110215,YBL091C,non_ess,non_ess
-0.2230338310747832,-0.16690319689811065,1,-0.08961884794402614,0.016921837228041903,0.36421000433893264,1.358885017421603,0.2860596293311845,0.0010918306463022311,YBR233W,non_ess,non_ess
2.198203374027555,0.8715744142155298,9,0.4720687561418621,0.03980634749865519,0.6443073920712561,1.0145860145860146,0.09090909090909093,0.0005285412262156448,YNL104C,non_ess,non_ess
0.18811965658410446,0.0993589198106639,0,-0.5858671195150535,0.04316546762589928,0.7636325722031071,0.6961424332344214,0.2460431654676259,0.0007090581137395559,YLR298C,ess,non_ess
0.599273144242992,-0.03146564065123572,3,0.8647047512310266,0.017023134002618942,0.36502676376668425,0.3044871794871795,0.12614578786556088,0.00032680255923720435,YOR361C,ess,non_ess
-0.6341873187336708,-0.2285328205853807,0,-0.6104068692081264,0.017964071856287425,0.4625748502994012,0.1899641577060932,0.30389221556886226,0.0012253718369712187,YOL135C,ess,ess
0.6906405859449671,-0.05268542126212212,0,0.7338260862013052,0.01909641360037261,0.4376183057582926,0.5304878048780489,0.09548206800186307,0.00019933625887654085,YKL213C,non_ess,non_ess
1.3302126778587924,0.02573550708245805,3,1.3582263839472684,0.01940719830628088,0.34184654320687224,0.5480314960629921,0.1524347212420607,0.00038591068668876135,YJL154C,non_ess,non_ess
-0.8626059229886085,-0.18332546189262272,6,-1.0303092528451496,0.033980582524271837,0.7145361380798274,1.0693069306930694,0.4271844660194175,0.007119741100323623,YDL085C-A,non_ess,non_ess
0.5079057025410171,-0.11505312427498825,0,0.28665731401642325,0.022356495468277945,0.5019190672737329,1.0316768381284511,0.15468277945619335,0.0004369570041135405,YEL015W,non_ess,non_ess
-1.091024527243546,-0.23019349906797185,1,-0.8285379775909956,0.004672897196261682,0.09124339699309222,0.6845238095238095,1.0,0.002336448598130841,YNL113W,ess,non_ess
2.517989419984468,0.5121297826502541,0,1.4863784101222042,0.027226890756302517,0.5228915914191764,0.9647192520274808,0.06285714285714286,0.0003763900769888794,YOL084W,non_ess,non_ess
-0.2230338310747832,-0.17631370829946028,8,0.09851923303619856,0.014502762430939224,0.21951268572654611,0.9027169149868536,0.10773480662983426,0.0005670252980517592,YDR524C,non_ess,non_ess
0.23380337743509194,0.0917936067233044,0,0.15305201013191586,0.02055702917771884,0.4792115009258796,0.4312699796570764,0.13328912466843498,0.00029102428966907206,YDR470C,non_ess,ess
-0.6798710395846584,-0.13608838505447562,3,-0.9294236152180726,0.03470031545741325,0.6197861899754644,0.4675324675324675,0.2082018927444795,0.0014358751223757208,YGR181W,non_ess,non_ess
0.7820080276469421,0.2966106195762079,0,0.3166503414190678,0.0254739336492891,1.4554879362343818,0.6424027531546563,0.1712085308056872,0.0004782361195689587,YDR261C,non_ess,non_ess
0.005384773180154362,-0.1205887192169586,2,-0.5640540086767667,0.03616133518776078,1.1597663421418638,1.428027418126428,0.17524339360222532,0.0011161999592498428,YDR410C,non_ess,non_ess
2.9291429076433557,0.8212005002435996,0,1.36367966165684,0.03169014084507042,0.6213837076513133,0.9523381967826412,0.16725352112676056,0.00031438631790744467,YIL002C,non_ess,non_ess
-0.9996570855415712,-0.22890186024817874,8,-0.7985449501883509,0.008676789587852495,0.1884598698481562,1.1824324324324325,0.3600867678958785,0.0014697419097790961,YNL255C,non_ess,non_ess
0.6449568650939796,-0.06873864659383618,5,0.5156949778184359,0.02097535395909806,0.5469955780681104,0.34980916030534354,0.156790770844258,0.0003989587044383155,YGL023C,non_ess,non_ess
0.7820080276469421,-0.09826181961767813,1,0.3766363962243568,0.02451539338654504,0.4291970320427016,0.6151162790697676,0.08665906499429875,0.00044213808670560587,YOL115W,non_ess,non_ess
0.05106849403114188,0.18977363719617987,4,-0.6049535914985547,0.04005934718100889,0.9877319633287568,0.9305555555555556,0.17804154302670624,0.0014593569100549693,YKL087C,non_ess,non_ess
