hits_count,reads_count,hits_count_pro,orf_len,insertion_index,NI,HFI_normalized,orf,label,predictions
-0.7296658747311922,-0.42793845058115215,0,-0.4495351767757603,0.0035502958579881646,0.09272644515248066,244,YFR027W,ess,ess
0.08042860934216649,-0.236516203154072,1,-0.6158601469176981,0.0256797583081571,1.0478768042967441,81,YOR202W,non_ess,non_ess
0.08042860934216649,-0.19881182108510168,12,0.15305201013191586,0.011273209549071616,0.20879064152861385,485,YDR522C,non_ess,non_ess
0.022564717622640867,-0.19881182108510168,1,-0.10597868107274132,0.013082583810302535,0.4696515440587395,201,YDL104C,non_ess,non_ess
0.7747953099764741,-0.08569867487819066,5,0.8510715569570974,0.012741652021089631,0.2962179261862917,237,YJL206C,non_ess,non_ess
-0.7296658747311922,-0.4134367651700097,0,-0.8558043661388542,0.007537688442211055,0.2880662051516323,212,YDR225W,non_ess,non_ess
-0.15102695753593598,-0.3003236189630987,7,-0.9512367260563596,0.044368600682593864,1.9195257768995868,66,YCL057C-A,non_ess,non_ess
1.0062508768545764,0.2855444716470557,0,1.4700185769934888,0.011159959418329387,0.2514197754014437,441,YLR138W,non_ess,non_ess
-0.8453936581702434,-0.42793845058115215,0,-0.17687129129717385,0.0008733624454148473,0.08344464423323915,216,YNL336W,non_ess,non_ess
-0.4982103078530897,-0.3699317089365824,9,0.3384634522573547,0.0040887850467289715,0.12534158605235832,569,YDR120C,non_ess,non_ess
-0.2088908492554616,-0.1814097985917308,2,-0.3895491219704713,0.013172338090010977,0.2054451084820642,769,YFR031C-A,non_ess,non_ess
1.2955703354522043,0.3087471683048836,1,1.385492772495127,0.013268156424581005,0.3835951251243591,333,YBR229C,non_ess,non_ess
0.9483869851350506,0.12312559504226042,3,1.5572710203466364,0.010481493612839829,0.6697122761046079,658,YDL240W,non_ess,non_ess
0.4854758513788458,-0.1002003602893331,2,0.9655903888581036,0.009991673605328892,0.4461736431761411,553,YOR017W,non_ess,non_ess
-0.7875297664507178,-0.3032239560453272,3,-0.6322199800464133,0.003105590062111801,0.1295425688891939,585,YHR147C,non_ess,non_ess
-0.6139380912921409,-0.3844333943477248,1,-0.4222687882279017,0.005714285714285714,0.14023360287511233,151,YDR130C,non_ess,non_ess
-0.4982103078530897,-0.34382867519652605,2,-0.05689918168659575,0.005481597494126861,0.1593737433596478,339,YNL136W,non_ess,non_ess
-0.2088908492554616,-0.3322273268676121,1,0.21576470379199075,0.007609384908053266,0.18932308180088767,208,YBL054W,non_ess,non_ess
0.4276119596593202,0.2652421120714563,1,0.4502556453035752,0.012534059945504087,0.3610435967302453,469,YJL181W,non_ess,non_ess
-0.4403464161335641,-0.24811755148298595,2,-0.5040679538714776,0.01019108280254777,0.18313375796178344,151,YJR011C,non_ess,non_ess
-0.9032575498897693,-0.45694182140343703,1,-0.3813692054061137,0.0,0.0,910,YAL025C,ess,ess
-0.2667547409749872,-0.36123069768989696,0,0.8974244174884569,0.004727116458960034,0.4092969326446716,996,YLR274W,ess,ess
-0.5560741995726153,-0.23071552898961506,1,-0.8121781444622804,0.01345291479820628,0.4907923789579113,375,YHR051W,non_ess,non_ess
-0.5560741995726153,-0.4192374393344667,0,0.09670147379967466,0.004149377593360996,0.09819642591459887,412,YDR381W,ess,ess
-0.32461863269451285,-0.30902463020978416,16,-0.6213134246272698,0.01524390243902439,0.3487042682926829,150,YJR074W,non_ess,non_ess
0.1382925010616921,-0.16110743901613134,2,0.15032537127713,0.011960132890365448,0.2352261430355762,253,YBR056W,non_ess,non_ess
1.064114768574102,0.14632829170008832,1,-0.14415162503974344,0.028789161727349705,1.0451409613969822,95,YML018C,non_ess,non_ess
0.3697480679397946,0.08252087589106159,1,0.10124587189098444,0.01516195727084769,0.4696130958997503,145,YBR288C,non_ess,non_ess
0.08042860934216649,-0.3061242931275557,1,-0.045992626267452284,0.013188518231186969,0.5523960136062541,263,YNR029C,non_ess,non_ess
-0.09316306581641036,-0.12920373111161798,0,0.28665731401642325,0.008459214501510574,0.1738865468018248,294,YOL013C,non_ess,non_ess
-0.32461863269451285,-0.2945229447986418,4,-0.1168852364918848,0.008257638315441783,0.22944778833715984,229,YNL175C,non_ess,non_ess
-0.6718019830116665,-0.4453404730745231,0,-0.3104765951816812,0.004008016032064128,0.0946258714612323,429,YGR192C,non_ess,ess
0.4854758513788458,0.4015579549361952,3,0.29756386943556673,0.014397120575884825,0.2949810037992401,178,YJL163C,non_ess,non_ess
-0.035299174096884746,-0.19881182108510168,0,1.0528428322112513,0.006004803843074461,0.20828750912818167,667,YPR029C,non_ess,non_ess
0.5433397430983714,-0.12630339402938948,16,-0.7112925068352034,0.04488330341113106,0.769715158498352,86,YER034W,non_ess,non_ess
1.8742092526474603,0.7611997531325275,0,0.2948372305807809,0.02884615384615385,0.6384316073032027,258,YKL109W,non_ess,non_ess
0.311884176220269,0.07381986464437612,15,-0.8558043661388542,0.05276381909547738,1.0895142378559464,130,YLR235C,non_ess,non_ess
-0.7875297664507178,-0.25101788856521445,4,-0.3968201589165669,0.0022148394241417496,0.06591304597949116,273,YNL050C,non_ess,non_ess
-0.5560741995726153,-0.21911418066070107,0,-0.8367178941553531,0.014319809069212413,0.6148377596100137,311,YBR012C,non_ess,non_ess
-0.15102695753593598,-0.22491485482515805,6,0.3875429516435003,0.007361268403171008,0.17512548411000656,227,YGL252C,non_ess,non_ess
0.6012036348178971,2.1736639121778007,0,-0.9430568094920021,0.08609271523178808,4.306113748116989,68,YGR025W,non_ess,non_ess
-0.7296658747311922,-0.4250381134989237,3,0.016720067392622606,0.0022091310751104565,0.07102836652366011,331,YGL194C,non_ess,non_ess
-0.5560741995726153,-0.36413103477212544,7,-0.6649396463038437,0.009868421052631578,0.2144683571276369,279,YOL114C,non_ess,non_ess
-0.6139380912921409,-0.3728320460188109,12,-0.8939773101058563,0.01404494382022472,0.5894975031210986,155,YDL157C,non_ess,non_ess
0.6590675265374226,0.5697775057054475,1,-0.02417951542916537,0.020563594821020558,0.4518957812941058,168,YOR230W,non_ess,non_ess
0.4854758513788458,-0.0798980007137337,7,2.5061413418121177,0.005857944837686112,0.15179346112252332,869,YOR336W,ess,non_ess
2.8000315201598704,1.2165526750423998,1,2.2825569557196763,0.01661905998441963,0.4863324918184315,840,YDL019C,non_ess,non_ess
0.3697480679397946,0.07091952756214764,11,0.04125981708569538,0.015884476534296033,0.5735619735258725,381,YMR265C,non_ess,non_ess
0.7169314182569483,0.07381986464437612,0,1.4536587438647737,0.009527050017012591,0.40966315073154136,370,YKL015W,non_ess,non_ess
0.2540202845007433,0.14632829170008832,1,0.47479539499664797,0.010741138560687431,0.2736789279991548,246,YDL025C,non_ess,non_ess
-0.09316306581641036,-0.3148253043742412,3,0.7665457524587355,0.00641319285387082,0.11976074195167714,368,YMR154C,non_ess,non_ess
-0.6139380912921409,-0.29162260771641324,4,-0.8885240323962846,0.013812154696132596,0.3503219523828451,228,YEL049W,non_ess,non_ess
-0.8453936581702434,-0.4540414843212086,0,-0.14415162503974344,0.000846740050804403,0.029157309575525533,491,YDR427W,ess,ess
-0.035299174096884746,0.062218516315462186,1,-0.4113622328087582,0.01691093573844419,0.3588449318438044,300,YMR183C,non_ess,non_ess
-0.7875297664507178,-0.4366394618278376,7,-0.7767318393500642,0.004123711340206186,0.123835361599876,232,YIL138C,non_ess,non_ess
-0.9032575498897693,-0.45694182140343703,0,1.1073756093069689,0.0,0.0,196,YDR160W,ess,ess
-0.5560741995726153,-0.2568185627296714,0,-0.5595096105854569,0.008287292817679558,0.2342961806389623,401,YDR447C,non_ess,non_ess
-0.6139380912921409,-0.4134367651700097,0,2.110778707868167,0.001365374112506827,0.06445186435628816,1053,YIL147C,ess,ess
-0.035299174096884746,-0.32642665270315513,2,0.1339655381484148,0.010087424344317421,0.1958147078602793,254,YBR126C,non_ess,non_ess
-0.035299174096884746,-0.0769976636315052,0,1.4318456330264866,0.005145797598627789,0.10620430926151844,544,YMR080C,non_ess,non_ess
1.4112981188912557,0.5436744719653911,0,3.2777801377165168,0.008087343307723413,0.14459406427171564,397,YOR093C,non_ess,non_ess
0.022564717622640867,-0.21911418066070107,3,0.03035326166655193,0.011653313911143482,0.2389331190195143,397,YBL045C,non_ess,non_ess
-0.2088908492554616,0.2014346962624296,4,-0.6894793959969164,0.02065404475043029,0.6338148803745789,142,YCL026C-A,non_ess,non_ess
-0.3824825244140385,-0.3989350797588673,0,3.42774527472974,0.0017609078458227351,0.048609441820163794,2344,YOR290C,non_ess,ess
0.1382925010616921,-0.14950609068721735,1,0.26484420317813634,0.011036174126302879,0.2382065306469335,334,YJL058C,non_ess,non_ess
0.3697480679397946,0.012912785917577904,6,0.8101719741353094,0.009861048857014791,0.26023377870178754,909,YDL093W,non_ess,non_ess
-0.6718019830116665,-0.4134367651700097,0,-0.31592987289125296,0.004032258064516129,0.08503969254032258,444,YDR267C,ess,ess
-0.3824825244140385,-0.3293269897853836,2,-0.2777569289242508,0.008704061895551255,0.25900801326333245,529,YER016W,non_ess,non_ess
0.3697480679397946,0.08832155005551857,0,-0.25321717923117804,0.02073515551366636,0.4934050541290662,181,YPL011C,ess,non_ess
3.147214870477024,1.6951082936101003,3,0.4993351446897207,0.0370566437268396,1.0460852545640866,400,YMR106C,non_ess,non_ess
-0.4403464161335641,-0.2423168773185289,1,0.04671309479526712,0.005751258087706686,0.18556409641959606,543,YDR179W-A,non_ess,non_ess
-0.6718019830116665,-0.3409283381142976,6,-0.5858671195150535,0.005755395683453238,0.2013273102448274,413,YDL010W,non_ess,non_ess
-0.3824825244140385,-0.29162260771641324,2,-0.8558043661388542,0.02261306532663317,1.2164991624790622,84,YML034C-A,non_ess,non_ess
1.0062508768545764,0.05641784215100521,4,0.7474592804752345,0.015263644773358002,0.8314704581104452,558,YPR159W,non_ess,non_ess
-0.2088908492554616,-0.2423168773185289,6,-0.7221990622543468,0.02201834862385321,0.42012951969778745,112,YGL242C,non_ess,non_ess
0.8326592016959995,0.6770899777479015,1,1.6363435471354264,0.009554140127388536,0.21885508565098705,387,YJL084C,non_ess,non_ess
2.105664819525563,0.7902031239548124,7,0.8292584461188104,0.02309058614564832,0.4489210433845013,216,YKL187C,non_ess,non_ess
0.4854758513788458,-0.053794966973677305,2,-0.3431962614391116,0.02494802494802495,0.8946238037147128,170,YKR080W,non_ess,non_ess
-0.09316306581641036,-0.021891259069163945,0,-0.3922757608252572,0.015418502202643172,0.30307321166352,138,YOR228C,non_ess,non_ess
0.3697480679397946,0.38415593244282426,4,-0.15778481931367278,0.018867924528301886,0.4168216848259367,192,YPR054W,non_ess,non_ess
-0.9032575498897693,-0.45694182140343703,14,-0.9212436986537148,0.0,0.0,104,YDR327W,ess,non_ess
-0.15102695753593598,-0.3293269897853836,0,3.5504440231951033,0.002478078536027449,0.07263333640080455,1286,YNL172W,ess,ess
2.105664819525563,3.011861328941834,1,-0.6540330908847002,0.08387096774193549,2.826183939601922,138,YMR245W,non_ess,non_ess
-0.9032575498897693,-0.45694182140343703,0,-1.0548490025382224,0.0,0.0,179,YMR251W-A,non_ess,non_ess
-0.32461863269451285,-0.22491485482515805,0,-0.03781270970309469,0.007704160246533128,0.13013729260766513,389,YMR085W,non_ess,non_ess
1.6427536857693583,0.9033162701617234,9,1.9090074326140127,0.012790697674418604,0.16216126681242962,816,YHL023C,non_ess,non_ess
-0.9032575498897693,-0.45694182140343703,0,-0.7767318393500642,0.0,0.0,485,YOR257W,ess,ess
-0.5560741995726153,-0.32642665270315513,0,-0.17414465244238794,0.005226480836236934,0.1491289198606272,920,YDR088C,ess,ess
-0.9032575498897693,-0.45694182140343703,0,-0.9321502540728585,0.0,0.0,314,YBL100C,non_ess,ess
0.5433397430983714,1.9300355972706082,2,-0.4849814818879766,0.03101736972704715,1.0602032376225925,197,YOR062C,non_ess,non_ess
6.214001131611883,4.528737622947333,18,0.4257158956105024,0.06803097345132743,1.1364900290944355,141,YJR001W,non_ess,non_ess
0.1961563927812177,-0.123403056947161,2,0.4857019504157914,0.010138740661686232,0.21244633082344366,525,YER147C,ess,non_ess
0.7169314182569483,-0.0798980007137337,10,-0.2504905403763922,0.02631578947368421,0.4728274173806609,127,YCL034W,non_ess,non_ess
-0.32461863269451285,-0.35543002352543995,0,0.3602765630956416,0.00576036866359447,0.14812111962303853,1234,YEL013W,non_ess,non_ess
0.1961563927812177,-0.1930111469206447,4,0.5020617835445066,0.01004228329809725,0.1958245243128964,552,YHL038C,non_ess,non_ess
-0.6139380912921409,-0.3119249672920127,4,-0.7794584782048499,0.010373443983402493,0.24923209570512475,482,YDL004W,ess,non_ess
1.2955703354522043,0.3116475053871121,1,-0.6976593125612739,0.06643356643356642,1.5455679455679456,117,YDR136C,non_ess,non_ess
0.022564717622640867,-0.22491485482515805,3,0.9328707226006732,0.006762468300929839,0.11252253191136223,691,YGR200C,non_ess,non_ess
0.022564717622640867,0.012912785917577904,5,-0.7603720062213489,0.03180914512922465,0.9093673254590106,139,YJL065C,non_ess,non_ess
-0.3824825244140385,-0.26841991105858537,0,0.06852620563355405,0.006360424028268552,0.15131304208159332,200,YML032C,non_ess,non_ess
0.3697480679397946,0.05641784215100521,1,0.3848163127887144,0.012478729438457176,0.238578480650107,535,YNL094W,non_ess,non_ess
-0.4982103078530897,-0.36413103477212544,0,-0.4931613984523342,0.00878293601003764,0.1804893350062735,259,YGL237C,non_ess,non_ess
0.08042860934216649,0.12312559504226042,0,-0.6267667023368415,0.02615384615384616,0.904175824175824,202,YGL037C,non_ess,non_ess
-0.5560741995726153,-0.3960347426766388,2,-0.8312646164457814,0.014117647058823532,0.6060130718954249,336,YDL062W,non_ess,non_ess
-0.9032575498897693,-0.45694182140343703,0,-0.2886634843433943,0.0,0.0,1022,YLR026C,ess,ess
2.2213926029646145,1.5703937990742756,2,0.1257856215840572,0.03653585926928282,0.8834794375478026,120,YGR121C,non_ess,non_ess
-0.7296658747311922,-0.4163371022522382,2,-0.457715093340118,0.003588516746411484,0.1378184404500194,427,YGL019W,non_ess,non_ess
-0.6139380912921409,-0.3525296864432115,0,-0.8230846998814239,0.01152073732718894,0.18621084797555387,277,YIL060W,non_ess,non_ess
-0.8453936581702434,-0.4511411472389801,0,-0.6458531743203426,0.001589825119236884,0.05297707574747424,393,YPR165W,ess,ess
-0.6139380912921409,-0.2278151919073865,7,-0.8857973935414988,0.0136986301369863,0.3305568940593378,276,YMR075C-A,non_ess,non_ess
-0.035299174096884746,0.2768434604003702,4,0.4448023675940033,0.008201202843083653,0.20299566417027987,335,YDL080C,non_ess,non_ess
0.022564717622640867,0.1260259321244889,3,-0.2859368454886084,0.015609756097560976,0.3945336064047664,225,YOR026W,non_ess,non_ess
-0.2088908492554616,-0.2423168773185289,0,1.0828358596138958,0.004741209008297114,0.21982476119645808,725,YIL143C,ess,ess
0.1961563927812177,-0.1466057536049889,0,-0.2913901231981801,0.018645731108930325,0.4185510269906737,189,YKL093W,non_ess,non_ess
-0.6139380912921409,-0.4076360910055528,3,0.4829753115610056,0.002672367717797969,0.07490192914696006,601,YPR048W,ess,non_ess
-0.15102695753593598,-0.2742205852230423,9,-0.8885240323962846,0.03591160220994475,0.9705990683566244,159,YGL220W,non_ess,non_ess
0.7169314182569483,-0.04509395572699184,2,0.7583658358943779,0.012879484820607176,0.4544618215271389,468,YMR237W,non_ess,non_ess
1.2955703354522043,0.15792964002900226,1,0.6411203651385857,0.018581907090464547,0.3170143470037367,179,YBR117C,non_ess,non_ess
-0.32461863269451285,-0.34382867519652605,1,0.5211482555280077,0.005227391531625719,0.1506167124894754,326,YOR070C,non_ess,non_ess
-0.9032575498897693,-0.45694182140343703,1,-0.2095909575546042,0.0,0.0,229,YLR224W,non_ess,non_ess
-0.32461863269451285,-0.21911418066070107,3,0.8647047512310266,0.004364906154517678,0.11114596973665067,386,YOR361C,ess,non_ess
-0.2667547409749872,-0.1002003602893331,9,-0.2859368454886084,0.010731707317073172,0.2653440349099977,179,YGR283C,non_ess,non_ess
-0.3824825244140385,-0.21911418066070107,4,-0.6503975724116524,0.014423076923076926,0.2647920645945477,152,YBR062C,non_ess,non_ess
-0.5560741995726153,-0.33802800103206904,1,-0.6867527571421306,0.010273972602739724,0.2803326810176125,249,YGL068W,ess,non_ess
-0.4982103078530897,-0.17560912442727378,5,0.05216637250483885,0.005010737294201861,0.19148688406119746,460,YHR146W,non_ess,non_ess
-0.2088908492554616,-0.1640077760983598,3,0.06034628906919645,0.008534850640113799,0.4046114658109763,288,YPL103C,non_ess,non_ess
-0.09316306581641036,-0.33802800103206904,8,-0.6485798131751285,0.022364217252396158,0.55634819904591,160,YBL057C,non_ess,non_ess
-0.9032575498897693,-0.45694182140343703,1,-0.8912506712510705,0.0,0.0,359,YLR198C,ess,ess
0.022564717622640867,-0.007389573658021506,1,-0.7276523399639185,0.029684601113172542,1.0199777830767531,239,YAR023C,non_ess,non_ess
0.8905230934155252,0.06801919047991918,0,0.8783379455049559,0.013443191673894187,0.3002689367160568,267,YDR119W,non_ess,non_ess
-0.09316306581641036,-0.1930111469206447,3,-0.02690615428395124,0.010687022900763359,0.3333773468124613,547,YMR240C,ess,non_ess
-0.9032575498897693,-0.45694182140343703,0,-0.16596473587803034,0.0,0.0,311,YGR046W,non_ess,non_ess
-0.8453936581702434,-0.4424401359922946,1,-0.7221990622543468,0.0018348623853211008,0.057080900750625524,279,YPL211W,ess,ess
-0.8453936581702434,-0.4540414843212086,0,0.1884983152441321,0.0006464124111182935,0.02588032731703103,270,YNR051C,non_ess,non_ess
0.8326592016959995,0.09702256130220403,0,0.6329404485742282,0.014734774066797643,0.4064530754118181,179,YIL067C,non_ess,non_ess
0.7169314182569483,0.1521289658645453,1,0.36572984080521337,0.016073478760045924,0.6726190158331776,385,YNR059W,non_ess,non_ess
-0.8453936581702434,-0.4453404730745231,0,-0.2723036512146791,0.0009615384615384617,0.026079277864992152,637,YML015C,ess,ess
1.0062508768545764,0.2768434604003702,3,1.017396527099035,0.013420089467263115,0.276252103118596,993,YJL102W,non_ess,non_ess
-0.8453936581702434,-0.4076360910055528,0,-0.3868224831156855,0.0010940919037199122,0.04651483928533492,418,YMR281W,ess,ess
0.7169314182569483,-0.07409732654927671,1,0.7138307345995422,0.013176470588235295,0.3520097531240476,153,YPL109C,non_ess,non_ess
1.1219786602936277,0.453764022416308,1,1.0337563602277502,0.014129995962858298,0.3384626939940476,603,YLL032C,non_ess,non_ess
-0.9032575498897693,-0.45694182140343703,0,0.6029474211715836,0.0,0.0,1596,YBR121C,ess,ess
-0.6139380912921409,-0.3032239560453272,0,-0.6958415533247502,0.008710801393728224,0.22230541077547727,195,YML094W,non_ess,non_ess
-0.035299174096884746,-0.17560912442727378,11,0.06034628906919645,0.010668563300142249,0.2273057160275205,416,YGR212W,non_ess,non_ess
-0.6139380912921409,-0.3467290122787545,1,-0.3568294557130409,0.005279831045406547,0.1852878837373607,215,YMR274C,non_ess,non_ess
3.4943982207941784,2.8784458231593235,17,1.6145304362971395,0.024390243902439025,0.621861549497848,259,YBL104C,non_ess,non_ess
-0.7296658747311922,-0.42793845058115215,1,-0.9076105043797856,0.008797653958944279,0.30667377588198697,170,YOR053W,non_ess,non_ess
-0.3824825244140385,-0.3235263156209266,5,0.6329404485742282,0.004420432220039293,0.08690446954813359,507,YJL101C,non_ess,non_ess
1.1219786602936277,0.2478400895780853,2,0.7174662530725899,0.016439643024894316,0.5112537822102308,412,YPL240C,non_ess,non_ess
-0.7875297664507178,-0.4482408101567516,0,-0.6922060348517023,0.0034602076124567475,0.1099086276145836,155,YFR054C,non_ess,non_ess
-0.09316306581641036,-0.15820710193390286,1,0.4829753115610056,0.007482629609834314,0.21355333095060874,476,YDL203C,non_ess,non_ess
-0.8453936581702434,-0.4511411472389801,0,0.3575499242408557,0.0005770340450086555,0.016250526348622136,1363,YER165W,ess,ess
-0.5560741995726153,-0.4105364280877813,2,-0.6858438775238687,0.010256410256410256,0.44194608809993424,342,YKR057W,non_ess,non_ess
-0.4403464161335641,-0.2945229447986418,5,0.37936303507914265,0.004553215708594196,0.1568518981483944,448,YHR109W,non_ess,non_ess
-0.7875297664507178,-0.4250381134989237,1,-0.8285379775909956,0.004672897196261682,0.2382964195792259,138,YER159C,ess,non_ess
-0.3824825244140385,-0.20171215816733007,2,-0.940330170637216,0.02950819672131148,1.0636804433156315,119,YLL020C,non_ess,non_ess
-0.4982103078530897,-0.36413103477212544,2,-0.7603720062213489,0.013916500994035786,0.3680141373978352,177,YKL063C,non_ess,non_ess
0.6590675265374226,0.08542121297329007,1,0.5347814498019371,0.014004149377593363,0.34757435063154624,321,YGR054W,non_ess,non_ess
-0.7296658747311922,-0.36413103477212544,3,-0.7821851170596359,0.006263048016701462,0.19610891484919826,153,YIL016W,non_ess,non_ess
0.2540202845007433,0.18113233668683013,6,-0.2859368454886084,0.01951219512195122,0.7604181184668989,147,YDR411C,non_ess,non_ess
-0.6139380912921409,-0.3583303606076685,1,-0.7576453673665631,0.009881422924901186,0.5347167325428195,281,YLR164W,non_ess,non_ess
0.4276119596593202,0.39285694368950974,5,-0.1986844021354608,0.02051739518287244,0.4762464532946496,203,YIL006W,non_ess,non_ess
0.4276119596593202,0.027414471328720345,0,1.8599279332278675,0.006792675723567632,0.18263118404878595,672,YPL115C,non_ess,non_ess
-0.15102695753593598,-0.1002003602893331,11,-0.08689220908924028,0.01045016077170418,0.3030158141981138,274,YDR282C,non_ess,non_ess
-0.7296658747311922,-0.42793845058115215,0,-0.2677592531233693,0.002870813397129186,0.0570907117841464,756,YNL069C,non_ess,ess
0.7169314182569483,0.5842791911165899,6,0.07670612219791162,0.01966292134831461,0.8238327091136078,167,YLL063C,non_ess,non_ess
0.6590675265374226,0.13182660628894588,4,0.4966085058349349,0.014316012725344643,0.3211097047856874,298,YLR177W,non_ess,non_ess
0.7747953099764741,0.215936381673572,2,0.594767504607226,0.014543630892678034,0.4922390628676152,235,YML020W,non_ess,non_ess
0.3697480679397946,0.007112111753120929,3,1.1101022481617546,0.008590394377196406,0.16606907636248158,458,YFR038W,non_ess,non_ess
-0.9032575498897693,-0.45694182140343703,0,-0.16596473587803034,0.0,0.0,815,YBR155W,ess,ess
-0.3824825244140385,-0.2771209223052708,1,-0.19050448557110314,0.007964601769911504,0.17252355124179275,303,YGL148W,non_ess,non_ess
0.311884176220269,-0.19881182108510168,0,2.3670827602180378,0.005324543610547667,0.10676020710175926,1155,YPL016W,ess,ess
-0.15102695753593598,-0.06829665238481973,0,-0.1087053199275272,0.01065573770491803,0.2374649379791809,523,YGR179C,ess,non_ess
-0.6139380912921409,-0.34382867519652605,4,-0.1550581804588869,0.00427715996578272,0.14860187881118495,451,YDR197W,non_ess,non_ess
-0.6139380912921409,-0.4134367651700097,0,-0.7658252839309206,0.01006036217303823,0.3168360814236065,307,YEL054C,non_ess,non_ess
1.0062508768545764,0.3000461570581981,5,0.3848163127887144,0.018718094157685758,0.6350082857873721,210,YPL274W,non_ess,non_ess
2.27925649468414,0.8424091914349252,5,2.258017206026604,0.014382845188284518,0.4066235803945009,606,YLR436C,non_ess,non_ess
0.1382925010616921,0.0593181792332337,6,0.07670612219791162,0.012640449438202249,0.2876317055043064,263,YLR288C,non_ess,non_ess
-0.7875297664507178,-0.4482408101567516,0,-0.34592290029389744,0.0020855057351407717,0.03419104868224662,959,YIR011C,ess,ess
-0.2088908492554616,0.06511885339769068,8,-0.4713482876140472,0.0146163215590743,0.4223420915260136,249,YLR064W,non_ess,non_ess
0.7747953099764741,0.21303604459134354,1,0.1039725107457703,0.01994497936726272,0.4935573813152905,321,YDL089W,non_ess,non_ess
-0.4403464161335641,-0.1466057536049889,4,-0.4086355939539724,0.008988764044943821,0.2805152096464785,276,YBR147W,non_ess,non_ess
-0.4403464161335641,-0.349629349360983,0,0.6084006988811553,0.0039820806371329035,0.12885082820737334,390,YMR032W,non_ess,non_ess
0.08042860934216649,-0.14950609068721735,3,0.04671309479526712,0.012221423436376708,0.4636082824436527,476,YDR148C,non_ess,non_ess
0.4276119596593202,0.1985343591802011,2,-0.10506980145447938,0.018790849673202614,0.5052962312619906,156,YHR097C,non_ess,non_ess
-0.7875297664507178,-0.4511411472389801,1,-0.22049751297374767,0.0018231540565177761,0.06980544810991482,836,YER107C,non_ess,ess
-0.8453936581702434,-0.4511411472389801,0,-0.15960257855019666,0.000859106529209622,0.02480045091728941,881,YIL018W,non_ess,ess
-0.32461863269451285,-0.1959114840028732,0,-0.04871926512223816,0.0077760497667185065,0.20095151269066644,310,YDR394W,ess,non_ess
4.1887649214284846,1.8720288556260385,2,9.941685498813172,0.007167291089754032,0.20509790604296144,1489,YKR054C,non_ess,non_ess
-0.9032575498897693,-0.45694182140343703,0,-1.0030428642972908,0.0,0.0,226,YCR020W-B,non_ess,non_ess
-0.3824825244140385,-0.0973000232071046,0,-0.5831404806602677,0.012893982808022923,0.395278593980983,292,YOR077W,ess,non_ess
0.1961563927812177,-0.1640077760983598,4,-0.3977290385348289,0.02106430155210643,0.637790417429866,213,YLR146C,non_ess,non_ess
0.4854758513788458,0.06801919047991918,0,0.7310994473465192,0.011194029850746268,0.23537313432835816,242,YOL017W,non_ess,non_ess
0.3697480679397946,-0.1640077760983598,2,0.1039725107457703,0.01513067400275103,0.34885622268993444,223,YOR216C,non_ess,non_ess
0.4276119596593202,-0.010289910740249994,0,1.4563853827195594,0.007817811012916384,0.2294500197287417,435,YBL085W,non_ess,non_ess
0.3697480679397946,-0.19011080983841624,2,1.868107849792225,0.006480117820324006,0.1704901794674626,1002,YAL019W,non_ess,non_ess
-0.09316306581641036,-0.016090584904706967,3,-0.6840261182873447,0.02385008517887564,0.7408814921591754,132,YIR032C,non_ess,non_ess
-0.7296658747311922,-0.36123069768989696,1,-0.6104068692081264,0.004491017964071856,0.07396254003620666,215,YNR017W,ess,ess
0.6012036348178971,-0.007389573658021506,0,1.221894441207975,0.009687034277198213,0.1996457954800645,514,YBL014C,ess,non_ess
2.0478009278060374,2.1852652605067147,7,-0.7521920896569914,0.099609375,4.730328615470851,35,YDR260C,non_ess,non_ess
-0.4982103078530897,-0.36413103477212544,0,0.7065596976534465,0.0033065658951346244,0.0891655708613668,448,YBL035C,ess,ess
0.6590675265374226,-0.08859901196041915,1,0.4284425344652881,0.014908890115958034,0.2832211272989848,256,YLR353W,non_ess,non_ess
-0.035299174096884746,-0.2452172144007575,2,0.9901301385511764,0.006175380815150268,0.1386788643633024,557,YGR261C,non_ess,non_ess
-0.7296658747311922,-0.3757323831010394,0,0.493881866980149,0.0015932023366967605,0.041740656532129584,1057,YKL125W,ess,ess
0.5433397430983714,0.4798670561563644,17,2.2034844289308864,0.006641870350690754,0.12794339728172716,1685,YOR330C,non_ess,non_ess
0.3697480679397946,-0.10890137153601856,10,0.5893142268976543,0.011066398390342052,0.2651780993125991,201,YFR048W,non_ess,non_ess
1.1798425520131532,0.9468213263951508,6,0.6220338931550846,0.017786561264822136,0.646583850931677,259,YOR054C,non_ess,non_ess
-0.4403464161335641,-0.2539182256474429,0,-0.3213831506008247,0.008113590263691683,0.2872999774622493,492,YDL037C,non_ess,non_ess
1.5270259023303068,0.6538872810900735,1,0.919237528326744,0.01786473840918758,0.3032203180527161,277,YAL053W,non_ess,non_ess
-0.7875297664507178,-0.4511411472389801,0,0.6874732256699454,0.0009541984732824428,0.02383695808728216,365,YLR452C,non_ess,ess
1.7006175774888836,0.5610764944587621,0,2.0017131536767323,0.012704686617730096,0.29938870203520485,289,YBR218C,non_ess,non_ess
-0.3824825244140385,-0.2945229447986418,0,-0.16051145816845866,0.007738607050730869,0.17024935511607908,270,YGL246C,non_ess,non_ess
-0.7296658747311922,-0.3757323831010394,0,0.79653877986138,0.0013537906137184115,0.040212595266746885,1877,YKL054C,non_ess,ess
0.7747953099764741,0.0593181792332337,4,1.2627940240297628,0.010626603151337486,0.3871699543992509,309,YGL036W,non_ess,non_ess
-0.035299174096884746,-0.1814097985917308,0,-0.7794584782048499,0.03112033195020747,1.061739876949492,83,YMR040W,non_ess,non_ess
1.6427536857693583,0.8221068318593258,2,1.584537408894495,0.01427181316899124,0.3702176297051419,240,YLR389C,non_ess,non_ess
2.27925649468414,0.906216607243952,4,0.5538679217854381,0.028219599794766542,0.6672937688843281,102,YIL155C,non_ess,non_ess
-0.2088908492554616,-0.26841991105858537,1,1.2355276354819045,0.0044460911448684715,0.1148361827131742,558,YLR336C,ess,ess
-0.035299174096884746,0.09702256130220403,12,-0.9675965591850748,0.054545454545454536,1.1695331695331694,224,YNR037C,non_ess,non_ess
0.7169314182569483,0.1289262692067174,6,0.6901998645247313,0.01333968556455455,0.4017565300246494,284,YLR233C,non_ess,non_ess
1.0062508768545764,0.6016812136099609,0,0.2621175643233505,0.020270270270270268,0.3747528015820699,185,YIL121W,non_ess,non_ess
-0.32461863269451285,-0.2800212593874993,10,-0.4495351767757603,0.01183431952662722,0.7378272808137061,176,YDR315C,non_ess,non_ess
1.5270259023303068,0.3580528987027679,2,0.26484420317813634,0.02575107296137339,0.7467811158798283,132,YLR023C,non_ess,non_ess
-0.9032575498897693,-0.45694182140343703,0,-0.18777784671631728,0.0,0.0,717,YBR192W,ess,ess
-0.09316306581641036,-0.2597188998118999,2,-0.17414465244238794,0.012195121951219513,0.3478474382059257,114,YLR180W,non_ess,non_ess
-0.7296658747311922,-0.3525296864432115,0,-0.8176314221718521,0.006818181818181818,0.12421875,214,YOR224C,ess,non_ess
5.288178864099471,2.4172922270849937,4,1.7781287675842914,0.03246359223300972,0.7660401143975315,156,YML100W,non_ess,non_ess
0.7747953099764741,-0.0798980007137337,4,2.29346351113882,0.0075071188195702816,0.2731266464649541,978,YLR398C,non_ess,non_ess
-0.8453936581702434,-0.4540414843212086,0,-0.12506515305624238,0.0008319467554076539,0.017786575944853816,455,YGR005C,ess,ess
-0.035299174096884746,0.11732492087780345,4,-0.3213831506008247,0.015212981744421906,0.8648806057076295,225,YDR435C,non_ess,non_ess
-0.6718019830116665,-0.4221377764166952,1,-0.678572840577773,0.006745362563237775,0.20164833859819967,350,YKR065C,non_ess,non_ess
2.0478009278060374,0.9700240230529786,0,0.311197063709496,0.030321046373365038,0.5831254893999595,87,YMR145C,non_ess,non_ess
-0.2667547409749872,-0.2162138435784726,5,-0.3541028168582551,0.011578947368421052,0.5861482063367374,457,YNL058C,non_ess,non_ess
-0.6718019830116665,-0.42793845058115215,0,0.28120403630685153,0.002425712553062462,0.05559773939897366,688,YPL228W,ess,ess
-0.4982103078530897,-0.3003236189630987,0,0.8756113066501702,0.00303951367781155,0.07649987471538604,1017,YGL120C,ess,ess
0.311884176220269,1.2948617762625692,0,-0.8448978107197108,0.05121951219512195,0.9793258662200356,219,YCR064C,non_ess,non_ess
1.2955703354522043,0.6306845844322457,0,-0.4004556773896147,0.042269187986651836,1.402099894191378,157,YBR291C,non_ess,non_ess
0.9483869851350506,0.6103822248566463,2,-0.8912506712510705,0.08913649025069638,3.1012641954146134,77,YGL072C,non_ess,non_ess
-0.7875297664507178,-0.29162260771641324,0,0.8401650015379539,0.00088339222614841,0.029031480886604562,1074,YNL258C,ess,ess
-0.2667547409749872,-0.3525296864432115,0,0.7719990301683073,0.005025125628140704,0.1634014667934266,1030,YPR141C,non_ess,ess
-0.5560741995726153,-0.2887222706341848,6,-0.6458531743203426,0.009538950715421305,0.2444033858978215,149,YPL267W,non_ess,non_ess
-0.4403464161335641,-0.3235263156209266,3,-0.839444533010139,0.019230769230769232,0.5092032967032968,217,YBR269C,non_ess,non_ess
-0.7296658747311922,-0.4395397989100661,1,0.13578329738493872,0.002014775016789792,0.0570116337009034,761,YMR033W,ess,ess
-0.6718019830116665,-0.36413103477212544,0,0.3439167299669264,0.002328288707799767,0.07153095076275008,680,YLR259C,ess,ess
-0.4403464161335641,-0.3699317089365824,0,-0.4686216487592614,0.009708737864077669,0.4106063381571716,237,YPL094C,ess,non_ess
-0.3824825244140385,-0.3003236189630987,5,1.0119432493894631,0.003668976763147167,0.07526272687588613,485,YGR196C,non_ess,non_ess
-0.9032575498897693,-0.45694182140343703,2,-0.215044235264176,0.0,0.0,554,YPL209C,ess,non_ess
-0.8453936581702434,-0.4453404730745231,5,-0.8612576438484258,0.0025510204081632647,0.04366462031967258,392,YCL007C,non_ess,non_ess
0.7169314182569483,0.9874260455463496,9,-0.6676662851586296,0.04628099173553719,1.2092950899368011,63,YLR179C,non_ess,non_ess
0.1382925010616921,-0.018990921986935458,5,0.7610924747491637,0.008268259072117593,0.292186598789118,476,YKR018C,non_ess,non_ess
1.4112981188912557,0.4334616628407086,0,-0.7576453673665631,0.07905138339920949,1.3394094396651943,49,YLR349W,non_ess,non_ess
-0.4403464161335641,-0.3235263156209266,1,0.2212179815015625,0.0050536955148452285,0.10219339980968678,1033,YER052C,non_ess,non_ess
0.1382925010616921,-0.22491485482515805,0,0.9083309729076005,0.007695596408721676,0.2451802631526373,460,YLR144C,non_ess,non_ess
-0.8453936581702434,-0.4540414843212086,0,-0.9076105043797856,0.0029325513196480947,0.11116790874115527,149,YPL098C,non_ess,non_ess
0.4276119596593202,0.03901581965763429,4,3.198707610927728,0.004733484256019757,0.2318364667772144,915,YOR191W,non_ess,non_ess
-0.32461863269451285,-0.1872104727561877,2,-0.4849814818879766,0.01240694789081886,0.7684844866508704,164,YPR134W,non_ess,non_ess
0.3697480679397946,0.036115482575405804,8,0.7229195307821616,0.010304449648711944,0.2491673172001041,510,YOL057W,non_ess,non_ess
-0.6718019830116665,-0.4018354168410958,2,0.5865875880428684,0.0020151133501259445,0.07665491183879093,1026,YNL197C,non_ess,non_ess
-0.7296658747311922,-0.3699317089365824,2,-0.7276523399639185,0.005565862708719851,0.1905534941249227,331,YNL245C,ess,non_ess
-0.6139380912921409,-0.3844333943477248,0,-0.5367876201289079,0.006675567423230975,0.17264536347865014,259,YLL046C,non_ess,non_ess
0.311884176220269,0.2333384041669429,7,-0.9103371432345716,0.0621301775147929,2.0012566543310046,75,YOR379C,non_ess,non_ess
-0.7875297664507178,-0.4366394618278376,1,-0.4249954270826876,0.002293577981651377,0.05855623034845156,354,YNL075W,ess,ess
1.0062508768545764,0.25364076374254235,3,0.9355973614554592,0.013929928239763613,0.3023053991908948,246,YJL200C,non_ess,non_ess
1.0062508768545764,0.5117707640608777,0,0.28665731401642325,0.019939577039274924,0.4632209248523447,176,YOL055C,non_ess,non_ess
0.08042860934216649,-0.17270878734504527,4,0.7065596976534465,0.00803023145961266,0.15304676428908834,976,YMR186W,non_ess,non_ess
-0.7296658747311922,-0.4453404730745231,1,-0.820358061026638,0.006864988558352402,0.21686262132091846,136,YKL160W,non_ess,non_ess
1.7584814692084092,0.7524987418858421,2,2.7297257279045586,0.010591756850103615,0.2315515492466909,689,YJR092W,non_ess,non_ess
-0.09316306581641036,-0.2278151919073865,7,-0.07598565367009681,0.011146496815286623,0.2768645983151839,254,YBL055C,non_ess,non_ess
-0.4403464161335641,-0.33802800103206904,1,-0.9430568094920021,0.026490066225165563,0.5062404482934284,124,YDR114C,non_ess,non_ess
0.7169314182569483,0.1869330108512872,3,0.7938121410065941,0.012652507907817443,0.38913650741486255,468,YPL029W,non_ess,non_ess
-0.9032575498897693,-0.45694182140343703,0,0.5675011160593674,0.0,0.0,1104,YJR045C,ess,ess
-0.15102695753593598,-0.15240642776944588,0,-0.8776174769771412,0.03475935828877005,0.8636363636363636,147,YBR178W,non_ess,non_ess
-0.7875297664507178,-0.4424401359922946,3,-0.08143893137966854,0.0016,0.04942574257425742,1111,YCR012W,ess,ess
-0.09316306581641036,-0.2336158660718435,9,-0.07053237596052507,0.01109350237717908,0.22394012693453846,300,YER149C,non_ess,non_ess
-0.035299174096884746,-0.021891259069163945,0,0.9083309729076005,0.006412997007268063,0.9817951769640526,537,YDR208W,ess,non_ess
-0.3824825244140385,-0.20171215816733007,0,0.5511412829306521,0.004624871531346352,0.42644805988093626,383,YLR273C,non_ess,non_ess
-0.4403464161335641,-0.4047357539233243,0,1.445478827300416,0.0027303754266211604,0.0939105442787857,1878,YMR275C,non_ess,ess
0.08042860934216649,-0.2452172144007575,3,-0.6049535914985547,0.025222551928783383,1.1941731858645803,135,YJL037W,non_ess,non_ess
-0.7875297664507178,-0.4453404730745231,0,-0.5040679538714776,0.0025477707006369425,0.07738084248746115,354,YER126C,ess,ess
-0.7296658747311922,-0.43083878766338063,0,0.0003602342639074158,0.002238805970149254,0.05173208033904552,1038,YDL084W,ess,ess
-0.32461863269451285,-0.2887222706341848,1,-0.3431962614391116,0.010395010395010396,0.2717391304347826,294,YGL081W,non_ess,non_ess
0.2540202845007433,-0.17270878734504527,0,2.1216852632873104,0.005443658138268917,0.1876937334946936,560,YDR335W,non_ess,non_ess
-0.5560741995726153,-0.3206259785386981,1,1.1864481360957588,0.002268431001890359,0.03506784438509509,1781,YPL248C,non_ess,non_ess
1.0062508768545764,0.5349734607187057,1,-0.21231759640939007,0.029837251356238693,2.0231724347841653,164,YGR040W,non_ess,non_ess
-0.7875297664507178,-0.3902340685121817,1,-0.9130637820893576,0.005970149253731343,0.13297526209781546,172,YGR151C,non_ess,non_ess
-0.5560741995726153,-0.3670313718543539,0,-0.5613273698219808,0.008310249307479225,0.1644352108341028,478,YER148W,ess,ess
-0.7296658747311922,-0.4221377764166952,0,-0.8530777272840684,0.007481296758104737,0.5458163102881095,401,YJR023C,ess,non_ess
0.022564717622640867,0.07091952756214764,14,-0.193231124425889,0.014196983141082519,0.3506460356626272,504,YOL128C,non_ess,non_ess
-0.4982103078530897,-0.2220145177429296,2,0.15032537127713,0.004651162790697674,0.22362301101591187,304,YMR115W,non_ess,non_ess
-0.6139380912921409,-0.42793845058115215,0,1.6636099356832852,0.0015772870662460567,0.04698199584519505,1077,YNL132W,ess,ess
-0.7296658747311922,-0.4453404730745231,0,-0.1087053199275272,0.002459016393442623,0.05288378575695228,270,YKR092C,non_ess,non_ess
-0.6718019830116665,-0.3902340685121817,0,0.4393490898844317,0.0021941854086670325,0.0796874065716373,490,YDR341C,ess,ess
-0.6718019830116665,-0.3699317089365824,0,0.9546838334389602,0.0016736401673640164,0.06810635713321636,1320,YOL076W,non_ess,ess
1.35343422717173,0.3870562695250528,5,0.3275568968382112,0.02294117647058824,0.3835093256814921,202,YCL036W,non_ess,non_ess
1.1798425520131532,0.007112111753120929,0,1.4700185769934888,0.01217450118363206,0.32367900300344543,285,YOR346W,non_ess,non_ess
1.5848897940498323,0.3000461570581981,4,0.4475290064487893,0.023471615720524017,0.6310511540860886,230,YCR048W,non_ess,non_ess
-0.4403464161335641,-0.33802800103206904,0,0.4993351446897207,0.004235044997353097,0.09068966401820884,764,YNR038W,ess,ess
0.311884176220269,-0.16110743901613134,2,0.33573681340256883,0.012287887653598594,0.4420642509526325,171,YLR253W,non_ess,non_ess
-0.4982103078530897,-0.3902340685121817,0,2.7488121998880595,0.0016040329972502293,0.03736906567829682,1014,YLR320W,non_ess,ess
0.08042860934216649,0.036115482575405804,1,-0.16596473587803034,0.014693171996542784,0.25306686700312514,227,YCL008C,non_ess,non_ess
1.4112981188912557,0.07962053880883313,12,0.3984495070626437,0.02249718785151856,0.7191007598870285,230,YCR088W,non_ess,non_ess
0.08042860934216649,-0.11180170861824704,2,1.5899906866040667,0.0055033991583036575,0.2061773448306307,1425,YMR231W,non_ess,non_ess
1.1219786602936277,0.3377505391271685,0,1.5899906866040667,0.011330527678860471,0.3672499282125567,330,YHR082C,non_ess,non_ess
-0.4403464161335641,-0.4163371022522382,5,-0.556782971730671,0.011004126547455296,0.4432561086812049,248,YMR230W,non_ess,non_ess
0.08042860934216649,-0.053794966973677305,3,-0.5640540086767667,0.023643949930458968,0.6917168907433163,182,YGR247W,non_ess,non_ess
-0.2667547409749872,-0.2945229447986418,0,0.8674313900858125,0.004795117698343504,0.13180668353082148,817,YDL028C,ess,ess
-0.6718019830116665,-0.4192374393344667,2,-0.558600730967195,0.0055172413793103435,0.21480046493607127,487,YDR196C,ess,non_ess
1.1219786602936277,-0.0015888994935645325,4,2.298916788848392,0.009046265184802274,0.21402245660775,409,YOR296W,non_ess,non_ess
-0.9032575498897693,-0.45694182140343703,0,-0.4522618156305462,0.0,0.0,842,YOL127W,ess,ess
0.2540202845007433,-0.2887222706341848,12,-0.16051145816845866,0.01719690455717971,0.4084078718644497,324,YBR246W,non_ess,non_ess
0.022564717622640867,-0.22491485482515805,3,0.3275568968382112,0.009411764705882352,0.4103292637809841,204,YLR417W,non_ess,non_ess
-0.8453936581702434,-0.4511411472389801,0,-0.8694375604127835,0.0026109660574412533,0.06773022967650573,137,YBR099C,non_ess,non_ess
0.8326592016959995,0.2652421120714563,0,0.18577167638934625,0.019430051813471502,0.6578210334687019,211,YKL103C,non_ess,non_ess
-0.32461863269451285,-0.36413103477212544,1,-0.6812994794325589,0.01694915254237288,0.5177896063874492,139,YMR118C,non_ess,non_ess
-0.6139380912921409,-0.4192374393344667,2,-0.3241097894556105,0.00508646998982706,0.097760189110838,369,YMR060C,non_ess,non_ess
-0.9032575498897693,-0.45694182140343703,0,0.191224954098918,0.0,0.0,1550,YGL112C,ess,ess
-0.5560741995726153,-0.22491485482515805,0,-0.4686216487592614,0.0072815533980582535,0.2079288025889968,511,YFR052W,ess,ess
1.0062508768545764,0.09992289838443252,7,0.493881866980149,0.017525225703664358,0.3671206502591824,177,YHL040C,non_ess,non_ess
-0.7875297664507178,-0.4221377764166952,0,-0.14142498618495758,0.0016891891891891893,0.0921875,1036,YCR035C,ess,ess
-0.8453936581702434,-0.4511411472389801,0,-0.9594166426207172,0.0035211267605633804,0.11364339885466647,191,YDR016C,ess,ess
-0.09316306581641036,0.021613797164263367,6,-0.8312646164457814,0.03294117647058824,0.8819038042567454,95,YER187W,non_ess,non_ess
-0.7296658747311922,-0.4395397989100661,3,-0.5858671195150535,0.004316546762589928,0.08564615729512706,197,YIL118W,ess,non_ess
0.1382925010616921,-0.0769976636315052,2,-0.3077499563268953,0.017982017982017984,0.9813686313686314,194,YCR036W,non_ess,non_ess
-0.09316306581641036,0.3406508762093969,6,-0.9103371432345716,0.04142011834319527,0.7646503172453127,85,YMR086C-A,non_ess,non_ess
1.0062508768545764,0.2333384041669429,3,1.4509321050099877,0.011239782016348772,0.2804131823733909,757,YLR442C,non_ess,non_ess
-0.4403464161335641,-0.3815330572654964,0,-0.4386286213566168,0.009334889148191364,0.18391444445633906,291,YDR116C,non_ess,non_ess
-0.035299174096884746,-0.0015888994935645325,1,-0.032359431993522966,0.011503067484662576,0.3346927867633389,884,YDR448W,non_ess,non_ess
0.8905230934155252,0.08542121297329007,1,0.21031142608241904,0.019732654360280075,0.4270480637449538,132,YKL039W,non_ess,non_ess
-0.7875297664507178,-0.32642665270315513,0,-0.6076802303533405,0.002980625931445604,0.04134138927297476,157,YHL031C,non_ess,non_ess
0.311884176220269,0.0013114375886639548,4,-0.4195421493731158,0.023917995444191344,0.5368400338704099,192,YJR088C,non_ess,non_ess
-0.035299174096884746,-0.053794966973677305,3,0.1039725107457703,0.010316368638239341,0.2261609547242188,231,YHR030C,non_ess,non_ess
-0.6139380912921409,-0.3757323831010394,3,-0.7085658679804175,0.008928571428571428,0.17419467787114845,256,YNR024W,non_ess,non_ess
-0.4982103078530897,-0.36413103477212544,9,-0.8421711718649251,0.01694915254237288,0.4422251916449821,121,YKL167C,non_ess,non_ess
0.2540202845007433,0.8105054835304119,1,-0.8830707546867129,0.05434782608695652,1.70636189258312,282,YFR056C,non_ess,non_ess
-0.035299174096884746,-0.2597188998118999,0,1.7045095185050732,0.004665629860031105,0.15107557219339654,1117,YKR086W,ess,ess
1.0062508768545764,0.16373031419345924,0,1.9580869320001584,0.009444762449914138,0.30756760772010466,554,YHR158C,non_ess,non_ess
0.6590675265374226,0.1260259321244889,2,0.837438362683168,0.011941618752764263,0.3952862394957983,334,YBR094W,non_ess,non_ess
1.0062508768545764,0.2014346962624296,7,1.5163714375248485,0.010970744680851064,0.3996110173270481,739,YPL040C,non_ess,non_ess
-0.4982103078530897,-0.2858219335519563,2,0.1994048706632756,0.004490057729313664,0.06932882817362193,1481,YMR014W,non_ess,non_ess
0.1961563927812177,-0.10600103445379007,1,-0.06507909825095334,0.01498422712933754,0.4463587201442091,380,YJL183W,non_ess,non_ess
-0.2667547409749872,-0.2394165402363005,0,3.929446824010338,0.0019424333392194949,0.046410042239829113,1331,YPL231W,ess,ess
-0.7875297664507178,-0.4482408101567516,0,0.013993428537836741,0.0014760147601476016,0.0997646010942868,1070,YER136W,ess,ess
0.5433397430983714,0.09122188713774708,3,0.5375080886567228,0.01294665976178146,0.592802686046073,839,YHR091C,non_ess,non_ess
-0.32461863269451285,-0.0769976636315052,0,-0.457715093340118,0.011961722488038276,0.357231054175027,230,YBR146W,non_ess,non_ess
-0.6718019830116665,-0.3960347426766388,0,0.3739097573695709,0.002284408909194746,0.04531245303435631,567,YKL012W,ess,ess
-0.7875297664507178,-0.3960347426766388,0,-0.8748908381223552,0.005305039787798408,0.10946584356719018,111,YLR331C,non_ess,non_ess
-0.2667547409749872,-0.3003236189630987,1,0.5920408657524402,0.0055248618784530384,0.1635589318600368,525,YDR458C,non_ess,non_ess
1.9320731443669856,0.888814584750581,16,-0.8885240323962846,0.13535911602209946,4.397731280122252,43,YMR103C,non_ess,non_ess
0.2540202845007433,0.04191615673986278,4,0.17759175982498865,0.013029315960912051,0.7612377850162866,196,YDR371W,non_ess,non_ess
0.311884176220269,-0.07409732654927671,2,0.12033234387448548,0.014266304347826088,0.2810736308528428,223,YMR070W,non_ess,non_ess
0.9483869851350506,0.2478400895780853,5,0.28120403630685153,0.019405700424499697,0.6104442186514806,291,YIL099W,non_ess,non_ess
-0.8453936581702434,-0.4221377764166952,0,0.057619650214410574,0.0007127583749109052,0.021000653974179044,811,YPL083C,ess,ess
-0.2667547409749872,-0.32642665270315513,1,0.2375778146302777,0.006870705808869456,0.14629576027178134,302,YNL294C,non_ess,non_ess
-0.7296658747311922,-0.38733373142995337,3,-0.8285379775909956,0.0070093457943925215,0.2533177570093458,333,YBR210W,non_ess,non_ess
-0.4982103078530897,-0.33802800103206904,3,1.6118037974423538,0.00224863475746868,0.05659189481589235,2229,YKL057C,non_ess,non_ess
-0.8453936581702434,-0.4540414843212086,2,-0.7721874412587544,0.0020408163265306124,0.06654761904761905,249,YCR028C-A,non_ess,non_ess
-0.5560741995726153,-0.4076360910055528,3,-1.0030428642972908,0.025423728813559324,0.4946554066024922,112,YLR325C,non_ess,non_ess
1.8742092526474603,0.6712893035834445,0,0.979223583132033,0.01985932974762102,0.5835898160388306,239,YGL216W,non_ess,non_ess
-0.6139380912921409,-0.4192374393344667,3,-0.23685734610246284,0.0046339202965709,0.1885932006413934,593,YGL211W,non_ess,non_ess
-0.7296658747311922,-0.4221377764166952,0,-0.2913901231981801,0.002944062806673209,0.1488746082497072,376,YDL209C,ess,ess
-0.4982103078530897,-0.236516203154072,1,-0.7340144972917523,0.013157894736842105,0.382807981492192,173,YDR397C,ess,non_ess
-0.035299174096884746,-0.10890137153601856,3,-0.015999598864807774,0.0113464447806354,0.1940203066269476,411,YGL164C,non_ess,non_ess
0.6012036348178971,-0.06539631530259125,0,0.33573681340256883,0.015213575190169687,0.44809859494038456,118,YDR536W,non_ess,non_ess
-0.5560741995726153,-0.3003236189630987,4,-0.820358061026638,0.013729977116704805,0.1858970716613892,66,YIL051C,ess,non_ess
-0.5560741995726153,-0.38733373142995337,0,-0.10597868107274132,0.004905968928863451,0.15843591438076146,511,YMR235C,ess,ess
-0.6718019830116665,-0.3931344055944103,2,-1.0303092528451496,0.019417475728155338,0.6059717897050741,135,YMR174C,non_ess,non_ess
-0.4982103078530897,-0.20461249524955866,10,-0.7167457845447751,0.012704174228675136,0.3700257904288853,496,YGR102C,non_ess,non_ess
-0.2667547409749872,-0.06829665238481973,3,-0.7221990622543468,0.020183486238532108,1.0861705742439691,183,YDR441C,non_ess,non_ess
-0.7296658747311922,-0.4453404730745231,3,0.9083309729076005,0.0012825994014536127,0.03004391931283765,444,YJR040W,non_ess,non_ess
-0.7296658747311922,-0.4047357539233243,0,-0.9076105043797856,0.008797653958944279,0.19909538247427805,79,YKL061W,non_ess,non_ess
-0.5560741995726153,-0.349629349360983,0,2.2552905671718184,0.0015702695629416384,0.03850431824129809,1577,YDL195W,ess,ess
-0.7875297664507178,-0.4511411472389801,0,-0.8421711718649251,0.0048426150121065395,0.90897397094431,324,YDR209C,non_ess,non_ess
-0.7875297664507178,-0.38733373142995337,3,-1.0084961420068628,0.008695652173913044,0.29051094890510953,98,YOR304C-A,non_ess,non_ess
0.2540202845007433,-0.0973000232071046,2,0.30301714714513844,0.011954572624028692,0.3451465436926273,241,YDR358W,non_ess,non_ess
1.064114768574102,0.2681424491536848,3,-0.5613273698219808,0.047091412742382266,1.0176184746821866,88,YLR326W,non_ess,non_ess
-0.3824825244140385,-0.36413103477212544,0,0.04125981708569538,0.006498194945848376,0.21937538314828686,329,YLR005W,ess,ess
0.022564717622640867,-0.19011080983841624,2,0.7829055855874507,0.007269422989550205,0.2326215356656065,456,YJL168C,non_ess,non_ess
0.8326592016959995,-0.0769976636315052,10,-0.08416557023445441,0.024057738572574167,1.023970133362086,113,YGL208W,non_ess,non_ess
0.022564717622640867,0.010012448835349415,8,-0.5640540086767667,0.022253129346314324,0.4332884444150091,226,YMR063W,non_ess,non_ess
1.9899370360865118,0.6074818877744178,4,1.829934905825223,0.014912019087384432,0.6271332471750009,410,YBL101C,non_ess,non_ess
0.5433397430983714,-0.06249597822036276,0,1.0828358596138958,0.009877518767285659,0.3746808801629031,223,YMR031C,non_ess,non_ess
0.4854758513788458,0.036115482575405804,0,0.22394462035634835,0.015132408575031526,0.2768401596158165,295,YER060W,non_ess,non_ess
-0.035299174096884746,-0.06249597822036276,11,-0.1986844021354608,0.013380909901873328,0.20032353453679164,202,YMR191W,non_ess,non_ess
-0.7875297664507178,-0.43083878766338063,5,-0.5667806475315526,0.002793296089385475,0.07759702704698153,179,YHR013C,non_ess,non_ess
-0.4403464161335641,-0.3902340685121817,4,-0.4113622328087582,0.009019165727170236,0.2648889760305867,278,YFR047C,non_ess,non_ess
0.1961563927812177,-0.06249597822036276,2,1.9117340714687991,0.00551844321812373,0.1266037682815999,663,YLR096W,non_ess,non_ess
0.1961563927812177,-0.04509395572699184,3,0.16941184326063105,0.012450851900393184,0.20341540672999686,366,YMR020W,non_ess,non_ess
-0.4403464161335641,-0.33802800103206904,2,-0.8857973935414988,0.021917808219178082,1.3924011372447658,132,YMR052C-A,non_ess,non_ess
-0.9032575498897693,-0.45694182140343703,4,-0.5204277870001929,0.0,0.0,767,YML063W,non_ess,non_ess
0.08042860934216649,-0.1930111469206447,0,0.9955834162607482,0.006981519507186858,0.2362403985093923,1165,YKR099W,non_ess,non_ess
-0.4982103078530897,-0.349629349360983,0,-0.9021572266702141,0.02017291066282421,0.5288184438040345,129,YDR230W,non_ess,non_ess
-0.7875297664507178,-0.4482408101567516,1,-0.6594863685942719,0.0032573289902280127,0.09436673692278214,285,YLR029C,ess,ess
0.4854758513788458,-0.14080507944053192,7,1.4291189941717009,0.008241758241758242,0.4451312576312577,550,YIR023W,non_ess,non_ess
-0.6139380912921409,-0.4047357539233243,0,-0.23413070724767696,0.004621072088724585,0.13453832698582044,585,YLR215C,ess,ess
1.2377064437326788,0.5088704269786493,0,0.8865178620693136,0.015982721382289417,0.3466080046929579,215,YGR143W,non_ess,non_ess
-0.7875297664507178,-0.4192374393344667,0,-0.7521920896569914,0.00390625,0.3589369158878505,387,YPR136C,ess,ess
-0.5560741995726153,-0.4105364280877813,2,-0.4113622328087582,0.006764374295377677,0.20189055589281069,424,YMR025W,non_ess,non_ess
-0.9032575498897693,-0.45694182140343703,0,-0.8967039489606422,0.0,0.0,277,YFL019C,non_ess,ess
0.08042860934216649,-0.21911418066070107,1,0.0248999839569802,0.012435991221653257,0.2798098024871982,287,YDL091C,non_ess,non_ess
1.5270259023303068,0.39285694368950974,7,4.995562616231613,0.006143943826799297,0.14751909880640132,969,YFR019W,non_ess,non_ess
1.5848897940498323,0.5378737978009341,4,0.4720687561418621,0.023130715438407747,0.3188053663420993,306,YBR069C,non_ess,non_ess
-0.2088908492554616,-0.2075128323317872,1,-0.13324506962059998,0.010058675607711651,0.3178421028855952,383,YGL213C,non_ess,non_ess
-0.5560741995726153,-0.3757323831010394,4,-0.3968201589165669,0.006644518272425249,0.1527891322119984,444,YPL079W,non_ess,non_ess
-0.2667547409749872,-0.3583303606076685,0,-0.1468782638945293,0.00933786078098472,0.4739671760045274,188,YML062C,non_ess,non_ess
-0.32461863269451285,-0.2655195739763569,1,-0.9321502540728585,0.03184713375796178,0.5523927625274787,50,YCR001W,non_ess,non_ess
0.6012036348178971,0.3145478424693406,3,0.6220338931550846,0.012845849802371542,0.35154385003717764,435,YDR452W,non_ess,non_ess
-0.035299174096884746,-0.04799429280922033,4,0.5838609491880825,0.0075681130171543895,0.1854018000570153,251,YOL025W,non_ess,non_ess
-0.4403464161335641,-0.2162138435784726,6,-0.5531474532576232,0.010943912448700409,0.4316279069767442,215,YHR127W,non_ess,non_ess
2.6264398450012933,0.9468213263951508,6,2.716092533630629,0.014094269870609981,0.4626150454405422,663,YJR137C,non_ess,non_ess
-0.8453936581702434,-0.4424401359922946,0,-0.4331753436470451,0.0011587485515643105,0.025560322779326256,331,YGR132C,non_ess,ess
4.53594827174564,1.2368550346179994,5,3.9512599348486255,0.016528925619834708,0.487810387996762,301,YGR032W,non_ess,non_ess
1.1798425520131532,0.5349734607187057,1,1.2655206628845488,0.013177159590043924,0.3966779421416671,274,YGL141W,non_ess,non_ess
-0.5560741995726153,-0.14080507944053192,5,-0.3104765951816812,0.006012024048096192,0.12520693561035115,97,YPL055C,non_ess,non_ess
-0.32461863269451285,-0.36123069768989696,0,1.6063505197327819,0.0032185387833923397,0.12504779206079367,832,YGL207W,ess,ess
-0.7296658747311922,-0.38733373142995337,3,-0.5422408978384797,0.004037685060565276,0.3538608407148893,513,YCL076W,non_ess,non_ess
-0.8453936581702434,-0.4511411472389801,0,0.7883588632970224,0.00045310376076121433,0.01565267537175104,2175,YKL078W,ess,ess
-0.09316306581641036,0.4508636853340795,3,-0.9157904209441432,0.042168674698795185,2.1750779341140785,105,YDR102C,non_ess,non_ess
-0.4982103078530897,-0.2539182256474429,1,-0.3677360111321844,0.007486631016042781,0.287278356318604,369,YJL117W,non_ess,non_ess
0.311884176220269,0.2507404266603139,1,-0.3486495391486833,0.021966527196652718,0.4921650668635655,127,YCR069W,non_ess,non_ess
-0.8453936581702434,-0.4482408101567516,4,-0.8530777272840684,0.002493765586034913,0.13206345837533826,191,YHR191C,non_ess,non_ess
1.35343422717173,0.4711660449096789,2,1.3745862170759835,0.01367461430575035,0.416027681944288,448,YDR421W,non_ess,non_ess
-0.3824825244140385,-0.2829215964697278,0,0.22394462035634835,0.005674653215636823,0.14476717923622745,1105,YKL045W,ess,ess
0.311884176220269,0.11442458379557495,3,0.12033234387448548,0.014266304347826088,0.4925629290617848,165,YHR113W,non_ess,non_ess
-0.5560741995726153,-0.3322273268676121,0,-0.3268364283103964,0.0061224489795918356,0.11313816261328813,633,YOR340C,ess,ess
-0.6718019830116665,-0.4395397989100661,15,-1.0194026974260062,0.01834862385321101,0.2916319154851265,74,YER039C-A,non_ess,non_ess
-0.4403464161335641,-0.33802800103206904,0,1.4318456330264866,0.00274442538593482,0.07579533318230362,764,YEL032W,ess,ess
-0.6139380912921409,-0.4076360910055528,1,-0.558600730967195,0.006896551724137931,0.124539671911617,442,YGL250W,non_ess,non_ess
0.1961563927812177,-0.29162260771641324,6,2.4625151201355435,0.004692516670782909,0.14218325512472216,1563,YLR384C,non_ess,non_ess
0.1382925010616921,-0.06829665238481973,4,-0.23413070724767696,0.0166358595194085,0.3372542429843724,214,YJR094C,non_ess,non_ess
-0.2667547409749872,-0.3206259785386981,4,-0.6622130074490578,0.01800327332242226,0.5751227495908346,136,YMR264W,non_ess,non_ess
0.4854758513788458,0.2420394154136284,3,0.3820896739339285,0.013636363636363636,0.3449564134495641,121,YJL186W,non_ess,non_ess
-0.6139380912921409,-0.2539182256474429,1,-0.28321020663382257,0.004863813229571985,0.18210295220076392,393,YHR106W,non_ess,non_ess
-0.2667547409749872,-0.13210406819384646,7,-0.10325204221795546,0.00897226753670473,0.19711381603714392,371,YJR125C,non_ess,non_ess
-0.8453936581702434,-0.4540414843212086,0,-0.7876383947692076,0.0021141649048625802,0.04854579738300669,346,YEL034W,ess,ess
1.0062508768545764,1.0454327871909193,5,-0.8530777272840684,0.08229426433915213,3.216253483937217,77,YDR157W,non_ess,non_ess
0.022564717622640867,-0.12920373111161798,4,-0.2232241518285336,0.014625228519195612,0.7105843787429869,773,YLR420W,non_ess,non_ess
-0.7875297664507178,-0.3989350797588673,0,-0.3595560945678268,0.00211864406779661,0.04808860024288505,677,YOR312C,non_ess,ess
-0.6139380912921409,0.2594414379069993,0,-0.8448978107197108,0.012195121951219513,0.23668752394330225,347,YGR265W,ess,non_ess
0.4276119596593202,-0.06539631530259125,0,1.0037633328251059,0.009410801963993451,0.1938408864307617,719,YNL238W,non_ess,non_ess
-0.4982103078530897,-0.34382867519652605,0,2.677919589663627,0.0016332244517032195,0.046334353965443394,1021,YNL088W,ess,ess
1.4112981188912557,0.21013570750911506,0,2.1925778735117434,0.010660980810234541,0.38310303768725945,418,YDR293C,non_ess,non_ess
-0.5560741995726153,-0.018990921986935458,0,-0.7903650336239935,0.01276595744680851,0.3110051357300073,281,YPL200W,non_ess,non_ess
2.105664819525563,0.8743128993394386,4,1.7508623790364328,0.015921616656460504,0.27503369481975626,335,YMR196W,non_ess,non_ess
-0.2088908492554616,-0.2829215964697278,4,-0.7876383947692076,0.02536997885835095,0.7375661274430084,186,YOR044W,non_ess,non_ess
0.9483869851350506,0.2333384041669429,1,0.5920408657524402,0.01607232546459066,0.3326117973357987,528,YDR508C,non_ess,non_ess
-0.2667547409749872,-0.29162260771641324,1,0.5811343103332967,0.0055583628094997475,0.1121093515814356,412,YER173W,non_ess,non_ess
-0.8453936581702434,-0.4453404730745231,1,-0.6622130074490578,0.0016366612111292965,0.05611268164459654,611,YGR160W,non_ess,ess
1.064114768574102,0.3522522245383109,4,-0.00781968230045018,0.025544703230653644,0.4642648444301337,173,YER152C,non_ess,non_ess
-0.8453936581702434,-0.4540414843212086,0,-0.294116762052966,0.000984251968503937,0.02704642388451444,899,YPR056W,ess,ess
-0.32461863269451285,-0.2597188998118999,0,-0.2668503735051074,0.009560229445506692,0.1974263255334001,164,YMR303C,non_ess,non_ess
0.4276119596593202,-0.11470204570047556,8,0.2348511757754918,0.014392991239048813,0.491131963082195,311,YMR110C,non_ess,non_ess
-0.8453936581702434,-0.4250381134989237,1,-0.8285379775909956,0.002336448598130841,0.0624582777036048,428,YNL113W,ess,ess
0.311884176220269,-0.21911418066070107,1,0.47479539499664797,0.011278195488721804,0.4224812030075187,351,YDL063C,non_ess,non_ess
-0.6139380912921409,-0.3786327201832679,0,0.29756386943556673,0.002999400119976005,0.08088523140442334,796,YNL182C,ess,ess
0.4854758513788458,-0.07119698946704822,0,0.05216637250483885,0.01717967072297781,0.6755334858412883,332,YBR207W,non_ess,non_ess
-0.6718019830116665,-0.4192374393344667,2,-0.9376035317824302,0.012987012987012988,0.31239669421487604,85,YDR455C,non_ess,non_ess
0.08042860934216649,-0.20171215816733007,6,0.26484420317813634,0.010423053341508276,0.3522058621667871,150,YBR222C,non_ess,non_ess
-0.6718019830116665,-0.3322273268676121,2,-0.9076105043797856,0.011730205278592377,0.3406084030433666,114,YGL217C,non_ess,non_ess
-0.2667547409749872,-0.2858219335519563,1,0.4802486727062197,0.005888650963597432,0.10280081097088706,280,YNR006W,non_ess,non_ess
-0.5560741995726153,-0.4105364280877813,3,-0.4140888716635441,0.006787330316742082,0.19343891402714933,179,YDR184C,non_ess,non_ess
-0.6139380912921409,-0.4250381134989237,0,-0.6876616367603926,0.008576329331046312,0.3212692967409949,241,YDL064W,ess,non_ess
-0.6139380912921409,-0.3467290122787545,0,0.8210785295544528,0.002229157378510923,0.051982549549150006,706,YDR499W,ess,ess
-0.4403464161335641,-0.123403056947161,0,-0.9048838655249998,0.02325581395348837,0.5351421188630491,290,YPL205C,non_ess,non_ess
-0.9032575498897693,-0.45694182140343703,0,-0.8857973935414988,0.0,0.0,365,YHL015W,ess,ess
0.7747953099764741,0.674189640665673,2,-0.37864256655132783,0.0314192849404117,0.6847521313417816,142,YNL072W,non_ess,non_ess
-0.3824825244140385,-0.013190247822478482,11,-0.839444533010139,0.021634615384615384,0.6240234375,185,YGL054C,non_ess,non_ess
0.7747953099764741,-0.08569867487819066,0,1.303693606851551,0.010454217736121124,0.44228677316940507,966,YDL220C,ess,non_ess
-0.035299174096884746,-0.23071552898961506,7,-0.3950023996800429,0.016574585635359115,0.4525897790055248,154,YPR061C,non_ess,non_ess
0.8905230934155252,0.1492286287823168,7,0.3548232853860699,0.017919075144508672,0.6123106753493818,305,YJL172W,non_ess,non_ess
-0.8453936581702434,-0.4540414843212086,1,-0.9157904209441432,0.0030120481927710845,0.1840519974635384,111,YBL094C,non_ess,non_ess
1.7006175774888836,1.2252536862890857,4,0.057619650214410574,0.03207412687099073,0.6771073056418376,224,YOR229W,non_ess,non_ess
-0.2088908492554616,-0.1959114840028732,6,-0.193231124425889,0.010647737355811893,0.3746624705559421,235,YBR204C,non_ess,non_ess
1.816345360927935,1.0135290792864058,2,1.0692026653399664,0.018680445151033388,0.4743899046104929,173,YML029W,non_ess,non_ess
-0.32461863269451285,-0.22491485482515805,6,-0.2068643186998184,0.008992805755395683,0.18010115068707974,327,YGL159W,non_ess,non_ess
2.394984278123191,2.681222901567786,8,-0.8803441158319271,0.15363881401617252,3.4512312120243047,31,YDR274C,non_ess,non_ess
1.5270259023303068,0.28264413456482723,14,-0.3268364283103964,0.042857142857142864,0.5969908814589665,106,YML004C,non_ess,non_ess
0.4854758513788458,0.6277842473500173,10,-0.1386983473301717,0.020219039595619208,0.4604426744275101,338,YLR453C,non_ess,non_ess
1.0062508768545764,2.817538744432525,7,-0.8585310049936401,0.08354430379746837,2.06403574087863,50,YPL185W,non_ess,non_ess
-0.09316306581641036,0.18983334793351564,0,0.3929962293530721,0.007900677200902935,0.32121190744921,712,YMR213W,ess,non_ess
-0.32461863269451285,-0.2423168773185289,3,0.5511412829306521,0.00513874614594039,0.12726660776641846,347,YLR098C,non_ess,non_ess
-0.3824825244140385,-0.2133135064962441,1,-0.2613970957955357,0.008555133079847909,0.22123465161899689,185,YDR279W,non_ess,non_ess
-0.6139380912921409,-0.4337391247456092,4,0.2784773974520657,0.003037667071688943,0.12056016341768365,1066,YOR241W,non_ess,non_ess
-0.6718019830116665,-0.34382867519652605,8,-0.7385588953830621,0.007590132827324478,0.2029280634362321,242,YGL222C,non_ess,non_ess
-0.7296658747311922,-0.42793845058115215,0,0.10942578845534202,0.002054794520547945,0.04097556460570159,451,YGR211W,ess,ess
0.2540202845007433,-0.06539631530259125,10,0.6956531422343029,0.009501187648456056,0.2673241763916142,272,YLR266C,non_ess,non_ess
-0.2088908492554616,-0.3148253043742412,3,-0.7576453673665631,0.023715415019762844,0.663049325256683,184,YPL108W,non_ess,non_ess
-0.3824825244140385,-0.12630339402938948,3,-0.9594166426207172,0.03169014084507042,0.8156338028169015,124,YJL166W,non_ess,non_ess
-0.7875297664507178,-0.42793845058115215,0,-0.3895491219704713,0.0021953896816684962,0.10961039787460826,650,YDR288W,ess,ess
0.311884176220269,-0.04219361864476336,0,-0.2014110409902466,0.018783542039356005,0.3853055024366172,483,YNR041C,non_ess,non_ess
-0.15102695753593598,-0.236516203154072,0,-0.5722339252411243,0.01830985915492957,0.4082746478873239,133,YKL033W-A,non_ess,non_ess
-0.2088908492554616,-0.27132024814081385,8,-0.05417254283180989,0.009375,0.16612654320987652,290,YMR068W,non_ess,non_ess
-0.4403464161335641,-0.2887222706341848,3,-0.7894561540057315,0.016985138004246284,0.3015073253689092,108,YCL012C,non_ess,non_ess
-0.9032575498897693,-0.45694182140343703,0,-0.9594166426207172,0.0,0.0,284,YER048W-A,ess,ess
1.0062508768545764,0.5030697528141923,0,0.2457577311946353,0.020496894409937887,0.4836833284038252,485,YDR403W,non_ess,non_ess
-0.8453936581702434,-0.4250381134989237,2,-0.6758462017229871,0.0016778523489932886,0.03917514613552717,255,YNL158W,ess,non_ess
-0.7875297664507178,-0.4366394618278376,0,0.03853317823090953,0.0014471780028943561,0.022591599789501367,731,YOR272W,ess,ess
0.7747953099764741,0.3957572807717382,0,0.1884983152441321,0.01874595992243051,0.5256261551207698,313,YOR378W,non_ess,non_ess
-0.7296658747311922,-0.4047357539233243,0,1.3091468845611227,0.001079136690647482,0.02527268507774425,570,YDR069C,non_ess,ess
-0.4982103078530897,-0.2858219335519563,1,0.1257856215840572,0.004736129905277402,0.1630376840119736,865,YNL124W,ess,ess
